# cls	kind	count	value
cls_0x401000	sum	1	fields=4 methods=0 lines=15
cls_0x405aa0	sum	1	fields=3 methods=0 lines=43
cls_0x405aa0	num	1	0xffffff00
cls_0x405aa0	num	1	40
cls_0x405aa0	num	1	72
cls_0x405aa0	num	1	76
cls_0x405d40	sum	1	fields=4 methods=0 lines=66
cls_0x405d40	num	1	0xffffff00
cls_0x405d40	num	1	40
cls_0x405d40	num	1	44
cls_0x405d40	num	1	60
cls_0x406000	sum	1	fields=2 methods=0 lines=40
cls_0x406000	num	1	00406000
cls_0x406000	num	1	40
cls_0x406000	num	1	44
cls_0x406070	sum	1	fields=2 methods=0 lines=37
cls_0x406070	num	1	00406070
cls_0x406070	num	1	40
cls_0x406070	num	1	44
cls_0x40b770	sum	1	fields=3 methods=2 lines=95
cls_0x40b770	num	2	0x50
cls_0x40b770	num	1	0x14
cls_0x40b770	num	1	0x17
cls_0x40b770	num	1	0x48
cls_0x40b770	num	1	52
cls_0x40b770	num	1	68
cls_0x40b770	num	1	72
cls_0x40b770	num	1	76
cls_0x40b770	meth	1	meth_0x40b770:d(d):35
cls_0x40b770	meth	1	meth_0x40b830:v(d):46
cls_0x40b7e0	sum	1	fields=3 methods=0 lines=14
cls_0x40b7e0	num	1	52
cls_0x40b7e0	num	1	68
cls_0x40b7e0	num	1	72
cls_0x40b7e0	num	1	76
cls_0x40c300	sum	1	fields=1 methods=0 lines=12
cls_0x40c300	num	1	76
cls_0x40c300	num	1	80
cls_0x40c310	sum	1	fields=3 methods=1 lines=49
cls_0x40c310	num	1	0x26
cls_0x40c310	num	1	76
cls_0x40c310	num	1	92
cls_0x40c310	num	1	96
cls_0x40c310	meth	1	meth_0x40c310:d(d):35
cls_0x40c380	sum	1	fields=3 methods=0 lines=14
cls_0x40c380	num	1	76
cls_0x40c380	num	1	92
cls_0x40c380	num	1	96
cls_0x40c3d0	sum	1	fields=3 methods=0 lines=14
cls_0x40c3d0	num	1	76
cls_0x40c3d0	num	1	92
cls_0x40c3d0	num	1	96
cls_0x40c420	sum	1	fields=3 methods=0 lines=14
cls_0x40c420	num	1	76
cls_0x40c420	num	1	92
cls_0x40c420	num	1	96
cls_0x40c4d0	sum	1	fields=3 methods=0 lines=14
cls_0x40c4d0	num	1	76
cls_0x40c4d0	num	1	92
cls_0x40c4d0	num	1	96
cls_0x40c6d0	sum	1	fields=3 methods=1 lines=51
cls_0x40c6d0	num	3	0x90
cls_0x40c6d0	num	1	0x60
cls_0x40c6d0	num	1	0x7789fe3e
cls_0x40c6d0	num	1	76
cls_0x40c6d0	num	1	92
cls_0x40c6d0	num	1	96
cls_0x40c6d0	meth	1	meth_0x40c6d0:d():37
cls_0x40c750	sum	1	fields=4 methods=1 lines=56
cls_0x40c750	num	3	0x90
cls_0x40c750	num	1	0x60
cls_0x40c750	num	1	0x7789fe3e
cls_0x40c750	num	1	76
cls_0x40c750	num	1	92
cls_0x40c750	num	1	96
cls_0x40c750	meth	1	meth_0x40c750:v():41
cls_0x40cc10	sum	1	fields=1 methods=0 lines=12
cls_0x40e110	sum	1	fields=2 methods=1 lines=87
cls_0x40e110	num	4	0x2c
cls_0x40e110	num	2	0x15
cls_0x40e110	num	2	0x2e
cls_0x40e110	num	2	0x30
cls_0x40e110	num	2	0x32
cls_0x40e110	num	2	0x36
cls_0x40e110	num	2	0x4c
cls_0x40e110	num	2	0x54
cls_0x40e110	num	1	0x18
cls_0x40e110	num	1	0x3c
cls_0x40e110	num	1	60
cls_0x40e110	meth	1	meth_0x40e110:v(p,d):74
cls_0x40eb00	sum	1	fields=8 methods=0 lines=19
cls_0x40eb00	num	1	104
cls_0x40eb00	num	1	156
cls_0x40eb00	num	1	236
cls_0x40eb00	num	1	240
cls_0x40eb00	num	1	60
cls_0x40eb00	num	1	88
cls_0x40ef10	sum	1	fields=1 methods=0 lines=12
cls_0x40ef10	num	1	84
cls_0x40ef10	num	1	88
cls_0x40ef40	sum	1	fields=1 methods=0 lines=12
cls_0x40ef40	num	1	84
cls_0x40ef40	num	1	88
cls_0x40f240	sum	1	fields=1 methods=0 lines=12
cls_0x40f240	num	1	84
cls_0x40f240	num	1	88
cls_0x410e10	sum	1	fields=3 methods=0 lines=55
cls_0x410e10	num	1	104
cls_0x410e10	num	1	108
cls_0x410e10	num	1	84
cls_0x411890	sum	1	fields=3 methods=1 lines=40
cls_0x411890	num	1	00411890
cls_0x411890	num	1	0x38
cls_0x411890	num	1	84
cls_0x411890	num	1	88
cls_0x411890	meth	1	meth_0x411890:v():26
cls_0x4119a0	sum	1	fields=3 methods=1 lines=40
cls_0x4119a0	num	1	0x38
cls_0x4119a0	num	1	84
cls_0x4119a0	num	1	88
cls_0x4119a0	meth	1	meth_0x4119a0:d():26
cls_0x411a00	sum	1	fields=1 methods=0 lines=12
cls_0x411a00	num	1	88
cls_0x411a00	num	1	92
cls_0x411a20	sum	1	fields=1 methods=0 lines=12
cls_0x411a20	num	1	92
cls_0x411a20	num	1	96
cls_0x411a30	sum	1	fields=5 methods=0 lines=16
cls_0x411a30	num	1	20
cls_0x411a30	num	1	24
cls_0x411a30	num	1	28
cls_0x411b00	sum	1	fields=4 methods=0 lines=15
cls_0x411b00	num	1	28
cls_0x411b00	num	1	36
cls_0x411b00	num	1	40
cls_0x411e40	sum	1	fields=3 methods=1 lines=33
cls_0x411e40	num	1	0x38
cls_0x411e40	num	1	84
cls_0x411e40	num	1	88
cls_0x411e40	meth	1	meth_0x411e40:d():19
cls_0x411e90	sum	1	fields=1 methods=0 lines=23
cls_0x411eb0	sum	1	fields=1 methods=20 lines=2483
cls_0x411eb0	str	46	d__revenant_3DScene_cpp
cls_0x411eb0	api	5	_param_1
cls_0x411eb0	api	3	SQRT
cls_0x411eb0	api	2	_param_2
cls_0x411eb0	num	27	0x1e0
cls_0x411eb0	num	27	0x280
cls_0x411eb0	num	25	0x15
cls_0x411eb0	num	22	0x14
cls_0x411eb0	num	18	0xf81f
cls_0x411eb0	num	17	0xa0
cls_0x411eb0	num	14	0x3f800000
cls_0x411eb0	num	12	0x16
cls_0x411eb0	num	9	0x13
cls_0x411eb0	num	9	0x24
cls_0x411eb0	num	9	0xfe
cls_0x411eb0	num	7	0x54
cls_0x411eb0	num	6	0x1a
cls_0x411eb0	num	6	0x1c
cls_0x411eb0	num	6	0x60
cls_0x411eb0	num	6	0x8c
cls_0x411eb0	num	5	0x2c
cls_0x411eb0	num	5	0x30
cls_0x411eb0	num	5	0x38
cls_0x411eb0	num	4	0x17
cls_0x411eb0	num	4	0x28
cls_0x411eb0	num	4	0x98
cls_0x411eb0	num	4	0x9c
cls_0x411eb0	num	4	9999
cls_0x411eb0	num	3	0x178
cls_0x411eb0	num	3	0x18
cls_0x411eb0	num	3	0x19
cls_0x411eb0	num	3	0x1f
cls_0x411eb0	num	3	0x34
cls_0x411eb0	num	3	0x461c3c00
cls_0x411eb0	num	3	0xc61c3c00
cls_0x411eb0	num	2	0x11
cls_0x411eb0	num	2	0x12
cls_0x411eb0	num	2	0x1b
cls_0x411eb0	num	2	0x1d
cls_0x411eb0	num	2	0x44
cls_0x411eb0	num	2	0x50
cls_0x411eb0	num	2	0x5e88c8
cls_0x411eb0	num	2	0x6c
cls_0x411eb0	num	2	0xffffff00
cls_0x411eb0	num	2	43
cls_0x411eb0	num	1	00412150
cls_0x411eb0	num	1	00412490
cls_0x411eb0	num	1	00414550
cls_0x411eb0	num	1	00415790
cls_0x411eb0	num	1	00415920
cls_0x411eb0	num	1	00416150
cls_0x411eb0	num	1	00417060
cls_0x411eb0	num	1	0x134
cls_0x411eb0	num	1	0x1b1
cls_0x411eb0	num	1	0x1b2
cls_0x411eb0	num	1	0x1be
cls_0x411eb0	num	1	0x1bf
cls_0x411eb0	num	1	0x1c0
cls_0x411eb0	num	1	0x1c1
cls_0x411eb0	num	1	0x1c4
cls_0x411eb0	num	1	0x1fa
cls_0x411eb0	num	1	0x200
cls_0x411eb0	num	1	0x22
cls_0x411eb0	num	1	0x23
cls_0x411eb0	num	1	0x25
cls_0x411eb0	num	1	0x26
cls_0x411eb0	num	1	0x32
cls_0x411eb0	num	1	0x3c
cls_0x411eb0	num	1	0x3ca
cls_0x411eb0	num	1	0x3cb
cls_0x411eb0	num	1	0x3cc
cls_0x411eb0	num	1	0x3d8f5c29
cls_0x411eb0	num	1	0x3dcccccd
cls_0x411eb0	num	1	0x3e4ccccd
cls_0x411eb0	num	1	0x3ec
cls_0x411eb0	num	1	0x3ed
cls_0x411eb0	num	1	0x3ee
cls_0x411eb0	num	1	0x3ef
cls_0x411eb0	num	1	0x3f0
cls_0x411eb0	num	1	0x3f1
cls_0x411eb0	num	1	0x3f4ccccd
cls_0x411eb0	num	1	0x3fc
cls_0x411eb0	num	1	0x3fd
cls_0x411eb0	num	1	0x3fe
cls_0x411eb0	num	1	0x400
cls_0x411eb0	num	1	0x40e
cls_0x411eb0	num	1	0x411efa
cls_0x411eb0	num	1	0x411f0c
cls_0x411eb0	num	1	0x411f20
cls_0x411eb0	num	1	0x411f37
cls_0x411eb0	num	1	0x42a
cls_0x411eb0	num	1	0x43480000
cls_0x411eb0	num	1	0x43fa0000
cls_0x411eb0	num	1	0x461c4000
cls_0x411eb0	num	1	0x475
cls_0x411eb0	num	1	0x476
cls_0x411eb0	num	1	0x477
cls_0x411eb0	num	1	0x478
cls_0x411eb0	num	1	0x479
cls_0x411eb0	num	1	0x48
cls_0x411eb0	num	1	0x49742400
cls_0x411eb0	num	1	0x4c
cls_0x411eb0	num	1	0x4ef
cls_0x411eb0	num	1	0x58
cls_0x411eb0	num	1	0x58f
cls_0x411eb0	num	1	0x593
cls_0x411eb0	num	1	0x597
cls_0x411eb0	num	1	0x59b
cls_0x411eb0	num	1	0x59f
cls_0x411eb0	num	1	0x5a4
cls_0x411eb0	num	1	0x5a8
cls_0x411eb0	num	1	0x5ac
cls_0x411eb0	num	1	0x5b0
cls_0x411eb0	num	1	0x5b5
cls_0x411eb0	num	1	0x5b8
cls_0x411eb0	num	1	0x5b9
cls_0x411eb0	num	1	0x5ba
cls_0x411eb0	num	1	0x5bb
cls_0x411eb0	num	1	0x5c5
cls_0x411eb0	num	1	0x78
cls_0x411eb0	num	1	0x7e1
cls_0x411eb0	num	1	0x800
cls_0x411eb0	num	1	0xbf200000
cls_0x411eb0	num	1	0xbf480000
cls_0x411eb0	num	1	0xffffffdf
cls_0x411eb0	num	1	0xffffffef
cls_0x411eb0	num	1	0xfffffffb
cls_0x411eb0	num	1	10000
cls_0x411eb0	num	1	45
cls_0x411eb0	meth	1	meth_0x411eb0:d():119
cls_0x411eb0	meth	1	meth_0x412150:d(d,d,d):47
cls_0x411eb0	meth	1	meth_0x412490:d():115
cls_0x411eb0	meth	1	meth_0x412cd0:v():59
cls_0x411eb0	meth	1	meth_0x412db0:d():682
cls_0x411eb0	meth	1	meth_0x414550:d(d,d,d,d,d,d,d,d,d,d,d,d,d,d,d,d,d):372
cls_0x411eb0	meth	1	meth_0x414d70:d(d,d,d,p,p):172
cls_0x411eb0	meth	1	meth_0x415790:d(d,d,f):86
cls_0x411eb0	meth	1	meth_0x415920:d():40
cls_0x411eb0	meth	1	meth_0x415b40:b(d,d,d,p,p):75
cls_0x411eb0	meth	1	meth_0x415c70:d(d,d,d,d,p,p):57
cls_0x411eb0	meth	1	meth_0x415db0:v(d):42
cls_0x411eb0	meth	1	meth_0x415f40:v(d,d,d,d):23
cls_0x411eb0	meth	1	meth_0x4160c0:v(d,d,d,d,p,p):31
cls_0x411eb0	meth	1	meth_0x416150:v():30
cls_0x411eb0	meth	1	meth_0x4162c0:d():17
cls_0x411eb0	meth	1	meth_0x417060:d(d):67
cls_0x411eb0	meth	1	meth_0x4178e0:d():65
cls_0x411eb0	meth	1	meth_0x417b00:d():73
cls_0x411eb0	meth	1	meth_0x417d60:d(d):299
cls_0x412330	sum	1	fields=1 methods=1 lines=89
cls_0x412330	str	1	d__revenant_3DScene_cpp
cls_0x412330	num	2	0x15
cls_0x412330	num	1	00412330
cls_0x412330	num	1	0x18
cls_0x412330	num	1	0x21d
cls_0x412330	num	1	0x38
cls_0x412330	meth	1	meth_0x412330:d():77
cls_0x412870	sum	1	fields=1 methods=1 lines=53
cls_0x412870	num	1	00412870
cls_0x412870	num	1	0x3f490fdb
cls_0x412870	num	1	0xc0060a92
cls_0x412870	meth	1	meth_0x412870:v(p):41
cls_0x414310	sum	1	fields=1 methods=2 lines=124
cls_0x414310	num	6	0x1f
cls_0x414310	num	5	0xfe
cls_0x414310	num	1	00414310
cls_0x414310	num	1	0xffffff00
cls_0x414310	meth	1	meth_0x414310:v():32
cls_0x414310	meth	1	meth_0x4143d0:v():76
cls_0x4159c0	sum	1	fields=1 methods=1 lines=31
cls_0x4159c0	num	1	0x34
cls_0x4159c0	num	1	0x58
cls_0x4159c0	meth	1	meth_0x4159c0:d(d):19
cls_0x415a00	sum	1	fields=1 methods=1 lines=30
cls_0x415a00	num	1	0x5c
cls_0x415a00	meth	1	meth_0x415a00:d(d):18
cls_0x415a40	sum	1	fields=1 methods=1 lines=35
cls_0x415a40	meth	1	meth_0x415a40:d(d):19
cls_0x415ad0	sum	1	fields=1 methods=1 lines=35
cls_0x415ad0	meth	1	meth_0x415ad0:d(d):23
cls_0x415b30	sum	1	fields=1 methods=2 lines=32
cls_0x415b30	num	1	00416420
cls_0x415b30	meth	1	meth_0x415b30:d():10
cls_0x415b30	meth	1	meth_0x416420:d():10
cls_0x415e90	sum	1	fields=1 methods=0 lines=12
cls_0x415ec0	sum	1	fields=1 methods=0 lines=12
cls_0x415fa0	sum	1	fields=1 methods=0 lines=12
cls_0x4161f0	sum	1	fields=1 methods=1 lines=28
cls_0x4161f0	meth	1	meth_0x4161f0:d():16
cls_0x416370	sum	1	fields=1 methods=0 lines=12
cls_0x4163b0	sum	1	fields=1 methods=0 lines=12
cls_0x416430	sum	1	fields=1 methods=0 lines=12
cls_0x4164c0	sum	1	fields=1 methods=2 lines=686
cls_0x4164c0	num	35	0x1f
cls_0x4164c0	num	5	10000
cls_0x4164c0	num	3	0x1828
cls_0x4164c0	num	3	0x48
cls_0x4164c0	num	3	0x4c
cls_0x4164c0	num	3	0x54
cls_0x4164c0	num	3	0x58
cls_0x4164c0	num	3	0x5c
cls_0x4164c0	num	3	0x60
cls_0x4164c0	num	2	0x18
cls_0x4164c0	num	2	0x1838
cls_0x4164c0	num	1	00416790
cls_0x4164c0	num	1	0x1000
cls_0x4164c0	num	1	0x800
cls_0x4164c0	num	1	0xffffff
cls_0x4164c0	meth	1	meth_0x4164c0:v(d):216
cls_0x4164c0	meth	1	meth_0x416790:v(d,p,p,d,p):458
cls_0x418570	sum	1	fields=0 methods=0 lines=23
cls_0x418570	num	2	24
cls_0x418570	num	1	00418570
cls_0x418580	sum	1	fields=0 methods=0 lines=23
cls_0x418580	num	2	24
cls_0x418580	num	1	00418580
cls_0x418640	sum	1	fields=2 methods=0 lines=13
cls_0x4186c0	sum	1	fields=1 methods=1 lines=22
cls_0x4186c0	meth	1	meth_0x4186c0:d():10
cls_0x4186d0	sum	1	fields=1 methods=1 lines=33
cls_0x4186d0	num	1	0x28
cls_0x4186d0	num	1	0x38
cls_0x4186d0	meth	1	meth_0x4186d0:d():21
cls_0x418780	sum	1	fields=1 methods=0 lines=36
cls_0x418780	num	1	00418780
cls_0x419dd0	sum	1	fields=1 methods=0 lines=38
cls_0x41b0b0	sum	1	fields=3 methods=1 lines=52
cls_0x41b0b0	num	1	68
cls_0x41b0b0	num	1	72
cls_0x41b0b0	num	1	76
cls_0x41b0b0	meth	1	meth_0x41b0b0:d(p):38
cls_0x41b240	sum	1	fields=30 methods=6 lines=491
cls_0x41b240	str	1	The_MASTER_S_script_file_can_not
cls_0x41b240	str	1	master_s
cls_0x41b240	str	1	s__s
cls_0x41b240	str	1	s__s__s
cls_0x41b240	num	6	0x1f
cls_0x41b240	num	6	0x3f
cls_0x41b240	num	6	0x80808081
cls_0x41b240	num	5	0x2c
cls_0x41b240	num	4	0x1c
cls_0x41b240	num	3	0x100
cls_0x41b240	num	3	0x38
cls_0x41b240	num	2	0xc7c35000
cls_0x41b240	num	2	10000
cls_0x41b240	num	2	500
cls_0x41b240	num	2	600
cls_0x41b240	num	1	0x1000
cls_0x41b240	num	1	0x10000
cls_0x41b240	num	1	0x19
cls_0x41b240	num	1	0x200
cls_0x41b240	num	1	0x2000
cls_0x41b240	num	1	0x20000
cls_0x41b240	num	1	0x3400
cls_0x41b240	num	1	0x3e9
cls_0x41b240	num	1	0x400
cls_0x41b240	num	1	0x40000
cls_0x41b240	num	1	0x401
cls_0x41b240	num	1	0x48
cls_0x41b240	num	1	0x5b
cls_0x41b240	num	1	0x7f
cls_0x41b240	num	1	0x800
cls_0x41b240	num	1	0x8000
cls_0x41b240	num	1	0x80000
cls_0x41b240	num	1	0xffffffbf
cls_0x41b240	num	1	208
cls_0x41b240	num	1	212
cls_0x41b240	num	1	216
cls_0x41b240	num	1	217
cls_0x41b240	num	1	218
cls_0x41b240	num	1	220
cls_0x41b240	num	1	224
cls_0x41b240	num	1	228
cls_0x41b240	num	1	232
cls_0x41b240	num	1	236
cls_0x41b240	num	1	240
cls_0x41b240	num	1	244
cls_0x41b240	num	1	248
cls_0x41b240	num	1	252
cls_0x41b240	num	1	260
cls_0x41b240	num	1	288
cls_0x41b240	num	1	30000
cls_0x41b240	num	1	312
cls_0x41b240	num	1	440
cls_0x41b240	num	1	444
cls_0x41b240	num	1	576
cls_0x41b240	num	1	580
cls_0x41b240	num	1	584
cls_0x41b240	num	1	592
cls_0x41b240	num	1	596
cls_0x41b240	num	1	604
cls_0x41b240	num	1	608
cls_0x41b240	num	1	68
cls_0x41b240	num	1	80
cls_0x41b240	meth	1	meth_0x41b240:v():64
cls_0x41b240	meth	1	meth_0x41b3c0:v(p):56
cls_0x41b240	meth	1	meth_0x41b550:v():36
cls_0x41b240	meth	1	meth_0x41b690:v():41
cls_0x41b240	meth	1	meth_0x41b770:v():93
cls_0x41b240	meth	1	meth_0x41ba00:v():160
cls_0x41bf00	sum	1	fields=5 methods=3 lines=281
cls_0x41bf00	str	2	area_def
cls_0x41bf00	str	1	AREA__name__expected
cls_0x41bf00	str	1	AREA__s
cls_0x41bf00	str	1	Error_loading_area
cls_0x41bf00	str	1	Syntax_error_between_area_blocks
cls_0x41bf00	str	1	Syntax_error_in_header
cls_0x41bf00	str	1	s_s__s
cls_0x41bf00	num	3	0xfffe7960
cls_0x41bf00	num	2	0x260
cls_0x41bf00	num	1	0x2000
cls_0x41bf00	num	1	0x58
cls_0x41bf00	num	1	0x65bd48
cls_0x41bf00	num	1	20
cls_0x41bf00	num	1	24
cls_0x41bf00	num	1	260
cls_0x41bf00	num	1	28
cls_0x41bf00	num	1	65
cls_0x41bf00	meth	1	meth_0x41bf00:d():41
cls_0x41bf00	meth	1	meth_0x41bfa0:v():30
cls_0x41bf00	meth	1	meth_0x41c000:d():194
cls_0x41c3a0	sum	1	fields=5 methods=0 lines=16
cls_0x41c3a0	num	1	20
cls_0x41c3a0	num	1	40
cls_0x41c3a0	num	1	44
cls_0x41c3a0	num	1	48
cls_0x41c3a0	num	1	52
cls_0x41c410	sum	1	fields=3 methods=1 lines=104
cls_0x41c410	num	9	0x44
cls_0x41c410	num	3	0x25c
cls_0x41c410	num	2	0x1c
cls_0x41c410	num	1	0x108
cls_0x41c410	num	1	0x10c
cls_0x41c410	num	1	0x110
cls_0x41c410	num	1	0x114
cls_0x41c410	num	1	0x118
cls_0x41c410	num	1	0x11c
cls_0x41c410	num	1	0x138
cls_0x41c410	num	1	0x4000
cls_0x41c410	num	1	0xfffffffd
cls_0x41c410	num	1	20
cls_0x41c410	num	1	24
cls_0x41c410	num	1	28
cls_0x41c410	meth	1	meth_0x41c410:v():86
cls_0x41c600	sum	1	fields=2 methods=1 lines=61
cls_0x41c600	num	6	0x44
cls_0x41c600	num	3	0x25c
cls_0x41c600	num	2	0x1c
cls_0x41c600	num	1	0xfffffff8
cls_0x41c600	num	1	0xfffffffd
cls_0x41c600	num	1	20
cls_0x41c600	num	1	24
cls_0x41c600	meth	1	meth_0x41c600:v():48
cls_0x41c700	sum	1	fields=4 methods=1 lines=33
cls_0x41c700	meth	1	meth_0x41c700:v():18
cls_0x41c720	sum	1	fields=4 methods=1 lines=31
cls_0x41c720	meth	1	meth_0x41c720:d(d):16
cls_0x41c750	sum	1	fields=3 methods=1 lines=31
cls_0x41c750	meth	1	meth_0x41c750:v():17
cls_0x41c780	sum	1	fields=1 methods=1 lines=24
cls_0x41c780	meth	1	meth_0x41c780:d():12
cls_0x41c7b0	sum	1	fields=2 methods=1 lines=33
cls_0x41c7b0	num	1	20
cls_0x41c7b0	num	1	24
cls_0x41c7b0	meth	1	meth_0x41c7b0:v():20
cls_0x41c7d0	sum	1	fields=31 methods=19 lines=1831
cls_0x41c7d0	str	4	EAX_environment_selection
cls_0x41c7d0	str	3	sound
cls_0x41c7d0	str	3	sound_effects
cls_0x41c7d0	str	1	EAX_damping
cls_0x41c7d0	str	1	EAX_decay_time
cls_0x41c7d0	str	1	EAX_effect_volume
cls_0x41c7d0	str	1	HARDWARE
cls_0x41c7d0	str	1	SetEAXEnvironment_goofed____the_n
cls_0x41c7d0	api	14	_strncpy
cls_0x41c7d0	api	4	_param_1
cls_0x41c7d0	api	2	_param_2
cls_0x41c7d0	num	28	0x103
cls_0x41c7d0	num	14	0x18
cls_0x41c7d0	num	8	0x14
cls_0x41c7d0	num	6	0x104
cls_0x41c7d0	num	6	0x7f
cls_0x41c7d0	num	5	0x3f000000
cls_0x41c7d0	num	5	0x3f333333
cls_0x41c7d0	num	3	0x3e800000
cls_0x41c7d0	num	3	0x3fbfdf3b
cls_0x41c7d0	num	3	28
cls_0x41c7d0	num	3	65
cls_0x41c7d0	num	2	0x1c
cls_0x41c7d0	num	2	0x2e
cls_0x41c7d0	num	2	0x3e656042
cls_0x41c7d0	num	2	0x3e99999a
cls_0x41c7d0	num	2	0x3eb8d4fe
cls_0x41c7d0	num	2	0x3f2a7efa
cls_0x41c7d0	num	2	0x3f800000
cls_0x41c7d0	num	2	0x40311687
cls_0x41c7d0	num	2	0x40333333
cls_0x41c7d0	num	2	0x40400000
cls_0x41c7d0	num	2	0x58
cls_0x41c7d0	num	2	0xfffffffb
cls_0x41c7d0	num	1	0x10000
cls_0x41c7d0	num	1	0x11
cls_0x41c7d0	num	1	0x12
cls_0x41c7d0	num	1	0x13
cls_0x41c7d0	num	1	0x15
cls_0x41c7d0	num	1	0x16
cls_0x41c7d0	num	1	0x17
cls_0x41c7d0	num	1	0x19
cls_0x41c7d0	num	1	0x1b
cls_0x41c7d0	num	1	0x21
cls_0x41c7d0	num	1	0x24
cls_0x41c7d0	num	1	0x3dc6a7f0
cls_0x41c7d0	num	1	0x3dcccccd
cls_0x41c7d0	num	1	0x3de147ae
cls_0x41c7d0	num	1	0x3de353f8
cls_0x41c7d0	num	1	0x3e0e5604
cls_0x41c7d0	num	1	0x3e1cac08
cls_0x41c7d0	num	1	0x3e29fbe7
cls_0x41c7d0	num	1	0x3e3851ec
cls_0x41c7d0	num	1	0x3e428f5c
cls_0x41c7d0	num	1	0x3e54fdf4
cls_0x41c7d0	num	1	0x3e849ba6
cls_0x41c7d0	num	1	0x3ea9fbe7
cls_0x41c7d0	num	1	0x3ecccccd
cls_0x41c7d0	num	1	0x3ece5604
cls_0x41c7d0	num	1	0x3ed58106
cls_0x41c7d0	num	1	0x3ee353f8
cls_0x41c7d0	num	1	0x3ef33333
cls_0x41c7d0	num	1	0x3ef4bc6a
cls_0x41c7d0	num	1	0x3ef8d4fe
cls_0x41c7d0	num	1	0x3f2353f8
cls_0x41c7d0	num	1	0x3f26e979
cls_0x41c7d0	num	1	0x3f272b02
cls_0x41c7d0	num	1	0x3f4e5604
cls_0x41c7d0	num	1	0x3f600000
cls_0x41c7d0	num	1	0x3f6353f8
cls_0x41c7d0	num	1	0x3fb1a9fc
cls_0x41c7d0	num	1	0x3fbf1aa0
cls_0x41c7d0	num	1	0x3fc00000
cls_0x41c7d0	num	1	0x3fffffff
cls_0x41c7d0	num	1	0x40000000
cls_0x41c7d0	num	1	0x4013c6a8
cls_0x41c7d0	num	1	0x40200000
cls_0x41c7d0	num	1	0x402c9ba6
cls_0x41c7d0	num	1	0x4038b439
cls_0x41c7d0	num	1	0x407d8106
cls_0x41c7d0	num	1	0x4088ed91
cls_0x41c7d0	num	1	0x40e91687
cls_0x41c7d0	num	1	0x40f20419
cls_0x41c7d0	num	1	0x410645a2
cls_0x41c7d0	num	1	0x4189df3b
cls_0x41c7d0	num	1	0x5622
cls_0x41c7d0	num	1	0x6687b0
cls_0x41c7d0	num	1	0x7fffffff
cls_0x41c7d0	num	1	0xac44
cls_0x41c7d0	num	1	0xffffffef
cls_0x41c7d0	num	1	0xfffffff7
cls_0x41c7d0	num	1	120
cls_0x41c7d0	num	1	1239
cls_0x41c7d0	num	1	124
cls_0x41c7d0	num	1	1240
cls_0x41c7d0	num	1	1499
cls_0x41c7d0	num	1	1500
cls_0x41c7d0	num	1	1759
cls_0x41c7d0	num	1	1760
cls_0x41c7d0	num	1	184
cls_0x41c7d0	num	1	188
cls_0x41c7d0	num	1	192
cls_0x41c7d0	num	1	196
cls_0x41c7d0	num	1	200
cls_0x41c7d0	num	1	24
cls_0x41c7d0	num	1	36
cls_0x41c7d0	num	1	44
cls_0x41c7d0	num	1	459
cls_0x41c7d0	num	1	460
cls_0x41c7d0	num	1	48
cls_0x41c7d0	num	1	52
cls_0x41c7d0	num	1	528
cls_0x41c7d0	num	1	56
cls_0x41c7d0	num	1	60
cls_0x41c7d0	num	1	719
cls_0x41c7d0	num	1	720
cls_0x41c7d0	num	1	979
cls_0x41c7d0	num	1	980
cls_0x41c7d0	meth	1	meth_0x41c7d0:v(d):14
cls_0x41c7d0	meth	1	meth_0x49a650:v():139
cls_0x41c7d0	meth	1	meth_0x49a830:d():165
cls_0x41c7d0	meth	1	meth_0x49ad20:d():253
cls_0x41c7d0	meth	1	meth_0x49afd0:d():142
cls_0x41c7d0	meth	1	meth_0x49b220:d():120
cls_0x41c7d0	meth	1	meth_0x49b400:v():54
cls_0x41c7d0	meth	1	meth_0x49b650:d():168
cls_0x41c7d0	meth	1	meth_0x49b880:d():23
cls_0x41c7d0	meth	1	meth_0x49b8e0:d(d):43
cls_0x41c7d0	meth	1	meth_0x49b990:d(d,d,d):148
cls_0x41c7d0	meth	1	meth_0x49bd90:v():62
cls_0x41c7d0	meth	1	meth_0x49bef0:v():245
cls_0x41c7d0	meth	1	meth_0x49c430:d():19
cls_0x41c7d0	meth	1	meth_0x49c560:d():56
cls_0x41c7d0	meth	1	meth_0x49c640:d():32
cls_0x41c7d0	meth	1	meth_0x49c6b0:v(d,d):36
cls_0x41c7d0	meth	1	meth_0x49c760:v(d):43
cls_0x41c7d0	meth	1	meth_0x49c8f0:v():27
cls_0x41c7f0	sum	1	fields=6 methods=12 lines=631
cls_0x41c7f0	str	1	SPLLVLLOW
cls_0x41c7f0	str	1	SPLLVLNEG
cls_0x41c7f0	str	1	SPLMANA
cls_0x41c7f0	str	1	spell
cls_0x41c7f0	num	7	0x14
cls_0x41c7f0	num	4	0x24
cls_0x41c7f0	num	3	0x5c
cls_0x41c7f0	num	3	0x70
cls_0x41c7f0	num	3	0x74
cls_0x41c7f0	num	2	0x120
cls_0x41c7f0	num	2	0x2a
cls_0x41c7f0	num	2	0x50
cls_0x41c7f0	num	1	00411300
cls_0x41c7f0	num	1	00411330
cls_0x41c7f0	num	1	00461700
cls_0x41c7f0	num	1	00540750
cls_0x41c7f0	num	1	00540820
cls_0x41c7f0	num	1	00540940
cls_0x41c7f0	num	1	0x11c
cls_0x41c7f0	num	1	0x134
cls_0x41c7f0	num	1	0x138
cls_0x41c7f0	num	1	0x19
cls_0x41c7f0	num	1	0x1f
cls_0x41c7f0	num	1	0x28
cls_0x41c7f0	num	1	0x35
cls_0x41c7f0	num	1	0x3fffffff
cls_0x41c7f0	num	1	0x4c
cls_0x41c7f0	num	1	0x51eb851f
cls_0x41c7f0	num	1	0xffffffb0
cls_0x41c7f0	num	1	20
cls_0x41c7f0	num	1	24
cls_0x41c7f0	meth	1	meth_0x411300:v():18
cls_0x41c7f0	meth	1	meth_0x411330:v():54
cls_0x41c7f0	meth	1	meth_0x438f20:v():19
cls_0x41c7f0	meth	1	meth_0x461700:v():25
cls_0x41c7f0	meth	1	meth_0x4a1e90:v():18
cls_0x41c7f0	meth	1	meth_0x4acfe0:v():25
cls_0x41c7f0	meth	1	meth_0x53fe80:d(d):287
cls_0x41c7f0	meth	1	meth_0x540750:v():39
cls_0x41c7f0	meth	1	meth_0x5407d0:d():31
cls_0x41c7f0	meth	1	meth_0x540820:d():31
cls_0x41c7f0	meth	1	meth_0x5408d0:v(d):36
cls_0x41c7f0	meth	1	meth_0x540940:v():31
cls_0x41cbd0	sum	1	fields=9 methods=0 lines=39
cls_0x41cbd0	num	1	24
cls_0x41cbd0	num	1	28
cls_0x41cbd0	num	1	36
cls_0x41cbd0	num	1	40
cls_0x41cbf0	sum	1	fields=11 methods=1 lines=82
cls_0x41cbf0	num	1	0x14
cls_0x41cbf0	num	1	0x3000
cls_0x41cbf0	num	1	20
cls_0x41cbf0	num	1	24
cls_0x41cbf0	num	1	28
cls_0x41cbf0	num	1	36
cls_0x41cbf0	num	1	40
cls_0x41cbf0	num	1	44
cls_0x41cbf0	meth	1	meth_0x41cbf0:v():60
cls_0x41cd10	sum	1	fields=8 methods=1 lines=61
cls_0x41cd10	num	1	24
cls_0x41cd10	num	1	28
cls_0x41cd10	num	1	36
cls_0x41cd10	num	1	40
cls_0x41cd10	meth	1	meth_0x41cd10:v():42
cls_0x41cdc0	sum	1	fields=1 methods=1 lines=22
cls_0x41cdc0	num	1	0x3000
cls_0x41cdc0	meth	1	meth_0x41cdc0:d():10
cls_0x41cdd0	sum	1	fields=11 methods=3 lines=390
cls_0x41cdd0	num	4	0x7f
cls_0x41cdd0	num	3	0x100
cls_0x41cdd0	num	3	0x7fffffff
cls_0x41cdd0	num	2	0x2000
cls_0x41cdd0	num	2	0x800
cls_0x41cdd0	num	1	0x1000
cls_0x41cdd0	num	1	0x400
cls_0x41cdd0	num	1	0x7f7f7f7f
cls_0x41cdd0	num	1	20
cls_0x41cdd0	num	1	24
cls_0x41cdd0	num	1	28
cls_0x41cdd0	num	1	36
cls_0x41cdd0	num	1	40
cls_0x41cdd0	num	1	44
cls_0x41cdd0	meth	1	meth_0x41cdd0:d(p):173
cls_0x41cdd0	meth	1	meth_0x41d000:d():136
cls_0x41cdd0	meth	1	meth_0x41d1e0:d():59
cls_0x41d2d0	sum	1	fields=5 methods=0 lines=16
cls_0x41d2d0	num	1	20
cls_0x41d2d0	num	1	24
cls_0x41d330	sum	1	fields=5 methods=0 lines=16
cls_0x41d330	num	1	28
cls_0x41d330	num	1	40
cls_0x41d330	num	1	44
cls_0x41d600	sum	1	fields=1 methods=0 lines=12
cls_0x429950	sum	1	fields=4 methods=0 lines=32
cls_0x429950	num	1	00429950
cls_0x429970	sum	1	fields=2 methods=1 lines=28
cls_0x429970	num	1	00429970
cls_0x429970	num	1	0x50
cls_0x429970	meth	1	meth_0x429970:d():15
cls_0x429ac0	sum	1	fields=9 methods=1 lines=156
cls_0x429ac0	num	1	20
cls_0x429ac0	num	1	24
cls_0x429ac0	num	1	28
cls_0x429ac0	num	1	36
cls_0x429ac0	meth	1	meth_0x429ac0:v(p,p,d,d,d,d):136
cls_0x429f80	sum	1	fields=4 methods=0 lines=15
cls_0x429f80	num	1	20
cls_0x429f80	num	1	24
cls_0x429f80	num	1	28
cls_0x429f80	num	1	36
cls_0x429fd0	sum	1	fields=4 methods=1 lines=57
cls_0x429fd0	str	1	Error_parsing_text_data
cls_0x429fd0	num	1	0x80000000
cls_0x429fd0	num	1	0x98
cls_0x429fd0	num	1	0xffffff
cls_0x429fd0	meth	1	meth_0x429fd0:d(p,p):42
cls_0x42aa60	sum	1	fields=2 methods=2 lines=43
cls_0x42aa60	num	1	0x18
cls_0x42aa60	num	1	20
cls_0x42aa60	num	1	92
cls_0x42aa60	num	1	96
cls_0x42aa60	meth	1	meth_0x42aa60:d():16
cls_0x42aa60	meth	1	meth_0x42aa80:v():14
cls_0x42aaf0	sum	1	fields=2 methods=1 lines=59
cls_0x42aaf0	str	2	BITMAP
cls_0x42aaf0	str	2	DRAWMODE
cls_0x42aaf0	num	2	0x9c
cls_0x42aaf0	num	1	0x80000000
cls_0x42aaf0	num	1	0xa0
cls_0x42aaf0	num	1	80
cls_0x42aaf0	meth	1	meth_0x42aaf0:d(p,p):46
cls_0x42acb0	sum	1	fields=4 methods=0 lines=15
cls_0x42acb0	num	1	144
cls_0x42acb0	num	1	148
cls_0x42acb0	num	1	20
cls_0x42acf0	sum	1	fields=3 methods=0 lines=14
cls_0x42acf0	num	1	144
cls_0x42acf0	num	1	148
cls_0x42acf0	num	1	20
cls_0x42aed0	sum	1	fields=10 methods=1 lines=114
cls_0x42aed0	str	2	BITMAP
cls_0x42aed0	str	2	DRAWMODE
cls_0x42aed0	str	1	BITMAP_tag_expected
cls_0x42aed0	str	1	Error_parsing_frame_data
cls_0x42aed0	str	1	FRAME
cls_0x42aed0	num	2	0x98
cls_0x42aed0	num	2	0x9c
cls_0x42aed0	num	1	0x80000000
cls_0x42aed0	num	1	0xa0
cls_0x42aed0	num	1	20
cls_0x42aed0	num	1	24
cls_0x42aed0	num	1	28
cls_0x42aed0	num	1	36
cls_0x42aed0	num	1	40
cls_0x42aed0	num	1	44
cls_0x42aed0	num	1	80
cls_0x42aed0	meth	1	meth_0x42aed0:d(p,p):93
cls_0x42b340	sum	1	fields=20 methods=1 lines=164
cls_0x42b340	str	2	DRAWMODE
cls_0x42b340	str	1	BGBITMAP
cls_0x42b340	str	1	Bitmap_name_expected
cls_0x42b340	str	1	Error_parsing_frame_data
cls_0x42b340	str	1	FRAME
cls_0x42b340	str	1	Unable_to_find_bitmap___s__in_re
cls_0x42b340	num	2	0x13
cls_0x42b340	num	2	0x80000000
cls_0x42b340	num	2	0x98
cls_0x42b340	num	2	0x9c
cls_0x42b340	num	2	80
cls_0x42b340	num	1	0x401
cls_0x42b340	num	1	0xa0
cls_0x42b340	num	1	20
cls_0x42b340	num	1	24
cls_0x42b340	num	1	28
cls_0x42b340	num	1	36
cls_0x42b340	num	1	40
cls_0x42b340	num	1	44
cls_0x42b340	num	1	48
cls_0x42b340	num	1	52
cls_0x42b340	num	1	56
cls_0x42b340	num	1	60
cls_0x42b340	num	1	68
cls_0x42b340	num	1	69
cls_0x42b340	num	1	70
cls_0x42b340	num	1	72
cls_0x42b340	num	1	76
cls_0x42b340	meth	1	meth_0x42b340:d(p,p):133
cls_0x42bd90	sum	1	fields=30 methods=1 lines=287
cls_0x42bd90	str	4	Bitmap_name_expected
cls_0x42bd90	str	4	Unable_to_find_bitmap___s__in_re
cls_0x42bd90	str	2	DOWNLABELRECT
cls_0x42bd90	str	2	DRAWMODE
cls_0x42bd90	str	2	UPLABELRECT
cls_0x42bd90	str	1	DOWNLABEL
cls_0x42bd90	str	1	Error_parsing_frame_data
cls_0x42bd90	str	1	FRAME
cls_0x42bd90	str	1	GRAYLABEL
cls_0x42bd90	str	1	SELLABEL
cls_0x42bd90	str	1	UPLABEL
cls_0x42bd90	num	6	0x98
cls_0x42bd90	num	4	0xa0
cls_0x42bd90	num	3	0x9c
cls_0x42bd90	num	2	0x2b
cls_0x42bd90	num	1	0x80000000
cls_0x42bd90	num	1	108
cls_0x42bd90	num	1	124
cls_0x42bd90	num	1	140
cls_0x42bd90	num	1	144
cls_0x42bd90	num	1	148
cls_0x42bd90	num	1	152
cls_0x42bd90	num	1	156
cls_0x42bd90	num	1	160
cls_0x42bd90	num	1	164
cls_0x42bd90	num	1	168
cls_0x42bd90	num	1	172
cls_0x42bd90	num	1	20
cls_0x42bd90	num	1	28
cls_0x42bd90	num	1	36
cls_0x42bd90	num	1	40
cls_0x42bd90	num	1	44
cls_0x42bd90	num	1	48
cls_0x42bd90	num	1	52
cls_0x42bd90	num	1	56
cls_0x42bd90	num	1	60
cls_0x42bd90	num	1	68
cls_0x42bd90	num	1	72
cls_0x42bd90	num	1	76
cls_0x42bd90	num	1	80
cls_0x42bd90	num	1	92
cls_0x42bd90	meth	1	meth_0x42bd90:d(p,p):246
cls_0x42d250	sum	1	fields=2 methods=0 lines=13
cls_0x42d250	num	1	116
cls_0x42d250	num	1	120
cls_0x42d730	sum	1	fields=32 methods=1 lines=314
cls_0x42d730	str	4	DRAWMODE
cls_0x42d730	str	3	THUMB
cls_0x42d730	str	2	FRAME
cls_0x42d730	str	1	BGBITMAP
cls_0x42d730	str	1	Bitmap_name_expected
cls_0x42d730	str	1	Error_parsing_frame_data
cls_0x42d730	str	1	Unable_to_find_bitmap___s__in_re
cls_0x42d730	api	12	_strncpy
cls_0x42d730	api	2	RELB
cls_0x42d730	api	2	RELR
cls_0x42d730	api	1	RELBR
cls_0x42d730	num	18	0x4f
cls_0x42d730	num	7	0x80000000
cls_0x42d730	num	7	0x9c
cls_0x42d730	num	7	0xa0
cls_0x42d730	num	3	0x14
cls_0x42d730	num	3	0xfffdffff
cls_0x42d730	num	2	0x21
cls_0x42d730	num	2	0x98
cls_0x42d730	num	2	80
cls_0x42d730	num	1	0x0042d82f
cls_0x42d730	num	1	0x0042d838
cls_0x42d730	num	1	0x0042d83a
cls_0x42d730	num	1	104
cls_0x42d730	num	1	108
cls_0x42d730	num	1	112
cls_0x42d730	num	1	116
cls_0x42d730	num	1	120
cls_0x42d730	num	1	124
cls_0x42d730	num	1	132
cls_0x42d730	num	1	20
cls_0x42d730	num	1	24
cls_0x42d730	num	1	28
cls_0x42d730	num	1	36
cls_0x42d730	num	1	40
cls_0x42d730	num	1	44
cls_0x42d730	num	1	48
cls_0x42d730	num	1	52
cls_0x42d730	num	1	56
cls_0x42d730	num	1	60
cls_0x42d730	num	1	68
cls_0x42d730	num	1	70
cls_0x42d730	num	1	72
cls_0x42d730	num	1	76
cls_0x42d730	num	1	84
cls_0x42d730	num	1	88
cls_0x42d730	num	1	92
cls_0x42d730	num	1	96
cls_0x42d730	meth	1	meth_0x42d730:d(p,p):265
cls_0x42e5b0	sum	1	fields=6 methods=1 lines=35
cls_0x42e5b0	num	1	0x44
cls_0x42e5b0	num	1	20
cls_0x42e5b0	num	1	268
cls_0x42e5b0	num	1	344
cls_0x42e5b0	num	1	348
cls_0x42e5b0	num	1	352
cls_0x42e5b0	meth	1	meth_0x42e5b0:v():18
cls_0x42f9f0	sum	1	fields=34 methods=1 lines=199
cls_0x42f9f0	str	2	FRAME
cls_0x42f9f0	str	2	SCROLLBAR
cls_0x42f9f0	str	2	SELCOLOR
cls_0x42f9f0	str	1	BGBITMAP
cls_0x42f9f0	str	1	Bitmap_name_expected
cls_0x42f9f0	str	1	DRAWMODE
cls_0x42f9f0	str	1	Error_parsing_frame_data
cls_0x42f9f0	str	1	Unable_to_find_bitmap___s__in_re
cls_0x42f9f0	num	6	0x9c
cls_0x42f9f0	num	3	0x98
cls_0x42f9f0	num	2	0x14
cls_0x42f9f0	num	2	0x3e
cls_0x42f9f0	num	2	0x80000000
cls_0x42f9f0	num	1	0x0042fb3f
cls_0x42f9f0	num	1	0x0042fb48
cls_0x42f9f0	num	1	0x0042fb4a
cls_0x42f9f0	num	1	0xa0
cls_0x42f9f0	num	1	0xb4
cls_0x42f9f0	num	1	0xfffffff8
cls_0x42f9f0	num	1	104
cls_0x42f9f0	num	1	108
cls_0x42f9f0	num	1	112
cls_0x42f9f0	num	1	116
cls_0x42f9f0	num	1	120
cls_0x42f9f0	num	1	160
cls_0x42f9f0	num	1	20
cls_0x42f9f0	num	1	24
cls_0x42f9f0	num	1	28
cls_0x42f9f0	num	1	36
cls_0x42f9f0	num	1	40
cls_0x42f9f0	num	1	44
cls_0x42f9f0	num	1	48
cls_0x42f9f0	num	1	52
cls_0x42f9f0	num	1	56
cls_0x42f9f0	num	1	60
cls_0x42f9f0	num	1	68
cls_0x42f9f0	num	1	72
cls_0x42f9f0	num	1	73
cls_0x42f9f0	num	1	74
cls_0x42f9f0	num	1	75
cls_0x42f9f0	num	1	76
cls_0x42f9f0	num	1	80
cls_0x42f9f0	num	1	84
cls_0x42f9f0	num	1	85
cls_0x42f9f0	num	1	86
cls_0x42f9f0	num	1	88
cls_0x42f9f0	num	1	92
cls_0x42f9f0	num	1	96
cls_0x42f9f0	meth	1	meth_0x42f9f0:d(p,p):148
cls_0x431750	sum	1	fields=39 methods=1 lines=258
cls_0x431750	api	8	_strncpy
cls_0x431750	api	1	RELR
cls_0x431750	num	12	0x4f
cls_0x431750	num	5	0xa0
cls_0x431750	num	4	0x80000000
cls_0x431750	num	4	0x9c
cls_0x431750	num	2	0x11
cls_0x431750	num	2	0x19
cls_0x431750	num	2	0x24
cls_0x431750	num	2	0x98
cls_0x431750	num	2	80
cls_0x431750	num	1	00431750
cls_0x431750	num	1	0x004318ac
cls_0x431750	num	1	0x004318b5
cls_0x431750	num	1	0x004318b7
cls_0x431750	num	1	0x14
cls_0x431750	num	1	0xfffdffff
cls_0x431750	num	1	0xffffffe8
cls_0x431750	num	1	104
cls_0x431750	num	1	108
cls_0x431750	num	1	112
cls_0x431750	num	1	116
cls_0x431750	num	1	120
cls_0x431750	num	1	124
cls_0x431750	num	1	132
cls_0x431750	num	1	136
cls_0x431750	num	1	140
cls_0x431750	num	1	144
cls_0x431750	num	1	20
cls_0x431750	num	1	24
cls_0x431750	num	1	36
cls_0x431750	num	1	40
cls_0x431750	num	1	44
cls_0x431750	num	1	48
cls_0x431750	num	1	52
cls_0x431750	num	1	54
cls_0x431750	num	1	56
cls_0x431750	num	1	58
cls_0x431750	num	1	60
cls_0x431750	num	1	68
cls_0x431750	num	1	72
cls_0x431750	num	1	76
cls_0x431750	num	1	84
cls_0x431750	num	1	88
cls_0x431750	num	1	89
cls_0x431750	num	1	90
cls_0x431750	num	1	92
cls_0x431750	num	1	93
cls_0x431750	num	1	94
cls_0x431750	num	1	96
cls_0x431750	meth	1	meth_0x431750:d(p,p):202
cls_0x4321c0	sum	1	fields=2 methods=0 lines=13
cls_0x4321c0	num	1	20
cls_0x4321c0	num	1	284
cls_0x4321c0	num	1	288
cls_0x4329f0	sum	1	fields=5 methods=0 lines=16
cls_0x4329f0	num	1	144
cls_0x4329f0	num	1	156
cls_0x4329f0	num	1	160
cls_0x4329f0	num	1	20
cls_0x433170	sum	1	fields=31 methods=1 lines=237
cls_0x433170	str	2	BGBITMAP
cls_0x433170	str	2	DROPBUTTON
cls_0x433170	str	2	FRAME
cls_0x433170	str	2	ITEMRECT
cls_0x433170	str	2	LISTBOX
cls_0x433170	str	2	LISTHEIGHT
cls_0x433170	str	2	i__i__i__i
cls_0x433170	str	1	Bitmap_name_expected
cls_0x433170	str	1	DRAWMODE
cls_0x433170	str	1	Error_parsing_frame_data
cls_0x433170	str	1	Unable_to_find_bitmap___s__in_re
cls_0x433170	api	4	_strncpy
cls_0x433170	api	1	RELR
cls_0x433170	num	6	0x4f
cls_0x433170	num	6	0x9c
cls_0x433170	num	3	0x80000000
cls_0x433170	num	3	0xa0
cls_0x433170	num	2	0x5d
cls_0x433170	num	2	0x98
cls_0x433170	num	1	00433170
cls_0x433170	num	1	0x004332a9
cls_0x433170	num	1	0x004332b2
cls_0x433170	num	1	0x004332b4
cls_0x433170	num	1	0x14
cls_0x433170	num	1	0xfffdffff
cls_0x433170	num	1	104
cls_0x433170	num	1	108
cls_0x433170	num	1	112
cls_0x433170	num	1	116
cls_0x433170	num	1	120
cls_0x433170	num	1	124
cls_0x433170	num	1	20
cls_0x433170	num	1	200
cls_0x433170	num	1	24
cls_0x433170	num	1	28
cls_0x433170	num	1	36
cls_0x433170	num	1	40
cls_0x433170	num	1	48
cls_0x433170	num	1	52
cls_0x433170	num	1	56
cls_0x433170	num	1	60
cls_0x433170	num	1	68
cls_0x433170	num	1	70
cls_0x433170	num	1	72
cls_0x433170	num	1	76
cls_0x433170	num	1	80
cls_0x433170	num	1	82
cls_0x433170	num	1	84
cls_0x433170	num	1	88
cls_0x433170	num	1	92
cls_0x433170	num	1	96
cls_0x433170	meth	1	meth_0x433170:d(p,p):189
cls_0x4339f0	sum	1	fields=11 methods=0 lines=22
cls_0x4339f0	num	1	104
cls_0x4339f0	num	1	108
cls_0x4339f0	num	1	156
cls_0x4339f0	num	1	20
cls_0x4339f0	num	1	304
cls_0x4339f0	num	1	308
cls_0x4339f0	num	1	312
cls_0x4339f0	num	1	316
cls_0x4339f0	num	1	320
cls_0x4339f0	num	1	324
cls_0x4339f0	num	1	96
cls_0x4344d0	sum	1	fields=2 methods=0 lines=13
cls_0x4344d0	num	1	20
cls_0x4344d0	num	1	280
cls_0x4344d0	num	1	284
cls_0x4348b0	sum	1	fields=5 methods=1 lines=41
cls_0x4348b0	num	2	0x1c
cls_0x4348b0	num	1	0xa8
cls_0x4348b0	num	1	0xac
cls_0x4348b0	num	1	0xfffffffd
cls_0x4348b0	num	1	148
cls_0x4348b0	num	1	188
cls_0x4348b0	num	1	196
cls_0x4348b0	num	1	20
cls_0x4348b0	num	1	200
cls_0x4348b0	meth	1	meth_0x4348b0:v():25
cls_0x4367d0	sum	1	fields=6 methods=1 lines=62
cls_0x4367d0	num	1	0x2c
cls_0x4367d0	num	1	136
cls_0x4367d0	num	1	152
cls_0x4367d0	num	1	156
cls_0x4367d0	num	1	160
cls_0x4367d0	num	1	164
cls_0x4367d0	num	1	168
cls_0x4367d0	meth	1	meth_0x4367d0:v():45
cls_0x436d70	sum	1	fields=1 methods=0 lines=12
cls_0x438ea0	sum	1	fields=3 methods=1 lines=27
cls_0x438ea0	meth	1	meth_0x438ea0:v(d,d,d):13
cls_0x438f50	sum	1	fields=7 methods=2 lines=194
cls_0x438f50	str	1	Controls
cls_0x438f50	api	2	_strncpy
cls_0x438f50	num	4	0x3f
cls_0x438f50	num	2	0x13
cls_0x438f50	num	1	0x30
cls_0x438f50	num	1	0x39
cls_0x438f50	num	1	0x41
cls_0x438f50	num	1	0x4c
cls_0x438f50	num	1	0x5a
cls_0x438f50	num	1	0x5ce187
cls_0x438f50	num	1	0x656394
cls_0x438f50	num	1	20
cls_0x438f50	num	1	24
cls_0x438f50	num	1	28
cls_0x438f50	num	1	36
cls_0x438f50	num	1	62
cls_0x438f50	num	1	66
cls_0x438f50	meth	1	meth_0x438f50:d(d):50
cls_0x438f50	meth	1	meth_0x439ba0:v():126
cls_0x439000	sum	1	fields=5 methods=4 lines=223
cls_0x439000	str	1	Controls
cls_0x439000	api	2	_strncpy
cls_0x439000	num	4	0x3f
cls_0x439000	num	2	0x13
cls_0x439000	num	2	63
cls_0x439000	num	1	00439000
cls_0x439000	num	1	00439060
cls_0x439000	num	1	00439110
cls_0x439000	num	1	0x30
cls_0x439000	num	1	0x39
cls_0x439000	num	1	0x41
cls_0x439000	num	1	0x5a
cls_0x439000	num	1	0x5ce187
cls_0x439000	num	1	0x656394
cls_0x439000	num	1	20
cls_0x439000	num	1	24
cls_0x439000	num	1	28
cls_0x439000	meth	1	meth_0x439000:v():30
cls_0x439000	meth	1	meth_0x439060:d(d):29
cls_0x439000	meth	1	meth_0x439110:v(d):25
cls_0x439000	meth	1	meth_0x439dc0:v():123
cls_0x4390a0	sum	1	fields=4 methods=1 lines=47
cls_0x4390a0	num	1	0x13
cls_0x4390a0	num	1	20
cls_0x4390a0	num	1	24
cls_0x4390a0	num	1	28
cls_0x4390a0	meth	1	meth_0x4390a0:d(d):32
cls_0x439150	sum	1	fields=6 methods=1 lines=178
cls_0x439150	num	5	0x44
cls_0x439150	num	3	0x48
cls_0x439150	num	2	0x1f
cls_0x439150	num	1	00439150
cls_0x439150	num	1	0x18
cls_0x439150	num	1	0x3c
cls_0x439150	num	1	0x90
cls_0x439150	num	1	20
cls_0x439150	num	1	24
cls_0x439150	num	1	28
cls_0x439150	num	1	36
cls_0x439150	meth	1	meth_0x439150:d(d,d):161
cls_0x439450	sum	1	fields=4 methods=0 lines=15
cls_0x439450	num	1	20
cls_0x439450	num	1	24
cls_0x439450	num	1	28
cls_0x439530	sum	1	fields=4 methods=1 lines=49
cls_0x439530	num	1	00439530
cls_0x439530	num	1	0x3c
cls_0x439530	num	1	0x48
cls_0x439530	num	1	20
cls_0x439530	num	1	24
cls_0x439530	num	1	28
cls_0x439530	meth	1	meth_0x439530:d(d):34
cls_0x4395b0	sum	1	fields=4 methods=0 lines=15
cls_0x4395b0	num	1	20
cls_0x4395b0	num	1	24
cls_0x4395b0	num	1	28
cls_0x43dd50	sum	1	fields=2 methods=0 lines=13
cls_0x43dd50	num	1	108
cls_0x43dd50	num	1	112
cls_0x43dd50	num	1	96
cls_0x43f8b0	sum	1	fields=8 methods=1 lines=75
cls_0x43f8b0	num	1	104
cls_0x43f8b0	num	1	112
cls_0x43f8b0	num	1	116
cls_0x43f8b0	num	1	120
cls_0x43f8b0	num	1	140
cls_0x43f8b0	num	1	144
cls_0x43f8b0	num	1	160
cls_0x43f8b0	num	1	164
cls_0x43f8b0	num	1	96
cls_0x43f8b0	meth	1	meth_0x43f8b0:v():56
cls_0x4405d0	sum	1	fields=8 methods=10 lines=354
cls_0x4405d0	num	9	0x2c
cls_0x4405d0	num	6	0x14
cls_0x4405d0	num	4	0xfffffbff
cls_0x4405d0	num	2	0x3fffffff
cls_0x4405d0	num	2	0x400
cls_0x4405d0	num	1	00440840
cls_0x4405d0	num	1	00440940
cls_0x4405d0	num	1	00440970
cls_0x4405d0	num	1	0x100
cls_0x4405d0	num	1	0xf4
cls_0x4405d0	num	1	1404
cls_0x4405d0	num	1	1408
cls_0x4405d0	num	1	1416
cls_0x4405d0	num	1	1420
cls_0x4405d0	num	1	1424
cls_0x4405d0	num	1	1428
cls_0x4405d0	num	1	1432
cls_0x4405d0	num	1	380
cls_0x4405d0	meth	1	meth_0x4405d0:d(d):53
cls_0x4405d0	meth	1	meth_0x4406e0:d():58
cls_0x4405d0	meth	1	meth_0x440840:d():34
cls_0x4405d0	meth	1	meth_0x440940:d():17
cls_0x4405d0	meth	1	meth_0x440970:d():15
cls_0x4405d0	meth	1	meth_0x4409a0:d():15
cls_0x4405d0	meth	1	meth_0x440b20:v():48
cls_0x4405d0	meth	1	meth_0x440c60:v():38
cls_0x4405d0	meth	1	meth_0x440d20:v():27
cls_0x4405d0	meth	1	meth_0x440d70:v():30
cls_0x4432e0	sum	1	fields=3 methods=0 lines=14
cls_0x4432e0	num	1	388
cls_0x4432e0	num	1	392
cls_0x443330	sum	1	fields=5 methods=1 lines=44
cls_0x443330	num	1	00443330
cls_0x443330	num	1	0x2c
cls_0x443330	num	1	380
cls_0x443330	num	1	384
cls_0x443330	num	1	388
cls_0x443330	num	1	392
cls_0x443330	num	1	396
cls_0x443330	meth	1	meth_0x443330:v():28
cls_0x444e00	sum	1	fields=4 methods=2 lines=35
cls_0x444e00	meth	1	meth_0x444e00:d():10
cls_0x444e00	meth	1	meth_0x444e10:d():10
cls_0x444e45	sum	1	fields=0 methods=0 lines=11
cls_0x4450f0	sum	1	fields=1 methods=0 lines=12
cls_0x445150	sum	1	fields=1 methods=0 lines=12
cls_0x445240	sum	1	fields=2 methods=1 lines=32
cls_0x445240	num	1	00445240
cls_0x445240	num	1	1404
cls_0x445240	num	1	1412
cls_0x445240	num	1	1416
cls_0x445240	meth	1	meth_0x445240:d():19
cls_0x4453b0	sum	1	fields=2 methods=0 lines=40
cls_0x4453b0	num	1	152
cls_0x4453b0	num	1	156
cls_0x4461c0	sum	1	fields=1 methods=1 lines=25
cls_0x4461c0	num	1	53
cls_0x4461c0	num	1	54
cls_0x4461c0	meth	1	meth_0x4461c0:v():13
cls_0x447200	sum	1	fields=1 methods=0 lines=12
cls_0x4483f0	sum	1	fields=0 methods=0 lines=41
cls_0x4483f0	num	2	24
cls_0x4483f0	num	1	0x1f
cls_0x4483f0	num	1	0x7c
cls_0x4485a0	sum	1	fields=4 methods=4 lines=268
cls_0x4485a0	num	4	0x1f
cls_0x4485a0	num	4	0x58
cls_0x4485a0	num	2	0x14
cls_0x4485a0	num	1	00448650
cls_0x4485a0	num	1	00448680
cls_0x4485a0	num	1	00448800
cls_0x4485a0	num	1	0x3001f
cls_0x4485a0	num	1	0x38
cls_0x4485a0	num	1	999
cls_0x4485a0	meth	1	meth_0x4485a0:v(d):38
cls_0x4485a0	meth	1	meth_0x448650:v():17
cls_0x4485a0	meth	1	meth_0x448680:v(d):104
cls_0x4485a0	meth	1	meth_0x448800:v(f):94
cls_0x4489a0	sum	1	fields=2 methods=2 lines=111
cls_0x4489a0	str	8	REVENANTClass
cls_0x4489a0	str	3	Revenant
cls_0x4489a0	str	1	Couldn_t_create_main_window
cls_0x4489a0	api	3	CreateWindowExA
cls_0x4489a0	api	3	HBRUSH
cls_0x4489a0	api	3	HMENU
cls_0x4489a0	api	3	LoadIconA
cls_0x4489a0	api	3	RegisterClassA
cls_0x4489a0	api	2	LoadCursorA
cls_0x4489a0	api	1	HCURSOR
cls_0x4489a0	api	1	WNDCLASSA
cls_0x4489a0	num	5	0x1e0
cls_0x4489a0	num	5	0x280
cls_0x4489a0	num	3	0x64
cls_0x4489a0	num	3	0x80000000
cls_0x4489a0	num	2	0x300
cls_0x4489a0	num	2	0x8b
cls_0x4489a0	num	2	0xc80000
cls_0x4489a0	num	1	0x13
cls_0x4489a0	meth	1	meth_0x4489a0:d():85
cls_0x4489a0	meth	1	meth_0x448c90:v():13
cls_0x44ceb0	sum	1	fields=18 methods=2 lines=336
cls_0x44ceb0	num	6	0x400
cls_0x44ceb0	num	3	0x100
cls_0x44ceb0	num	3	0x14
cls_0x44ceb0	num	3	0x18
cls_0x44ceb0	num	3	200
cls_0x44ceb0	num	1	0x200
cls_0x44ceb0	num	1	0x43
cls_0x44ceb0	num	1	0x5e
cls_0x44ceb0	num	1	0x7e
cls_0x44ceb0	num	1	0xb4
cls_0x44ceb0	num	1	0xc4
cls_0x44ceb0	num	1	0xf4
cls_0x44ceb0	num	1	20
cls_0x44ceb0	num	1	24
cls_0x44ceb0	num	1	28
cls_0x44ceb0	num	1	36
cls_0x44ceb0	num	1	40
cls_0x44ceb0	num	1	44
cls_0x44ceb0	num	1	48
cls_0x44ceb0	num	1	52
cls_0x44ceb0	num	1	56
cls_0x44ceb0	num	1	60
cls_0x44ceb0	num	1	68
cls_0x44ceb0	num	1	72
cls_0x44ceb0	meth	1	meth_0x44cf80:v(p,d,d,d):68
cls_0x44ceb0	meth	1	meth_0x44d080:d():190
cls_0x44ed90	sum	1	fields=4 methods=1 lines=37
cls_0x44ed90	num	2	0x18
cls_0x44ed90	num	1	0x14
cls_0x44ed90	num	1	0x32
cls_0x44ed90	num	1	120
cls_0x44ed90	num	1	124
cls_0x44ed90	meth	1	meth_0x44ed90:v():22
cls_0x450bd0	sum	1	fields=2 methods=1 lines=85
cls_0x450bd0	num	4	0x14
cls_0x450bd0	num	2	0xfffffff0
cls_0x450bd0	num	1	0x18
cls_0x450bd0	num	1	120
cls_0x450bd0	num	1	124
cls_0x450bd0	meth	1	meth_0x450bd0:v(d,d):72
cls_0x45a2e0	sum	1	fields=7 methods=1 lines=88
cls_0x45a2e0	num	1	0x14e
cls_0x45a2e0	num	1	0x44
cls_0x45a2e0	num	1	104
cls_0x45a2e0	num	1	108
cls_0x45a2e0	num	1	120
cls_0x45a2e0	num	1	124
cls_0x45a2e0	num	1	2148
cls_0x45a2e0	num	1	2152
cls_0x45a2e0	meth	1	meth_0x45a2e0:v():66
cls_0x45b060	sum	1	fields=3 methods=0 lines=14
cls_0x45b060	num	1	2492
cls_0x45b060	num	1	2496
cls_0x45b060	num	1	2500
cls_0x45d610	sum	1	fields=21 methods=2 lines=137
cls_0x45d610	num	4	0xfffffe00
cls_0x45d610	num	1	0x40004
cls_0x45d610	num	1	0x6c
cls_0x45d610	num	1	164
cls_0x45d610	num	1	168
cls_0x45d610	num	1	172
cls_0x45d610	num	1	176
cls_0x45d610	num	1	180
cls_0x45d610	num	1	184
cls_0x45d610	num	1	200
cls_0x45d610	num	1	204
cls_0x45d610	num	1	208
cls_0x45d610	num	1	212
cls_0x45d610	num	1	2296
cls_0x45d610	num	1	2300
cls_0x45d610	num	1	2304
cls_0x45d610	num	1	2308
cls_0x45d610	num	1	2312
cls_0x45d610	num	1	2316
cls_0x45d610	num	1	2320
cls_0x45d610	num	1	2324
cls_0x45d610	num	1	2328
cls_0x45d610	num	1	52
cls_0x45d610	num	1	56
cls_0x45d610	meth	1	meth_0x45d610:v(d,d):17
cls_0x45d610	meth	1	meth_0x45d660:v(p,p):88
cls_0x45f660	sum	1	fields=2 methods=0 lines=27
cls_0x45f6c0	sum	1	fields=3 methods=0 lines=31
cls_0x45f6f0	sum	1	fields=4 methods=1 lines=32
cls_0x45f6f0	meth	1	meth_0x45f6f0:d():17
cls_0x45f7a0	sum	1	fields=3 methods=2 lines=42
cls_0x45f7a0	meth	1	meth_0x45f7a0:d():13
cls_0x45f7a0	meth	1	meth_0x45f7e0:v():15
cls_0x45f7c0	sum	1	fields=21 methods=82 lines=5345
cls_0x45f7c0	str	5	game_sav
cls_0x45f7c0	str	5	newgame_sav
cls_0x45f7c0	str	3	Swag_Bag
cls_0x45f7c0	str	2	CurMap
cls_0x45f7c0	str	2	Default_Save
cls_0x45f7c0	str	2	Error_parsing_NAME_tag
cls_0x45f7c0	str	2	Multi
cls_0x45f7c0	str	2	Single
cls_0x45f7c0	str	2	badid
cls_0x45f7c0	str	1	63t__4091s
cls_0x45f7c0	str	1	ANIMATION
cls_0x45f7c0	str	1	ANIMATION__30s
cls_0x45f7c0	str	1	BEGIN
cls_0x45f7c0	str	1	CHR
cls_0x45f7c0	str	1	CONTROLDATA
cls_0x45f7c0	str	1	CONTROLDATA__s
cls_0x45f7c0	str	1	Chars
cls_0x45f7c0	str	1	Compressed_files_found_in_module
cls_0x45f7c0	str	1	DAMAGETYPE
cls_0x45f7c0	str	1	DAMAGETYPE__i
cls_0x45f7c0	str	1	DELAY
cls_0x45f7c0	str	1	DELAY__i
cls_0x45f7c0	str	1	DESCRIPTION
cls_0x45f7c0	str	1	DESCRIPTION__s
cls_0x45f7c0	str	1	Error_parsing_ANIMATION_tag
cls_0x45f7c0	str	1	Error_parsing_CONTROLDATA_tag
cls_0x45f7c0	str	1	Error_parsing_DAMAGETYPE_tag
cls_0x45f7c0	str	1	Error_parsing_DELAY_tag
cls_0x45f7c0	str	1	Error_parsing_DESCRIPTION_tag
cls_0x45f7c0	str	1	Error_parsing_FLAGS_tag
cls_0x45f7c0	str	1	Error_parsing_POISONCHANCE_tag
cls_0x45f7c0	str	1	Error_parsing_VARIANT_tag
cls_0x45f7c0	str	1	Error_parsing_spell_LIGHT_tag
cls_0x45f7c0	str	1	FLAGS
cls_0x45f7c0	str	1	FLAGS__i
cls_0x45f7c0	str	1	ICONNAME
cls_0x45f7c0	str	1	ICONNAME__30s
cls_0x45f7c0	str	1	Invalid_save_file__s_in_save_dir
cls_0x45f7c0	str	1	Invalid_spell_tag__s
cls_0x45f7c0	str	1	LIGHT
cls_0x45f7c0	str	1	NAME__30s
cls_0x45f7c0	str	1	POISONCHANCE
cls_0x45f7c0	str	1	POISONCHANCE__i
cls_0x45f7c0	str	1	RETURN_expected
cls_0x45f7c0	str	1	Spell_def_BEGIN_expected
cls_0x45f7c0	str	1	Spell_def_END_expected
cls_0x45f7c0	str	1	Spell_def_keyword_expected
cls_0x45f7c0	str	1	Syntax_error_in_header
cls_0x45f7c0	str	1	VARIANT
cls_0x45f7c0	str	1	VARIANT__s___i___s___s___i___i
cls_0x45f7c0	str	1	chr
cls_0x45f7c0	str	1	newgame
cls_0x45f7c0	str	1	s_s_def
cls_0x45f7c0	str	1	ss_bmp
cls_0x45f7c0	str	1	tag__line__expected
cls_0x45f7c0	api	39	_strncpy
cls_0x45f7c0	api	6	CreateDirectoryA
cls_0x45f7c0	api	4	DeleteFileA
cls_0x45f7c0	api	4	HFONT
cls_0x45f7c0	api	4	_param_1
cls_0x45f7c0	api	3	LONG
cls_0x45f7c0	api	3	SetCurrentDirectoryA
cls_0x45f7c0	api	2	FindNextFileA
cls_0x45f7c0	api	1	BOLD
cls_0x45f7c0	api	1	CHAR
cls_0x45f7c0	api	1	CreateFontA
cls_0x45f7c0	api	1	FindFirstFileA
cls_0x45f7c0	api	1	GetCurrentDirectoryA
cls_0x45f7c0	api	1	GetTextMetricsA
cls_0x45f7c0	api	1	GetWindowDC
cls_0x45f7c0	api	1	ReleaseDC
cls_0x45f7c0	api	1	_strrchr
cls_0x45f7c0	num	37	0x103
cls_0x45f7c0	num	16	0x18
cls_0x45f7c0	num	12	0x1f
cls_0x45f7c0	num	12	0x494
cls_0x45f7c0	num	11	0x13
cls_0x45f7c0	num	11	0x58
cls_0x45f7c0	num	9	0x70
cls_0x45f7c0	num	8	0x34
cls_0x45f7c0	num	7	0x104
cls_0x45f7c0	num	7	0x28
cls_0x45f7c0	num	7	0x3fffffff
cls_0x45f7c0	num	6	0x38
cls_0x45f7c0	num	5	0x88
cls_0x45f7c0	num	5	31
cls_0x45f7c0	num	4	0x1c
cls_0x45f7c0	num	4	0x4c6
cls_0x45f7c0	num	4	0x4dc
cls_0x45f7c0	num	3	0x1e
cls_0x45f7c0	num	3	0x21
cls_0x45f7c0	num	3	0x2c
cls_0x45f7c0	num	3	0x30
cls_0x45f7c0	num	3	0x41
cls_0x45f7c0	num	3	0x490
cls_0x45f7c0	num	3	0x60
cls_0x45f7c0	num	3	0x74
cls_0x45f7c0	num	3	22
cls_0x45f7c0	num	3	24
cls_0x45f7c0	num	3	260
cls_0x45f7c0	num	3	65
cls_0x45f7c0	num	2	0x200
cls_0x45f7c0	num	2	0x204
cls_0x45f7c0	num	2	0x22
cls_0x45f7c0	num	2	0x27
cls_0x45f7c0	num	2	0x2a
cls_0x45f7c0	num	2	0x31
cls_0x45f7c0	num	2	0x44
cls_0x45f7c0	num	2	0x48
cls_0x45f7c0	num	2	0x50
cls_0x45f7c0	num	2	0x664
cls_0x45f7c0	num	2	0x6687c0
cls_0x45f7c0	num	2	0x78
cls_0x45f7c0	num	2	0x7f
cls_0x45f7c0	num	2	0x83
cls_0x45f7c0	num	2	0x8c
cls_0x45f7c0	num	2	0xa8
cls_0x45f7c0	num	2	0xfbffffff
cls_0x45f7c0	num	2	200
cls_0x45f7c0	num	2	258
cls_0x45f7c0	num	2	259
cls_0x45f7c0	num	2	28
cls_0x45f7c0	num	2	34
cls_0x45f7c0	num	2	39
cls_0x45f7c0	num	2	528
cls_0x45f7c0	num	1	00410160
cls_0x45f7c0	num	1	00411010
cls_0x45f7c0	num	1	00411280
cls_0x45f7c0	num	1	00448450
cls_0x45f7c0	num	1	00462000
cls_0x45f7c0	num	1	00478390
cls_0x45f7c0	num	1	00478680
cls_0x45f7c0	num	1	00487970
cls_0x45f7c0	num	1	00520040
cls_0x45f7c0	num	1	00536320
cls_0x45f7c0	num	1	00588010
cls_0x45f7c0	num	1	0x0049d0f0
cls_0x45f7c0	num	1	0x0049d124
cls_0x45f7c0	num	1	0x0049d13a
cls_0x45f7c0	num	1	0x0049d140
cls_0x45f7c0	num	1	0x0049d154
cls_0x45f7c0	num	1	0x0049d157
cls_0x45f7c0	num	1	0x1000
cls_0x45f7c0	num	1	0x100000
cls_0x45f7c0	num	1	0x1110
cls_0x45f7c0	num	1	0x12
cls_0x45f7c0	num	1	0x14
cls_0x45f7c0	num	1	0x16
cls_0x45f7c0	num	1	0x174
cls_0x45f7c0	num	1	0x2000
cls_0x45f7c0	num	1	0x25
cls_0x45f7c0	num	1	0x280
cls_0x45f7c0	num	1	0x36
cls_0x45f7c0	num	1	0x408
cls_0x45f7c0	num	1	0x461d93
cls_0x45f7c0	num	1	0x4623d9
cls_0x45f7c0	num	1	0x4d8
cls_0x45f7c0	num	1	0x4f
cls_0x45f7c0	num	1	0x4f0
cls_0x45f7c0	num	1	0x53f
cls_0x45f7c0	num	1	0x54
cls_0x45f7c0	num	1	0x5c
cls_0x45f7c0	num	1	0x65bc18
cls_0x45f7c0	num	1	0x65bd48
cls_0x45f7c0	num	1	0x667fba
cls_0x45f7c0	num	1	0x668300
cls_0x45f7c0	num	1	0x8000
cls_0x45f7c0	num	1	0xc4
cls_0x45f7c0	num	1	124
cls_0x45f7c0	num	1	132
cls_0x45f7c0	num	1	164
cls_0x45f7c0	num	1	168
cls_0x45f7c0	num	1	172
cls_0x45f7c0	num	1	176
cls_0x45f7c0	num	1	180
cls_0x45f7c0	num	1	184
cls_0x45f7c0	num	1	188
cls_0x45f7c0	num	1	192
cls_0x45f7c0	num	1	196
cls_0x45f7c0	num	1	20
cls_0x45f7c0	num	1	204
cls_0x45f7c0	num	1	262
cls_0x45f7c0	num	1	280
cls_0x45f7c0	num	1	300
cls_0x45f7c0	num	1	36
cls_0x45f7c0	num	1	40
cls_0x45f7c0	num	1	400
cls_0x45f7c0	num	1	59
cls_0x45f7c0	num	1	60
cls_0x45f7c0	num	1	800
cls_0x45f7c0	num	1	92
cls_0x45f7c0	meth	1	meth_0x410160:b():17
cls_0x45f7c0	meth	1	meth_0x410ed0:v():41
cls_0x45f7c0	meth	1	meth_0x410f60:d():17
cls_0x45f7c0	meth	1	meth_0x410f80:v():41
cls_0x45f7c0	meth	1	meth_0x411010:v():41
cls_0x45f7c0	meth	1	meth_0x4110a0:d():17
cls_0x45f7c0	meth	1	meth_0x4110c0:v():57
cls_0x45f7c0	meth	1	meth_0x411280:v():18
cls_0x45f7c0	meth	1	meth_0x4112b0:v():26
cls_0x45f7c0	meth	1	meth_0x41c840:d():84
cls_0x45f7c0	meth	1	meth_0x41c910:v(d):85
cls_0x45f7c0	meth	1	meth_0x41cb40:v():29
cls_0x45f7c0	meth	1	meth_0x41cb80:v():37
cls_0x45f7c0	meth	1	meth_0x4384d0:v():11
cls_0x45f7c0	meth	1	meth_0x448450:v():41
cls_0x45f7c0	meth	1	meth_0x44ce10:d():17
cls_0x45f7c0	meth	1	meth_0x45f680:v():30
cls_0x45f7c0	meth	1	meth_0x45f6e0:v():22
cls_0x45f7c0	meth	1	meth_0x461bc0:v():153
cls_0x45f7c0	meth	1	meth_0x462000:v(d):254
cls_0x45f7c0	meth	1	meth_0x46ce80:v():22
cls_0x45f7c0	meth	1	meth_0x478390:v():83
cls_0x45f7c0	meth	1	meth_0x478680:v():19
cls_0x45f7c0	meth	1	meth_0x487970:v():54
cls_0x45f7c0	meth	1	meth_0x48d1a0:v():41
cls_0x45f7c0	meth	1	meth_0x48d230:v():21
cls_0x45f7c0	meth	1	meth_0x48d260:v():283
cls_0x45f7c0	meth	1	meth_0x48d660:v():33
cls_0x45f7c0	meth	1	meth_0x48d6d0:d():27
cls_0x45f7c0	meth	1	meth_0x48d720:d(p):523
cls_0x45f7c0	meth	1	meth_0x48df40:v(d):19
cls_0x45f7c0	meth	1	meth_0x48df70:b(p):286
cls_0x45f7c0	meth	1	meth_0x48e5b0:v(d):19
cls_0x45f7c0	meth	1	meth_0x48e5e0:d():21
cls_0x45f7c0	meth	1	meth_0x48e760:v():47
cls_0x45f7c0	meth	1	meth_0x48e820:v():22
cls_0x45f7c0	meth	1	meth_0x497ed0:v():41
cls_0x45f7c0	meth	1	meth_0x497f60:v():21
cls_0x45f7c0	meth	1	meth_0x497f90:v():26
cls_0x45f7c0	meth	1	meth_0x49a100:v():41
cls_0x45f7c0	meth	1	meth_0x49a1a0:v():27
cls_0x45f7c0	meth	1	meth_0x49ceb0:d(d,d,d,d,d,d,b,d,d,b,d,d,d):97
cls_0x45f7c0	meth	1	meth_0x49d1e0:v():52
cls_0x45f7c0	meth	1	meth_0x49d6d0:d():37
cls_0x45f7c0	meth	1	meth_0x49d780:p():20
cls_0x45f7c0	meth	1	meth_0x49d7c0:p():20
cls_0x45f7c0	meth	1	meth_0x49d800:d():60
cls_0x45f7c0	meth	1	meth_0x49d920:v():25
cls_0x45f7c0	meth	1	meth_0x4abb70:d():523
cls_0x45f7c0	meth	1	meth_0x4ac780:v():139
cls_0x45f7c0	meth	1	meth_0x4ac990:v(p,p,d,d,d,d):54
cls_0x45f7c0	meth	1	meth_0x4aca60:v():45
cls_0x45f7c0	meth	1	meth_0x4acb30:d():28
cls_0x45f7c0	meth	1	meth_0x4acf20:v():21
cls_0x45f7c0	meth	1	meth_0x4acf50:v():41
cls_0x45f7c0	meth	1	meth_0x4ad030:v():26
cls_0x45f7c0	meth	1	meth_0x4ad080:v(d,d,d):32
cls_0x45f7c0	meth	1	meth_0x4d6d00:v():41
cls_0x45f7c0	meth	1	meth_0x51ed10:v():44
cls_0x45f7c0	meth	1	meth_0x51eda0:v():47
cls_0x45f7c0	meth	1	meth_0x51ee30:v():31
cls_0x45f7c0	meth	1	meth_0x51ee70:d():30
cls_0x45f7c0	meth	1	meth_0x51eea0:d(d):43
cls_0x45f7c0	meth	1	meth_0x51eef0:v():57
cls_0x45f7c0	meth	1	meth_0x51f060:v():29
cls_0x45f7c0	meth	1	meth_0x51f0a0:d(d):88
cls_0x45f7c0	meth	1	meth_0x51f200:v(d):46
cls_0x45f7c0	meth	1	meth_0x51f2a0:v(d):28
cls_0x45f7c0	meth	1	meth_0x51f2e0:d():23
cls_0x45f7c0	meth	1	meth_0x51f370:v():177
cls_0x45f7c0	meth	1	meth_0x51f840:d():23
cls_0x45f7c0	meth	1	meth_0x51fd50:d():38
cls_0x45f7c0	meth	1	meth_0x51fdd0:d(d,d):36
cls_0x45f7c0	meth	1	meth_0x520040:v():18
cls_0x45f7c0	meth	1	meth_0x52c720:v():25
cls_0x45f7c0	meth	1	meth_0x536320:v():96
cls_0x45f7c0	meth	1	meth_0x53db70:v():117
cls_0x45f7c0	meth	1	meth_0x53e4e0:d(p):262
cls_0x45f7c0	meth	1	meth_0x540a40:v():41
cls_0x45f7c0	meth	1	meth_0x587e20:d():10
cls_0x45f7c0	meth	1	meth_0x587f30:p():16
cls_0x45f7c0	meth	1	meth_0x588010:d():12
cls_0x4605a0	sum	1	fields=2 methods=0 lines=13
cls_0x4605a0	num	1	28
cls_0x4605c0	sum	1	fields=4 methods=1 lines=44
cls_0x4605c0	num	1	20
cls_0x4605c0	num	1	24
cls_0x4605c0	meth	1	meth_0x4605c0:v():29
cls_0x460620	sum	1	fields=6 methods=2 lines=489
cls_0x460620	str	6	DO_NOT_MODIFY_VALUES
cls_0x460620	str	2	BEGIN
cls_0x460620	str	2	You_can_use_multiple_flags_to
cls_0x460620	str	1	0__EAX_ENVIRONMENT_GENERIC
cls_0x460620	str	1	10__EAX_ENVIRONMENT_HANGAR
cls_0x460620	str	1	11__EAX_ENVIRONMENT_CARPETEDH
cls_0x460620	str	1	12__EAX_ENVIRONMENT_HALLWAY
cls_0x460620	str	1	13__EAX_ENVIRONMENT_STONECORR
cls_0x460620	str	1	14__EAX_ENVIRONMENT_ALLEY
cls_0x460620	str	1	15__EAX_ENVIRONMENT_FOREST
cls_0x460620	str	1	16__EAX_ENVIRONMENT_CITY
cls_0x460620	str	1	17__EAX_ENVIRONMENT_MOUNTAINS
cls_0x460620	str	1	18__EAX_ENVIRONMENT_QUARRY
cls_0x460620	str	1	19__EAX_ENVIRONMENT_PLAIN
cls_0x460620	str	1	1__EAX_ENVIRONMENT_PADDEDCELL
cls_0x460620	str	1	20__EAX_ENVIRONMENT_PARKINGLO
cls_0x460620	str	1	21__EAX_ENVIRONMENT_SEWERPIPE
cls_0x460620	str	1	22__EAX_ENVIRONMENT_UNDERWATE
cls_0x460620	str	1	23__EAX_ENVIRONMENT_DRUGGED
cls_0x460620	str	1	24__EAX_ENVIRONMENT_DIZZY
cls_0x460620	str	1	25__EAX_ENVIRONMENT_PSYCHOTIC
cls_0x460620	str	1	2__EAX_ENVIRONMENT_ROOM
cls_0x460620	str	1	3__EAX_ENVIRONMENT_BATHROOM
cls_0x460620	str	1	4__EAX_ENVIRONMENT_LIVINGROOM
cls_0x460620	str	1	5__EAX_ENVIRONMENT_STONEROOM
cls_0x460620	str	1	6__EAX_ENVIRONMENT_AUDITORIUM
cls_0x460620	str	1	7__EAX_ENVIRONMENT_CONCERTHAL
cls_0x460620	str	1	8__EAX_ENVIRONMENT_CAVE
cls_0x460620	str	1	9__EAX_ENVIRONMENT_ARENA
cls_0x460620	str	1	ACCESS_SESOPT_ACCESS_OPEN
cls_0x460620	str	1	ACORNS_RETURNED_3
cls_0x460620	str	1	AMBCOLOR_250__250__250
cls_0x460620	str	1	AMBLIGHT_60
cls_0x460620	str	1	AREA__The_Area
cls_0x460620	str	1	AUDIOENV_15____EAX_ENVIRONMENT_F
cls_0x460620	str	1	A_descriptive_module_name__le
cls_0x460620	str	1	Access_mode__use_with_ACCESS_t
cls_0x460620	str	1	Automaps
cls_0x460620	str	1	Basic_default_session_options
cls_0x460620	str	1	CDPLAYLIST_RANDOM_TRACKS_1_2_4_5
cls_0x460620	str	1	Compressed_files_found_in_module
cls_0x460620	str	1	DESC__Your_really__really__REALL
cls_0x460620	str	1	Default_Session_Settings
cls_0x460620	str	1	FLAGS_GAMEMOD_MULTIPLAYER
cls_0x460620	str	1	FLAGS_GAMEMOD_SINGLEPLAYER
cls_0x460620	str	1	GAMEVERSION_1_0
cls_0x460620	str	1	General_description_of_module
cls_0x460620	str	1	Host_s_ip_address_for_MUD_mod
cls_0x460620	str	1	How_new_characters_enter_the_g
cls_0x460620	str	1	LEVEL_0
cls_0x460620	str	1	Lists_different_starting_poin
cls_0x460620	str	1	MAXHOURS_10
cls_0x460620	str	1	MAXLEVEL_5
cls_0x460620	str	1	MAXONLINE_32
cls_0x460620	str	1	MAXPLAYERS_32
cls_0x460620	str	1	ME1__This_is_a_dialog_line
cls_0x460620	str	1	ME2__No_you_can_t
cls_0x460620	str	1	MINHOURS_1
cls_0x460620	str	1	MINLEVEL_1
cls_0x460620	str	1	MODULE___s_____Same_as_directory
cls_0x460620	str	1	MUDIP__0_0_0_0
cls_0x460620	str	1	Major_version_indicates_a_new
cls_0x460620	str	1	Major_version_indicates_major
cls_0x460620	str	1	Maximum_hours_to_complete_mod
cls_0x460620	str	1	Maximum_level_to_join_session
cls_0x460620	str	1	Maximum_number_of_players_in_s
cls_0x460620	str	1	Maximum_players_online__is_se
cls_0x460620	str	1	Minimum_hours_to_complete_mod
cls_0x460620	str	1	Minimum_level_to_join_session
cls_0x460620	str	1	Minimum_version_of_game_requi
cls_0x460620	str	1	Module_Information
cls_0x460620	str	1	Module_flags__use_with_FLAGS_t
cls_0x460620	str	1	NAME__Your_short_description_goe
cls_0x460620	str	1	NIGHTAMBCOLOR_75__100__250
cls_0x460620	str	1	NIGHTAMBLIGHT_25
cls_0x460620	str	1	PKING_SESOPT_PKING_SELECTABLE
cls_0x460620	str	1	PKing_mode__use_with_PKING_ta
cls_0x460620	str	1	Place_dialog_lines_here__like
cls_0x460620	str	1	Place_state_variables_for_scr
cls_0x460620	str	1	Player_killing_options
cls_0x460620	str	1	Primary_Information
cls_0x460620	str	1	RESCUED_THE_PRINCESS_1
cls_0x460620	str	1	RESPENALTY_SESOPT_RESPENALTY_ATP
cls_0x460620	str	1	Ressurection_penalty__use_wit
cls_0x460620	str	1	Revenant_Module_Descr
cls_0x460620	str	1	SESSIONFLAGS_SESOPT_FLAGS_EDITST
cls_0x460620	str	1	SOMESTATE_0
cls_0x460620	str	1	STARTPOS__Temp_Start_Point_1__LE
cls_0x460620	str	1	STARTPOS__Temp_Start_Point_2__LE
cls_0x460620	str	1	Session_flags__use_with_SESSI
cls_0x460620	str	1	Starting_positions
cls_0x460620	str	1	Tempoarary_Area
cls_0x460620	str	1	There_are_no_modules_to_play
cls_0x460620	str	1	Type_of_module__and_other_opt
cls_0x460620	str	1	UNIQUEID__8x
cls_0x460620	str	1	Unable_to_find_main_module___s
cls_0x460620	str	1	Unable_to_open_module_file__s
cls_0x460620	str	1	Unique_id_generated_by__genui
cls_0x460620	str	1	VERSION_1_0
cls_0x460620	str	1	VIEWING_SESOPT_VIEWING_ALL
cls_0x460620	str	1	Version_number_of_module_so_t
cls_0x460620	str	1	Viewing_mode__use_with_VIEWIN
cls_0x460620	str	1	Viewing_players_via_the__View
cls_0x460620	str	1	What_kind_of_penalty_given_fo
cls_0x460620	str	1	YOU1__I_can_see_that
cls_0x460620	str	1	YOU2__Yes_I_can
cls_0x460620	str	1	You_can_continue_on_the_next_li
cls_0x460620	str	1	area_def
cls_0x460620	str	1	define_GAMEMOD_DEATHMATCH_0x000
cls_0x460620	str	1	define_GAMEMOD_ISDEMO_0x0040
cls_0x460620	str	1	define_GAMEMOD_MUD_0x0010____Th
cls_0x460620	str	1	define_GAMEMOD_MULTIPLAYER_0x00
cls_0x460620	str	1	define_GAMEMOD_SELFRUNNING_0x00
cls_0x460620	str	1	define_GAMEMOD_SINGLEPLAYER_0x0
cls_0x460620	str	1	define_GAMEMOD_ZIPFILE_0x0020
cls_0x460620	str	1	define_SESOPT_ACCESS_GUEST_0x00
cls_0x460620	str	1	define_SESOPT_ACCESS_NEWPLAYER_0
cls_0x460620	str	1	define_SESOPT_ACCESS_OPEN_0x000
cls_0x460620	str	1	define_SESOPT_ACCESS_VALIDATE_0
cls_0x460620	str	1	define_SESOPT_FLAGS_EDITEQUIP_0
cls_0x460620	str	1	define_SESOPT_FLAGS_EDITSTATS_0
cls_0x460620	str	1	define_SESOPT_FLAGS_LOOTCORPSES
cls_0x460620	str	1	define_SESOPT_FLAGS_NOMONSTERS_0
cls_0x460620	str	1	define_SESOPT_FLAGS_PASSREQUIRE
cls_0x460620	str	1	define_SESOPT_PKING_ALL_0x0001
cls_0x460620	str	1	define_SESOPT_PKING_NONE_0x0002
cls_0x460620	str	1	define_SESOPT_PKING_SELECTABLE_0
cls_0x460620	str	1	define_SESOPT_RESPENALTY_ALL_0x
cls_0x460620	str	1	define_SESOPT_RESPENALTY_ATPART
cls_0x460620	str	1	define_SESOPT_RESPENALTY_NONE_0
cls_0x460620	str	1	define_SESOPT_VIEWING_ALL_0x000
cls_0x460620	str	1	define_SESOPT_VIEWING_NONE_0x00
cls_0x460620	str	1	define_SESOPT_VIEWING_SELECTABL
cls_0x460620	str	1	exit_def
cls_0x460620	str	1	location_def
cls_0x460620	str	1	module_def
cls_0x460620	str	1	more_players_online_simultane
cls_0x460620	str	1	s__s
cls_0x460620	str	1	s_def
cls_0x460620	str	1	state_def
cls_0x460620	str	1	than_MaxPlayers_in_the_ini_fi
cls_0x460620	str	1	the_EAX_environments_are_as_f
cls_0x460620	str	1	with_a_BACKSLASH
cls_0x460620	api	7	_strncpy
cls_0x460620	api	4	CreateDirectoryA
cls_0x460620	num	11	0x103
cls_0x460620	num	4	0x22
cls_0x460620	num	2	0x16
cls_0x460620	num	2	0x26
cls_0x460620	num	2	258
cls_0x460620	num	2	260
cls_0x460620	num	2	262
cls_0x460620	num	1	00460620
cls_0x460620	num	1	0x104
cls_0x460620	num	1	0x21
cls_0x460620	num	1	0x216
cls_0x460620	num	1	0x23
cls_0x460620	num	1	0x23d
cls_0x460620	num	1	0x27
cls_0x460620	num	1	0x58
cls_0x460620	num	1	0x65bc18
cls_0x460620	num	1	0x920
cls_0x460620	num	1	20
cls_0x460620	num	1	24
cls_0x460620	num	1	261
cls_0x460620	num	1	28
cls_0x460620	meth	1	meth_0x460620:d():218
cls_0x460620	meth	1	meth_0x460dc0:d(p):254
cls_0x4609f0	sum	1	fields=6 methods=5 lines=274
cls_0x4609f0	str	1	Compressed_files_found_in_module
cls_0x4609f0	str	1	Error_in_module_file__d
cls_0x4609f0	api	5	_strncpy
cls_0x4609f0	num	8	0x103
cls_0x4609f0	num	2	0x16
cls_0x4609f0	num	1	0x104
cls_0x4609f0	num	1	0x58
cls_0x4609f0	num	1	20
cls_0x4609f0	num	1	28
cls_0x4609f0	num	1	291
cls_0x4609f0	num	1	292
cls_0x4609f0	meth	1	meth_0x4609f0:d():131
cls_0x4609f0	meth	1	meth_0x460c60:d():33
cls_0x4609f0	meth	1	meth_0x460ca0:p(d):35
cls_0x4609f0	meth	1	meth_0x460d00:d(d):25
cls_0x4609f0	meth	1	meth_0x460d60:d(d):33
cls_0x460c10	sum	1	fields=1 methods=1 lines=31
cls_0x460c10	num	1	28
cls_0x460c10	meth	1	meth_0x460c10:v():19
cls_0x461ed0	sum	1	fields=2 methods=0 lines=13
cls_0x461ed0	num	1	20
cls_0x46ce20	sum	1	fields=1 methods=1 lines=25
cls_0x46ce20	meth	1	meth_0x46ce20:v():13
cls_0x46ce40	sum	1	fields=2 methods=0 lines=28
cls_0x46ce40	num	2	24
cls_0x46ce40	num	1	28
cls_0x46d6b0	sum	1	fields=3 methods=2 lines=81
cls_0x46d6b0	str	1	Unable_to_find___s__in_multireso
cls_0x46d6b0	num	1	1028
cls_0x46d6b0	num	1	1032
cls_0x46d6b0	num	1	80
cls_0x46d6b0	meth	1	meth_0x46d6b0:d():29
cls_0x46d6b0	meth	1	meth_0x46d710:d():38
cls_0x46ec50	sum	1	fields=9 methods=1 lines=56
cls_0x46ec50	num	1	192
cls_0x46ec50	num	1	196
cls_0x46ec50	num	1	20
cls_0x46ec50	num	1	200
cls_0x46ec50	num	1	204
cls_0x46ec50	num	1	208
cls_0x46ec50	num	1	212
cls_0x46ec50	num	1	216
cls_0x46ec50	num	1	24
cls_0x46ec50	meth	1	meth_0x46ec50:v():36
cls_0x46f090	sum	1	fields=3 methods=0 lines=14
cls_0x46f090	num	1	20
cls_0x46f090	num	1	24
cls_0x4710f0	sum	1	fields=3 methods=0 lines=14
cls_0x4710f0	num	1	124
cls_0x4710f0	num	1	126
cls_0x473e40	sum	1	fields=1 methods=0 lines=51
cls_0x473e40	api	2	_strncpy
cls_0x473e40	num	1	0x3f
cls_0x473e40	num	1	63
cls_0x4741b0	sum	1	fields=3 methods=5 lines=231
cls_0x4741b0	num	12	0x50
cls_0x4741b0	num	5	0x14
cls_0x4741b0	num	1	00474210
cls_0x4741b0	num	1	00478170
cls_0x4741b0	num	1	00478520
cls_0x4741b0	meth	1	meth_0x4741b0:p(d):16
cls_0x4741b0	meth	1	meth_0x474210:d():23
cls_0x4741b0	meth	1	meth_0x4780c0:d():59
cls_0x4741b0	meth	1	meth_0x478170:v(p):65
cls_0x4741b0	meth	1	meth_0x478520:v():54
cls_0x4746d0	sum	1	fields=7 methods=3 lines=395
cls_0x4746d0	str	1	Unable_to_find_imagery_file___s
cls_0x4746d0	api	6	_param_3
cls_0x4746d0	api	6	_param_4
cls_0x4746d0	num	2	0x14
cls_0x4746d0	num	2	0x1c
cls_0x4746d0	num	1	00475210
cls_0x4746d0	num	1	0x18
cls_0x4746d0	num	1	0x22
cls_0x4746d0	num	1	0x23
cls_0x4746d0	num	1	0x28
cls_0x4746d0	num	1	20
cls_0x4746d0	num	1	28
cls_0x4746d0	num	1	36
cls_0x4746d0	num	1	52
cls_0x4746d0	num	1	56
cls_0x4746d0	num	1	60
cls_0x4746d0	meth	1	meth_0x4746d0:d(p,d,d,d,d):262
cls_0x4746d0	meth	1	meth_0x474bb0:d(d,d):73
cls_0x4746d0	meth	1	meth_0x475210:d(d):42
cls_0x475280	sum	1	fields=2 methods=0 lines=13
cls_0x475280	num	1	36
cls_0x475280	num	1	52
cls_0x475280	num	1	56
cls_0x475a40	sum	1	fields=2 methods=0 lines=13
cls_0x475a40	num	1	36
cls_0x475a40	num	1	52
cls_0x475a40	num	1	56
cls_0x475a80	sum	1	fields=2 methods=1 lines=145
cls_0x475a80	num	5	0x1f
cls_0x475a80	num	3	0xf0
cls_0x475a80	num	1	0xf000
cls_0x475a80	num	1	0xf00000
cls_0x475a80	num	1	0xf0000000
cls_0x475a80	num	1	0xff00
cls_0x475a80	num	1	0xff0000
cls_0x475a80	num	1	0xff000000
cls_0x475a80	num	1	36
cls_0x475a80	num	1	52
cls_0x475a80	num	1	56
cls_0x475a80	meth	1	meth_0x475a80:d(d,d,p):132
cls_0x477870	sum	1	fields=7 methods=1 lines=129
cls_0x477870	num	9	0x170
cls_0x477870	num	2	0x19
cls_0x477870	num	2	0x1a
cls_0x477870	num	1	00477870
cls_0x477870	num	1	0x1e
cls_0x477870	num	1	0x7e
cls_0x477870	num	1	20
cls_0x477870	num	1	24
cls_0x477870	num	1	28
cls_0x477870	meth	1	meth_0x46dfb0:d():111
cls_0x477d10	sum	1	fields=2 methods=1 lines=28
cls_0x477d10	num	1	0x4c
cls_0x477d10	num	1	0x50
cls_0x477d10	meth	1	meth_0x477d10:d():15
cls_0x4780a0	sum	1	fields=2 methods=1 lines=28
cls_0x4780a0	num	1	0x50
cls_0x4780a0	meth	1	meth_0x4780a0:d():15
cls_0x4782a0	sum	1	fields=3 methods=1 lines=30
cls_0x4782a0	meth	1	meth_0x4782a0:v():16
cls_0x4782d0	sum	1	fields=3 methods=3 lines=61
cls_0x4782d0	num	1	00478300
cls_0x4782d0	num	1	0x50
cls_0x4782d0	meth	1	meth_0x4782d0:d():18
cls_0x4782d0	meth	1	meth_0x478300:d():14
cls_0x4782d0	meth	1	meth_0x4785c0:v():15
cls_0x478320	sum	1	fields=3 methods=2 lines=56
cls_0x478320	num	1	00478320
cls_0x478320	num	1	00478330
cls_0x478320	num	1	00478340
cls_0x478320	meth	1	meth_0x478330:v():13
cls_0x478320	meth	1	meth_0x478340:v():16
cls_0x478370	sum	1	fields=0 methods=0 lines=23
cls_0x478370	num	2	24
cls_0x478370	num	1	00478370
cls_0x478370	num	1	0x200
cls_0x4785e0	sum	1	fields=2 methods=1 lines=67
cls_0x4785e0	num	2	0x3fffffff
cls_0x4785e0	meth	1	meth_0x4785e0:v():54
cls_0x478720	sum	1	fields=2 methods=1 lines=38
cls_0x478720	num	1	00478720
cls_0x478720	num	1	00478730
cls_0x478720	meth	1	meth_0x478730:v():13
cls_0x478740	sum	1	fields=2 methods=0 lines=13
cls_0x4787c0	sum	1	fields=2 methods=0 lines=13
cls_0x47e770	sum	1	fields=3 methods=1 lines=31
cls_0x47e770	num	1	1508
cls_0x47e770	num	1	1516
cls_0x47e770	num	1	1520
cls_0x47e770	num	1	1521
cls_0x47e770	meth	1	meth_0x47e770:v():17
cls_0x47e7e0	sum	1	fields=4 methods=2 lines=43
cls_0x47e7e0	num	1	1512
cls_0x47e7e0	num	1	1516
cls_0x47e7e0	num	1	1520
cls_0x47e7e0	num	1	1648
cls_0x47e7e0	num	1	1652
cls_0x47e7e0	meth	1	meth_0x47e7e0:v():17
cls_0x47e7e0	meth	1	meth_0x47e900:v():11
cls_0x47e810	sum	1	fields=4 methods=1 lines=31
cls_0x47e810	api	1	_strncpy
cls_0x47e810	num	1	0x7f
cls_0x47e810	num	1	1512
cls_0x47e810	num	1	1516
cls_0x47e810	num	1	1520
cls_0x47e810	num	1	1647
cls_0x47e810	num	1	1648
cls_0x47e810	meth	1	meth_0x47e810:v():16
cls_0x47e910	sum	1	fields=1 methods=1 lines=23
cls_0x47e910	num	1	1660
cls_0x47e910	num	1	1664
cls_0x47e910	meth	1	meth_0x47e910:v():11
cls_0x47e9e0	sum	1	fields=1 methods=1 lines=22
cls_0x47e9e0	num	1	1680
cls_0x47e9e0	num	1	1684
cls_0x47e9e0	meth	1	meth_0x47e9e0:d():10
cls_0x47ea00	sum	1	fields=1 methods=2 lines=82
cls_0x47ea00	num	2	0x168
cls_0x47ea00	num	2	0x438
cls_0x47ea00	num	1	0x2d0
cls_0x47ea00	num	1	0xfffffffd
cls_0x47ea00	num	1	1680
cls_0x47ea00	num	1	1684
cls_0x47ea00	meth	1	meth_0x47ea00:d():39
cls_0x47ea00	meth	1	meth_0x47eab0:d():31
cls_0x47f2d0	sum	1	fields=1 methods=1 lines=31
cls_0x47f2d0	num	1	1652
cls_0x47f2d0	num	1	1656
cls_0x47f2d0	meth	1	meth_0x47f2d0:v(d,d,d):19
cls_0x47f310	sum	1	fields=1 methods=1 lines=23
cls_0x47f310	num	1	1656
cls_0x47f310	num	1	1660
cls_0x47f310	meth	1	meth_0x47f310:v():11
cls_0x47f540	sum	1	fields=2 methods=2 lines=33
cls_0x47f540	meth	1	meth_0x47f540:d():10
cls_0x47f540	meth	1	meth_0x47f550:d():10
cls_0x4875e0	sum	1	fields=0 methods=0 lines=78
cls_0x4875e0	str	1	FATAL_ERROR
cls_0x4875e0	str	1	OUT_OF_MEMORY___Increase_your_vi
cls_0x4875e0	str	1	Press_any_key_to_exit
cls_0x4875e0	api	2	PeekMessageA
cls_0x4875e0	api	1	CHAR
cls_0x4875e0	api	1	DispatchMessageA
cls_0x4875e0	api	1	MessageBoxA
cls_0x4875e0	api	1	_malloc
cls_0x4875e0	num	2	0x13
cls_0x4875e0	num	2	0x4c
cls_0x4875e0	num	1	0x6c
cls_0x4875e0	num	1	104
cls_0x4875e0	num	1	24
cls_0x4875e0	num	1	28
cls_0x487790	sum	1	fields=0 methods=0 lines=23
cls_0x487790	num	1	00487790
cls_0x487790	num	1	24
cls_0x487790	num	1	28
cls_0x487810	sum	1	fields=0 methods=0 lines=34
cls_0x487810	num	1	00487810
cls_0x487810	num	1	24
cls_0x487810	num	1	44
cls_0x4878f0	sum	1	fields=0 methods=0 lines=34
cls_0x4878f0	num	1	24
cls_0x4878f0	num	1	44
cls_0x487a50	sum	1	fields=0 methods=0 lines=78
cls_0x487a50	str	1	FATAL_ERROR
cls_0x487a50	str	1	OUT_OF_MEMORY___Increase_your_vi
cls_0x487a50	str	1	Press_any_key_to_exit
cls_0x487a50	api	2	PeekMessageA
cls_0x487a50	api	1	CHAR
cls_0x487a50	api	1	DispatchMessageA
cls_0x487a50	api	1	MessageBoxA
cls_0x487a50	api	1	_malloc
cls_0x487a50	num	2	0x18
cls_0x487a50	num	2	0x60
cls_0x487a50	num	2	24
cls_0x487a50	num	1	0x6c
cls_0x487a50	num	1	104
cls_0x488020	sum	1	fields=3 methods=0 lines=30
cls_0x488020	num	1	00488020
cls_0x488020	num	1	24
cls_0x488020	num	1	28
cls_0x488020	num	1	33
cls_0x488140	sum	1	fields=3 methods=0 lines=29
cls_0x488140	num	2	24
cls_0x488140	num	1	00488140
cls_0x488140	num	1	28
cls_0x488140	num	1	36
cls_0x488160	sum	1	fields=1 methods=0 lines=44
cls_0x488160	num	2	24
cls_0x488160	num	1	00488160
cls_0x488160	num	1	88
cls_0x488160	num	1	92
cls_0x4881f0	sum	1	fields=13 methods=2 lines=148
cls_0x4881f0	num	3	0xcc
cls_0x4881f0	num	3	200
cls_0x4881f0	num	1	20
cls_0x4881f0	num	1	24
cls_0x4881f0	num	1	28
cls_0x4881f0	num	1	40
cls_0x4881f0	num	1	44
cls_0x4881f0	num	1	48
cls_0x4881f0	num	1	60
cls_0x4881f0	num	1	68
cls_0x4881f0	num	1	80
cls_0x4881f0	num	1	88
cls_0x4881f0	num	1	92
cls_0x4881f0	meth	1	meth_0x4881f0:v():48
cls_0x4881f0	meth	1	meth_0x48b860:v():76
cls_0x4883a0	sum	1	fields=1 methods=0 lines=25
cls_0x4883a0	num	1	24
cls_0x4883a0	num	1	28
cls_0x4883c0	sum	1	fields=3 methods=2 lines=74
cls_0x4883c0	num	1	20
cls_0x4883c0	num	1	24
cls_0x4883c0	meth	1	meth_0x4883c0:v():28
cls_0x4883c0	meth	1	meth_0x53ea70:v():32
cls_0x488b20	sum	1	fields=1 methods=0 lines=40
cls_0x488b20	num	2	24
cls_0x488b20	num	1	32772
cls_0x488b20	num	1	32812
cls_0x488b20	num	1	32836
cls_0x488c10	sum	1	fields=0 methods=0 lines=34
cls_0x488c10	num	1	24
cls_0x488c10	num	1	52
cls_0x48af30	sum	1	fields=9 methods=1 lines=114
cls_0x48af30	num	7	0x34
cls_0x48af30	num	7	0x38
cls_0x48af30	num	1	0x14
cls_0x48af30	num	1	0x24
cls_0x48af30	num	1	160
cls_0x48af30	num	1	164
cls_0x48af30	num	1	168
cls_0x48af30	num	1	172
cls_0x48af30	num	1	176
cls_0x48af30	num	1	180
cls_0x48af30	num	1	184
cls_0x48af30	num	1	188
cls_0x48af30	num	1	196
cls_0x48af30	num	1	200
cls_0x48af30	meth	1	meth_0x48af30:v():94
cls_0x48b120	sum	1	fields=13 methods=0 lines=24
cls_0x48b120	num	1	160
cls_0x48b120	num	1	164
cls_0x48b120	num	1	168
cls_0x48b120	num	1	172
cls_0x48b120	num	1	176
cls_0x48b120	num	1	180
cls_0x48b120	num	1	184
cls_0x48b120	num	1	188
cls_0x48b120	num	1	192
cls_0x48b120	num	1	196
cls_0x48b120	num	1	200
cls_0x48b120	num	1	204
cls_0x48b4a0	sum	1	fields=9 methods=1 lines=114
cls_0x48b4a0	num	7	0x34
cls_0x48b4a0	num	7	0x38
cls_0x48b4a0	num	1	0x14
cls_0x48b4a0	num	1	0x24
cls_0x48b4a0	num	1	160
cls_0x48b4a0	num	1	164
cls_0x48b4a0	num	1	168
cls_0x48b4a0	num	1	172
cls_0x48b4a0	num	1	176
cls_0x48b4a0	num	1	180
cls_0x48b4a0	num	1	184
cls_0x48b4a0	num	1	188
cls_0x48b4a0	num	1	192
cls_0x48b4a0	num	1	196
cls_0x48b4a0	meth	1	meth_0x48b4a0:v():94
cls_0x48b690	sum	1	fields=50 methods=2 lines=683
cls_0x48b690	str	4	i___i___i
cls_0x48b690	str	2	armor_def
cls_0x48b690	str	2	char_def
cls_0x48b690	str	2	equip_def
cls_0x48b690	str	2	i___i
cls_0x48b690	str	2	weapon_def
cls_0x48b690	str	1	AMMODATA
cls_0x48b690	str	1	ARMOR
cls_0x48b690	str	1	CHARACTER
cls_0x48b690	str	1	CLASS
cls_0x48b690	str	1	DAYLENGTH
cls_0x48b690	str	1	ENTRY
cls_0x48b690	str	1	Error_loading_armor_data
cls_0x48b690	str	1	Error_loading_char_data
cls_0x48b690	str	1	Error_loading_class_data
cls_0x48b690	str	1	Error_loading_statlevel_data
cls_0x48b690	str	1	Error_loading_weapon_data
cls_0x48b690	str	1	Error_parsing_tag__s
cls_0x48b690	str	1	FATIGUEDATA
cls_0x48b690	str	1	HEALTHDATA
cls_0x48b690	str	1	Invalid_block_or_tag__s
cls_0x48b690	str	1	MANADATA
cls_0x48b690	str	1	More_than_one__s_in_ARMOR_DEF_fi
cls_0x48b690	str	1	More_than_one__s_in_CHAR_DEF_fil
cls_0x48b690	str	1	More_than_one__s_in_WEAPON_DEF_f
cls_0x48b690	str	1	POISONDATA
cls_0x48b690	str	1	Return_expected
cls_0x48b690	str	1	Rules_block_name_or_tag_expected
cls_0x48b690	str	1	Rules_file_syntax_error
cls_0x48b690	str	1	STATLEVEL
cls_0x48b690	str	1	STEALTH
cls_0x48b690	str	1	Syntax_error_in_header
cls_0x48b690	str	1	TOHITBLOCK
cls_0x48b690	str	1	TOHITCENTER
cls_0x48b690	str	1	TOHITDAMAGE
cls_0x48b690	str	1	TOHITFACE
cls_0x48b690	str	1	TOHITRANGECHAR
cls_0x48b690	str	1	TOHITRANGEPLYR
cls_0x48b690	str	1	TWILIGHT
cls_0x48b690	str	1	WEAPON
cls_0x48b690	str	1	i___i___i___i
cls_0x48b690	str	1	i__i
cls_0x48b690	str	1	rules_def
cls_0x48b690	str	1	stats_def
cls_0x48b690	api	1	_strncpy
cls_0x48b690	num	5	0x65bd48
cls_0x48b690	num	3	0x14
cls_0x48b690	num	3	0x19
cls_0x48b690	num	3	0x1e
cls_0x48b690	num	3	0xcc
cls_0x48b690	num	3	200
cls_0x48b690	num	2	0xa0
cls_0x48b690	num	2	0xa4
cls_0x48b690	num	2	0xa8
cls_0x48b690	num	2	0xac
cls_0x48b690	num	2	0xb0
cls_0x48b690	num	2	0xb4
cls_0x48b690	num	2	0xb8
cls_0x48b690	num	2	0xbc
cls_0x48b690	num	2	0xc0
cls_0x48b690	num	2	0xc4
cls_0x48b690	num	2	300
cls_0x48b690	num	2	500
cls_0x48b690	num	1	0x2000
cls_0x48b690	num	1	0x27
cls_0x48b690	num	1	0x32
cls_0x48b690	num	1	0x590
cls_0x48b690	num	1	0x74
cls_0x48b690	num	1	0xd0
cls_0x48b690	num	1	0xe0
cls_0x48b690	num	1	104
cls_0x48b690	num	1	108
cls_0x48b690	num	1	112
cls_0x48b690	num	1	116
cls_0x48b690	num	1	120
cls_0x48b690	num	1	124
cls_0x48b690	num	1	132
cls_0x48b690	num	1	136
cls_0x48b690	num	1	140
cls_0x48b690	num	1	144
cls_0x48b690	num	1	148
cls_0x48b690	num	1	152
cls_0x48b690	num	1	156
cls_0x48b690	num	1	160
cls_0x48b690	num	1	164
cls_0x48b690	num	1	168
cls_0x48b690	num	1	172
cls_0x48b690	num	1	20
cls_0x48b690	num	1	2000
cls_0x48b690	num	1	208
cls_0x48b690	num	1	212
cls_0x48b690	num	1	216
cls_0x48b690	num	1	220
cls_0x48b690	num	1	224
cls_0x48b690	num	1	228
cls_0x48b690	num	1	232
cls_0x48b690	num	1	236
cls_0x48b690	num	1	24
cls_0x48b690	num	1	240
cls_0x48b690	num	1	244
cls_0x48b690	num	1	260
cls_0x48b690	num	1	28
cls_0x48b690	num	1	356
cls_0x48b690	num	1	360
cls_0x48b690	num	1	39
cls_0x48b690	num	1	40
cls_0x48b690	num	1	44
cls_0x48b690	num	1	476
cls_0x48b690	num	1	48
cls_0x48b690	num	1	480
cls_0x48b690	num	1	484
cls_0x48b690	num	1	60
cls_0x48b690	num	1	68
cls_0x48b690	num	1	80
cls_0x48b690	num	1	800
cls_0x48b690	num	1	84
cls_0x48b690	num	1	88
cls_0x48b690	num	1	92
cls_0x48b690	num	1	96
cls_0x48b690	meth	1	meth_0x48b690:d():98
cls_0x48b690	meth	1	meth_0x48b990:d():524
cls_0x48c730	sum	1	fields=2 methods=1 lines=36
cls_0x48c730	num	1	20
cls_0x48c730	num	1	24
cls_0x48c730	meth	1	meth_0x48c730:d():23
cls_0x48c780	sum	1	fields=4 methods=1 lines=44
cls_0x48c780	num	1	0xc0
cls_0x48c780	num	1	0xc4
cls_0x48c780	num	1	24
cls_0x48c780	num	1	40
cls_0x48c780	num	1	84
cls_0x48c780	num	1	88
cls_0x48c780	meth	1	meth_0x48c780:d(d):29
cls_0x48c7f0	sum	1	fields=9 methods=2 lines=172
cls_0x48c7f0	num	2	0xc4
cls_0x48c7f0	num	1	0x65a247
cls_0x48c7f0	num	1	0x65a248
cls_0x48c7f0	num	1	0xc0
cls_0x48c7f0	num	1	200
cls_0x48c7f0	num	1	24
cls_0x48c7f0	num	1	40
cls_0x48c7f0	num	1	44
cls_0x48c7f0	num	1	60
cls_0x48c7f0	num	1	80
cls_0x48c7f0	num	1	84
cls_0x48c7f0	meth	1	meth_0x48c7f0:v():72
cls_0x48c7f0	meth	1	meth_0x48c930:d(d):80
cls_0x48cb50	sum	1	fields=6 methods=1 lines=77
cls_0x48cb50	num	2	0xc0
cls_0x48cb50	num	1	0xc4
cls_0x48cb50	num	1	24
cls_0x48cb50	num	1	40
cls_0x48cb50	num	1	44
cls_0x48cb50	num	1	60
cls_0x48cb50	num	1	80
cls_0x48cb50	num	1	84
cls_0x48cb50	meth	1	meth_0x48cb50:d(d):60
cls_0x48cc90	sum	1	fields=1 methods=2 lines=55
cls_0x48cc90	num	1	0x1c
cls_0x48cc90	num	1	0x1d
cls_0x48cc90	num	1	0x1e
cls_0x48cc90	num	1	0x1f
cls_0x48cc90	num	1	360
cls_0x48cc90	num	1	364
cls_0x48cc90	meth	1	meth_0x48cc90:d():20
cls_0x48cc90	meth	1	meth_0x48ccb0:d():23
cls_0x48e620	sum	1	fields=1 methods=0 lines=12
cls_0x48e620	num	1	24
cls_0x48e620	num	1	28
cls_0x48e630	sum	1	fields=3 methods=2 lines=105
cls_0x48e630	num	1	24
cls_0x48e630	num	1	28
cls_0x48e630	num	1	36
cls_0x48e630	meth	1	meth_0x48e630:d(d):27
cls_0x48e630	meth	1	meth_0x48e670:v(d):64
cls_0x48eb40	sum	1	fields=2 methods=1 lines=37
cls_0x48eb40	num	1	0x24
cls_0x48eb40	num	1	68
cls_0x48eb40	num	1	72
cls_0x48eb40	meth	1	meth_0x48eb40:d():24
cls_0x48f870	sum	1	fields=3 methods=2 lines=136
cls_0x48f870	num	10	0x30
cls_0x48f870	num	3	0x24
cls_0x48f870	num	3	0x28
cls_0x48f870	num	1	0x1b
cls_0x48f870	num	1	0x21
cls_0x48f870	num	1	0x22
cls_0x48f870	num	1	0x23
cls_0x48f870	num	1	0x25
cls_0x48f870	num	1	0x26
cls_0x48f870	num	1	0x27
cls_0x48f870	num	1	0x52
cls_0x48f870	num	1	68
cls_0x48f870	num	1	72
cls_0x48f870	meth	1	meth_0x48f870:v(d,d):46
cls_0x48f870	meth	1	meth_0x48fa30:v(d):76
cls_0x48fbe0	sum	1	fields=3 methods=1 lines=59
cls_0x48fbe0	num	1	0x24
cls_0x48fbe0	num	1	0x34
cls_0x48fbe0	num	1	68
cls_0x48fbe0	num	1	72
cls_0x48fbe0	meth	1	meth_0x48fbe0:v(d):45
cls_0x4919c0	sum	1	fields=2 methods=0 lines=13
cls_0x4919c0	num	1	68
cls_0x491ad0	sum	1	fields=4 methods=0 lines=15
cls_0x491ad0	num	1	20
cls_0x491b30	sum	1	fields=7 methods=0 lines=18
cls_0x491b30	num	1	36
cls_0x491b30	num	1	40
cls_0x491b30	num	1	44
cls_0x491b30	num	1	48
cls_0x491b30	num	1	52
cls_0x491b30	num	1	56
cls_0x491b30	num	1	88
cls_0x491b30	num	1	92
cls_0x491b70	sum	1	fields=1 methods=1 lines=28
cls_0x491b70	num	1	88
cls_0x491b70	num	1	92
cls_0x491b70	meth	1	meth_0x491b70:v(d,d,d,d):16
cls_0x492080	sum	1	fields=3 methods=1 lines=29
cls_0x492080	num	1	00492080
cls_0x492080	meth	1	meth_0x492080:v():15
cls_0x492170	sum	1	fields=29 methods=0 lines=81
cls_0x492170	num	1	00492170
cls_0x492170	num	1	0xdeaf
cls_0x492170	num	1	164
cls_0x492170	num	1	172
cls_0x492170	num	1	180
cls_0x492170	num	1	181
cls_0x492170	num	1	182
cls_0x492170	num	1	184
cls_0x492170	num	1	188
cls_0x492170	num	1	192
cls_0x492170	num	1	196
cls_0x492170	num	1	20
cls_0x492170	num	1	200
cls_0x492170	num	1	204
cls_0x492170	num	1	208
cls_0x492170	num	1	216
cls_0x492170	num	1	220
cls_0x492170	num	1	224
cls_0x492170	num	1	228
cls_0x492170	num	1	232
cls_0x492170	num	1	24
cls_0x492170	num	1	72
cls_0x492170	num	1	76
cls_0x492170	num	1	80
cls_0x492170	num	1	84
cls_0x492170	num	1	88
cls_0x4922c0	sum	1	fields=30 methods=13 lines=1291
cls_0x4922c0	str	8	Script_error_at_line__d___s
cls_0x4922c0	str	4	BEGIN_without_matching_END
cls_0x4922c0	str	3	BEGIN
cls_0x4922c0	str	2	String
cls_0x4922c0	str	1	Bad_token_in_trigger_block
cls_0x4922c0	str	1	ELSE_without_matching_IF
cls_0x4922c0	str	1	END_without_matching_BEGIN
cls_0x4922c0	str	1	Infinite_loop_detected
cls_0x4922c0	str	1	player
cls_0x4922c0	api	2	_strncpy
cls_0x4922c0	num	6	0x14
cls_0x4922c0	num	6	0x148
cls_0x4922c0	num	5	0x38
cls_0x4922c0	num	4	0x1c
cls_0x4922c0	num	3	0x10000
cls_0x4922c0	num	3	0x14c
cls_0x4922c0	num	3	0x154
cls_0x4922c0	num	3	0x2000
cls_0x4922c0	num	3	0xdeaf
cls_0x4922c0	num	3	0xfffffffb
cls_0x4922c0	num	2	0x15
cls_0x4922c0	num	2	0x18
cls_0x4922c0	num	2	0x1f
cls_0x4922c0	num	2	0x36
cls_0x4922c0	num	2	0x44
cls_0x4922c0	num	2	0x48
cls_0x4922c0	num	2	0x78
cls_0x4922c0	num	2	0x8c
cls_0x4922c0	num	2	0xb40
cls_0x4922c0	num	2	0xfffffff7
cls_0x4922c0	num	1	00492440
cls_0x4922c0	num	1	00492490
cls_0x4922c0	num	1	00494370
cls_0x4922c0	num	1	0x004940ea
cls_0x4922c0	num	1	0x004940f1
cls_0x4922c0	num	1	0x00494157
cls_0x4922c0	num	1	0x0049417c
cls_0x4922c0	num	1	0x0049418b
cls_0x4922c0	num	1	0x0049419d
cls_0x4922c0	num	1	0x004941bd
cls_0x4922c0	num	1	0x004941d3
cls_0x4922c0	num	1	0x004941d9
cls_0x4922c0	num	1	0x004941ed
cls_0x4922c0	num	1	0x004941f0
cls_0x4922c0	num	1	0x00494208
cls_0x4922c0	num	1	0x0049422f
cls_0x4922c0	num	1	0x00494245
cls_0x4922c0	num	1	0x0049424b
cls_0x4922c0	num	1	0x0049425f
cls_0x4922c0	num	1	0x00494262
cls_0x4922c0	num	1	0x0049427b
cls_0x4922c0	num	1	0x100
cls_0x4922c0	num	1	0x1000
cls_0x4922c0	num	1	0x144
cls_0x4922c0	num	1	0x1c0
cls_0x4922c0	num	1	0x200
cls_0x4922c0	num	1	0x200000
cls_0x4922c0	num	1	0x204
cls_0x4922c0	num	1	0x28
cls_0x4922c0	num	1	0x36c
cls_0x4922c0	num	1	0x3a
cls_0x4922c0	num	1	0x400
cls_0x4922c0	num	1	0x54
cls_0x4922c0	num	1	0x60
cls_0x4922c0	num	1	0x800
cls_0x4922c0	num	1	0x84
cls_0x4922c0	num	1	0xd8
cls_0x4922c0	num	1	0xffffffef
cls_0x4922c0	num	1	0xfffffffd
cls_0x4922c0	num	1	0xfffffffe
cls_0x4922c0	num	1	164
cls_0x4922c0	num	1	168
cls_0x4922c0	num	1	172
cls_0x4922c0	num	1	176
cls_0x4922c0	num	1	180
cls_0x4922c0	num	1	181
cls_0x4922c0	num	1	182
cls_0x4922c0	num	1	184
cls_0x4922c0	num	1	188
cls_0x4922c0	num	1	192
cls_0x4922c0	num	1	196
cls_0x4922c0	num	1	20
cls_0x4922c0	num	1	200
cls_0x4922c0	num	1	204
cls_0x4922c0	num	1	216
cls_0x4922c0	num	1	220
cls_0x4922c0	num	1	224
cls_0x4922c0	num	1	228
cls_0x4922c0	num	1	232
cls_0x4922c0	num	1	24
cls_0x4922c0	num	1	28
cls_0x4922c0	num	1	31
cls_0x4922c0	num	1	500
cls_0x4922c0	num	1	52
cls_0x4922c0	num	1	6000
cls_0x4922c0	num	1	72
cls_0x4922c0	num	1	76
cls_0x4922c0	num	1	80
cls_0x4922c0	meth	1	meth_0x4922c0:v():36
cls_0x4922c0	meth	1	meth_0x4923c0:v():30
cls_0x4922c0	meth	1	meth_0x492440:v(d):26
cls_0x4922c0	meth	1	meth_0x492490:v():26
cls_0x4922c0	meth	1	meth_0x4924f0:v():26
cls_0x4922c0	meth	1	meth_0x4927b0:d(p,d):165
cls_0x4922c0	meth	1	meth_0x492b00:v(d):45
cls_0x4922c0	meth	1	meth_0x492d70:d():210
cls_0x4922c0	meth	1	meth_0x4933d0:d():456
cls_0x4922c0	meth	1	meth_0x493e40:v():92
cls_0x4922c0	meth	1	meth_0x493fa0:v(d):80
cls_0x4922c0	meth	1	meth_0x494370:v():37
cls_0x4922c0	meth	1	meth_0x4943f0:d():21
cls_0x492380	sum	1	fields=1 methods=0 lines=12
cls_0x492380	num	1	20
cls_0x4923b0	sum	1	fields=1 methods=0 lines=12
cls_0x4925b0	sum	1	fields=1 methods=1 lines=64
cls_0x4925b0	num	2	0x44
cls_0x4925b0	num	1	0x1c
cls_0x4925b0	meth	1	meth_0x4925b0:d(d,d):52
cls_0x492c40	sum	1	fields=4 methods=1 lines=43
cls_0x492c40	num	1	0x1fc
cls_0x492c40	num	1	180
cls_0x492c40	num	1	181
cls_0x492c40	num	1	182
cls_0x492c40	num	1	188
cls_0x492c40	num	1	192
cls_0x492c40	meth	1	meth_0x492c40:v():28
cls_0x4942a0	sum	1	fields=1 methods=1 lines=23
cls_0x4942a0	num	1	0x10000
cls_0x4942a0	num	1	76
cls_0x4942a0	num	1	80
cls_0x4942a0	meth	1	meth_0x4942a0:v():11
cls_0x4942b0	sum	1	fields=1 methods=1 lines=23
cls_0x4942b0	num	1	0xfffeffff
cls_0x4942b0	num	1	76
cls_0x4942b0	num	1	80
cls_0x4942b0	meth	1	meth_0x4942b0:v():11
cls_0x494a50	sum	1	fields=1 methods=0 lines=12
cls_0x494a80	sum	1	fields=1 methods=0 lines=12
cls_0x494c20	sum	1	fields=1 methods=0 lines=12
cls_0x4959f0	sum	1	fields=2 methods=1 lines=41
cls_0x4959f0	num	1	36
cls_0x4959f0	num	1	52
cls_0x4959f0	num	1	56
cls_0x4959f0	meth	1	meth_0x4959f0:v(d):28
cls_0x495a50	sum	1	fields=2 methods=1 lines=41
cls_0x495a50	num	2	0xfeced300
cls_0x495a50	num	1	36
cls_0x495a50	num	1	52
cls_0x495a50	num	1	56
cls_0x495a50	meth	1	meth_0x495a50:d():28
cls_0x495ab0	sum	1	fields=2 methods=1 lines=68
cls_0x495ab0	num	1	36
cls_0x495ab0	num	1	52
cls_0x495ab0	num	1	56
cls_0x495ab0	meth	1	meth_0x495ab0:v(d):55
cls_0x495b20	sum	1	fields=2 methods=1 lines=41
cls_0x495b20	num	1	36
cls_0x495b20	num	1	52
cls_0x495b20	num	1	56
cls_0x495b20	meth	1	meth_0x495b20:d():28
cls_0x495b70	sum	1	fields=2 methods=1 lines=36
cls_0x495b70	num	1	36
cls_0x495b70	num	1	52
cls_0x495b70	num	1	56
cls_0x495b70	meth	1	meth_0x495b70:d():23
cls_0x495bc0	sum	1	fields=1 methods=0 lines=12
cls_0x495c20	sum	1	fields=2 methods=1 lines=52
cls_0x495c20	num	1	60
cls_0x495c20	meth	1	meth_0x495c20:d():39
cls_0x495c80	sum	1	fields=2 methods=0 lines=13
cls_0x495cf0	sum	1	fields=16 methods=7 lines=685
cls_0x495cf0	str	2	Unable_to_reload_script_file___s
cls_0x495cf0	str	2	Updated___s__script
cls_0x495cf0	str	2	s_s__s
cls_0x495cf0	str	1	Expected_gamestate_identifier_in
cls_0x495cf0	str	1	String
cls_0x495cf0	str	1	Unable_to_find_game_script_file
cls_0x495cf0	str	1	Unable_to_load_MASTER_S_file
cls_0x495cf0	str	1	Unable_to_load_STATE_DEF_file
cls_0x495cf0	api	1	_strncpy
cls_0x495cf0	num	5	0x48
cls_0x495cf0	num	3	0x3fffffff
cls_0x495cf0	num	3	260
cls_0x495cf0	num	2	0x2000
cls_0x495cf0	num	2	0x58
cls_0x495cf0	num	2	0x65bd48
cls_0x495cf0	num	2	0x7f
cls_0x495cf0	num	1	00496240
cls_0x495cf0	num	1	00496490
cls_0x495cf0	num	1	00496860
cls_0x495cf0	num	1	0x00495e43
cls_0x495cf0	num	1	0x00495e4c
cls_0x495cf0	num	1	0x00495e4e
cls_0x495cf0	num	1	0x00495e6f
cls_0x495cf0	num	1	0x00495e71
cls_0x495cf0	num	1	0x00495e83
cls_0x495cf0	num	1	0x00495e85
cls_0x495cf0	num	1	0x00495e8a
cls_0x495cf0	num	1	0x00495e8c
cls_0x495cf0	num	1	0x00495ea8
cls_0x495cf0	num	1	0x00495eb1
cls_0x495cf0	num	1	0x00495eb8
cls_0x495cf0	num	1	0x00495ecd
cls_0x495cf0	num	1	0x00495f0a
cls_0x495cf0	num	1	0x00495f2a
cls_0x495cf0	num	1	0x00495f40
cls_0x495cf0	num	1	0x00495f46
cls_0x495cf0	num	1	0x00495f5a
cls_0x495cf0	num	1	0x00495f5d
cls_0x495cf0	num	1	0x38
cls_0x495cf0	num	1	0x4c
cls_0x495cf0	num	1	0x84
cls_0x495cf0	num	1	0xfffffffe
cls_0x495cf0	num	1	16388
cls_0x495cf0	num	1	32772
cls_0x495cf0	num	1	32776
cls_0x495cf0	num	1	32780
cls_0x495cf0	num	1	32788
cls_0x495cf0	num	1	32792
cls_0x495cf0	num	1	32796
cls_0x495cf0	num	1	32800
cls_0x495cf0	num	1	32808
cls_0x495cf0	num	1	32812
cls_0x495cf0	num	1	32816
cls_0x495cf0	num	1	32820
cls_0x495cf0	num	1	32828
cls_0x495cf0	num	1	32832
cls_0x495cf0	num	1	32836
cls_0x495cf0	meth	1	meth_0x495cf0:v():61
cls_0x495cf0	meth	1	meth_0x496240:d():63
cls_0x495cf0	meth	1	meth_0x496490:d():85
cls_0x495cf0	meth	1	meth_0x4967a0:v():39
cls_0x495cf0	meth	1	meth_0x496860:v(p,d):295
cls_0x495cf0	meth	1	meth_0x496f20:v(d):63
cls_0x495cf0	meth	1	meth_0x4970b0:v():30
cls_0x496330	sum	1	fields=13 methods=2 lines=159
cls_0x496330	str	1	Revenant_Scrip
cls_0x496330	str	1	master_s
cls_0x496330	str	1	state_def
cls_0x496330	num	2	0x65bd48
cls_0x496330	num	2	260
cls_0x496330	num	1	00496330
cls_0x496330	num	1	00496690
cls_0x496330	num	1	0x38
cls_0x496330	num	1	0x3fffffff
cls_0x496330	num	1	16388
cls_0x496330	num	1	32772
cls_0x496330	num	1	32776
cls_0x496330	num	1	32788
cls_0x496330	num	1	32792
cls_0x496330	num	1	32796
cls_0x496330	num	1	32800
cls_0x496330	num	1	32808
cls_0x496330	num	1	32812
cls_0x496330	num	1	32816
cls_0x496330	num	1	32828
cls_0x496330	num	1	32832
cls_0x496330	num	1	32836
cls_0x496330	meth	1	meth_0x496330:v():87
cls_0x496330	meth	1	meth_0x496690:d(d):48
cls_0x496e20	sum	1	fields=2 methods=1 lines=52
cls_0x496e20	num	1	32792
cls_0x496e20	num	1	32808
cls_0x496e20	num	1	32812
cls_0x496e20	meth	1	meth_0x496e20:v():39
cls_0x497120	sum	1	fields=3 methods=1 lines=140
cls_0x497120	str	1	OBJECT__s_BEGIN_END
cls_0x497120	str	1	String
cls_0x497120	num	1	00497120
cls_0x497120	num	1	0x2000
cls_0x497120	num	1	0x4c
cls_0x497120	num	1	0xe8
cls_0x497120	num	1	32772
cls_0x497120	num	1	32788
cls_0x497120	num	1	32792
cls_0x497120	num	1	32796
cls_0x497120	meth	1	meth_0x497120:p(d,d,d):126
cls_0x497370	sum	1	fields=3 methods=1 lines=72
cls_0x497370	num	2	0xe8
cls_0x497370	num	1	00497370
cls_0x497370	num	1	0x38
cls_0x497370	num	1	0x4c
cls_0x497370	num	1	32772
cls_0x497370	num	1	32788
cls_0x497370	num	1	32792
cls_0x497370	num	1	32796
cls_0x497370	meth	1	meth_0x497370:p():58
cls_0x4974d0	sum	1	fields=3 methods=1 lines=87
cls_0x4974d0	num	1	0x1000
cls_0x4974d0	num	1	16388
cls_0x4974d0	num	1	16392
cls_0x4974d0	num	1	52
cls_0x4974d0	meth	1	meth_0x4974d0:d():73
cls_0x4975d0	sum	1	fields=4 methods=6 lines=342
cls_0x4975d0	num	10	0x24
cls_0x4975d0	num	10	0x34
cls_0x4975d0	num	5	0x38
cls_0x4975d0	num	5	0x4c
cls_0x4975d0	num	2	20000000
cls_0x4975d0	num	1	00497700
cls_0x4975d0	num	1	00497800
cls_0x4975d0	num	1	00497910
cls_0x4975d0	num	1	0xfeced300
cls_0x4975d0	num	1	16388
cls_0x4975d0	num	1	32772
cls_0x4975d0	num	1	32788
cls_0x4975d0	num	1	32792
cls_0x4975d0	meth	1	meth_0x4975d0:d():45
cls_0x4975d0	meth	1	meth_0x497700:v(d,d):50
cls_0x4975d0	meth	1	meth_0x497800:d(d):49
cls_0x4975d0	meth	1	meth_0x497910:v(d,p):86
cls_0x4975d0	meth	1	meth_0x497a30:d(d):49
cls_0x4975d0	meth	1	meth_0x497b40:d(d):48
cls_0x497c40	sum	1	fields=2 methods=1 lines=94
cls_0x497c40	num	4	0x1c
cls_0x497c40	num	1	0x14
cls_0x497c40	num	1	0x18
cls_0x497c40	num	1	0x24
cls_0x497c40	num	1	0x28
cls_0x497c40	num	1	0x2c
cls_0x497c40	num	1	0x30
cls_0x497c40	num	1	0x3c
cls_0x497c40	num	1	0xd8
cls_0x497c40	num	1	0xdc
cls_0x497c40	num	1	0xe0
cls_0x497c40	num	1	32772
cls_0x497c40	num	1	32788
cls_0x497c40	num	1	32792
cls_0x497c40	meth	1	meth_0x497c40:v():81
cls_0x497e00	sum	1	fields=2 methods=1 lines=64
cls_0x497e00	num	3	0xd4
cls_0x497e00	num	3	0xe4
cls_0x497e00	num	2	0x44
cls_0x497e00	num	1	32792
cls_0x497e00	num	1	32808
cls_0x497e00	num	1	32812
cls_0x497e00	meth	1	meth_0x497e00:v(d):51
cls_0x498eb0	sum	1	fields=2 methods=2 lines=82
cls_0x498eb0	num	6	0x400
cls_0x498eb0	num	4	0x3ff
cls_0x498eb0	num	2	0x600
cls_0x498eb0	meth	1	meth_0x498eb0:v():42
cls_0x498eb0	meth	1	meth_0x498f60:v():27
cls_0x499500	sum	1	fields=6 methods=1 lines=42
cls_0x499500	num	1	00499500
cls_0x499500	num	1	152
cls_0x499500	num	1	172
cls_0x499500	num	1	200
cls_0x499500	num	1	252
cls_0x499500	num	1	268
cls_0x499500	num	1	272
cls_0x499500	num	1	276
cls_0x499500	meth	1	meth_0x499500:v():25
cls_0x499560	sum	1	fields=3 methods=1 lines=119
cls_0x499560	num	4	0x3ff
cls_0x499560	num	1	00499560
cls_0x499560	num	1	0x400
cls_0x499560	meth	1	meth_0x499560:v(d,d,d,d,d,d,d,d,d):105
cls_0x499710	sum	1	fields=1 methods=1 lines=30
cls_0x499710	num	1	00499710
cls_0x499710	num	1	0x800
cls_0x499710	meth	1	meth_0x499710:v():18
cls_0x499720	sum	1	fields=1 methods=2 lines=48
cls_0x499720	num	2	0x3ff
cls_0x499720	num	1	00499720
cls_0x499720	num	1	00499750
cls_0x499720	meth	1	meth_0x499720:?(d):15
cls_0x499720	meth	1	meth_0x499750:v(d,d):21
cls_0x49a0a0	sum	1	fields=0 methods=0 lines=37
cls_0x49a0a0	num	2	24
cls_0x49a190	sum	1	fields=0 methods=0 lines=23
cls_0x49a190	num	2	24
cls_0x49a210	sum	1	fields=3 methods=1 lines=52
cls_0x49a210	meth	1	meth_0x49a1d0:p():38
cls_0x49a250	sum	1	fields=3 methods=1 lines=30
cls_0x49a250	meth	1	meth_0x49a250:d():16
cls_0x49a270	sum	1	fields=7 methods=1 lines=49
cls_0x49a270	num	1	0x60
cls_0x49a270	num	1	36
cls_0x49a270	num	1	60
cls_0x49a270	num	1	68
cls_0x49a270	meth	1	meth_0x49a270:d():31
cls_0x49a2e0	sum	1	fields=2 methods=2 lines=48
cls_0x49a2e0	meth	1	meth_0x49a2e0:v():14
cls_0x49a2e0	meth	1	meth_0x49a560:v():21
cls_0x49a300	sum	1	fields=9 methods=4 lines=151
cls_0x49a300	num	1	24
cls_0x49a300	num	1	28
cls_0x49a300	num	1	48
cls_0x49a300	num	1	52
cls_0x49a300	num	1	56
cls_0x49a300	num	1	60
cls_0x49a300	meth	1	meth_0x49a300:v():36
cls_0x49a300	meth	1	meth_0x49a480:d():22
cls_0x49a300	meth	1	meth_0x49a4d0:v():51
cls_0x49a300	meth	1	meth_0x49a590:d():22
cls_0x49a380	sum	1	fields=7 methods=1 lines=95
cls_0x49a380	num	2	0x60
cls_0x49a380	num	1	20
cls_0x49a380	num	1	68
cls_0x49a380	meth	1	meth_0x49a380:v():77
cls_0x49a5c0	sum	1	fields=4 methods=1 lines=44
cls_0x49a5c0	num	2	0x60
cls_0x49a5c0	meth	1	meth_0x49a5c0:v():29
cls_0x49a610	sum	1	fields=3 methods=1 lines=42
cls_0x49a610	num	2	0x60
cls_0x49a610	meth	1	meth_0x49a610:v():28
cls_0x49ab30	sum	1	fields=12 methods=1 lines=134
cls_0x49ab30	str	1	EAX_damping
cls_0x49ab30	str	1	EAX_decay_time
cls_0x49ab30	str	1	EAX_effect_volume
cls_0x49ab30	num	1	124
cls_0x49ab30	num	1	24
cls_0x49ab30	num	1	28
cls_0x49ab30	num	1	44
cls_0x49ab30	num	1	48
cls_0x49ab30	num	1	52
cls_0x49ab30	num	1	60
cls_0x49ab30	meth	1	meth_0x49ab30:v():111
cls_0x49b4f0	sum	1	fields=2 methods=0 lines=13
cls_0x49b4f0	num	1	28
cls_0x49b4f0	num	1	44
cls_0x49b4f0	num	1	48
cls_0x49beb0	sum	1	fields=1 methods=1 lines=27
cls_0x49beb0	num	1	48
cls_0x49beb0	num	1	52
cls_0x49beb0	meth	1	meth_0x49beb0:v(d,d):15
cls_0x49c3f0	sum	1	fields=3 methods=0 lines=14
cls_0x49c3f0	num	1	24
cls_0x49c3f0	num	1	52
cls_0x49c3f0	num	1	56
cls_0x49c830	sum	1	fields=2 methods=2 lines=77
cls_0x49c830	num	1	124
cls_0x49c830	num	1	60
cls_0x49c830	meth	1	meth_0x49c830:v():32
cls_0x49c830	meth	1	meth_0x49c890:v():32
cls_0x49c960	sum	1	fields=1 methods=0 lines=23
cls_0x49c970	sum	1	fields=1 methods=1 lines=36
cls_0x49c970	num	1	0x18
cls_0x49c970	meth	1	meth_0x49c970:v():24
cls_0x49c9b0	sum	1	fields=1 methods=1 lines=39
cls_0x49c9b0	num	2	0x18
cls_0x49c9b0	num	1	0x1f
cls_0x49c9b0	num	1	0x7c
cls_0x49c9b0	num	1	0xffe17b80
cls_0x49c9b0	meth	1	meth_0x49c9b0:v():27
cls_0x49cbf0	sum	1	fields=1 methods=1 lines=27
cls_0x49cbf0	num	1	0x1f
cls_0x49cbf0	meth	1	meth_0x49cbf0:d(d):15
cls_0x49ce00	sum	1	fields=1 methods=0 lines=31
cls_0x49ce00	api	1	_strncpy
cls_0x49ce40	sum	1	fields=3 methods=0 lines=14
cls_0x49d2a0	sum	1	fields=3 methods=2 lines=177
cls_0x49d2a0	str	2	s_s__s_def
cls_0x49d2a0	str	1	63t__4091s
cls_0x49d2a0	str	1	RETURN_expected
cls_0x49d2a0	str	1	Syntax_error_in_header
cls_0x49d2a0	str	1	english
cls_0x49d2a0	str	1	s_s__s_dialog_def
cls_0x49d2a0	str	1	tag__line__expected
cls_0x49d2a0	num	3	0x58
cls_0x49d2a0	num	2	0x14
cls_0x49d2a0	num	2	0x65bc18
cls_0x49d2a0	num	1	0x0049d5ac
cls_0x49d2a0	num	1	0x0049d5df
cls_0x49d2a0	num	1	0x0049d5f5
cls_0x49d2a0	num	1	0x0049d5fb
cls_0x49d2a0	num	1	0x0049d60f
cls_0x49d2a0	num	1	0x0049d612
cls_0x49d2a0	num	1	0x18
cls_0x49d2a0	num	1	0x2000
cls_0x49d2a0	num	1	20
cls_0x49d2a0	num	1	24
cls_0x49d2a0	num	1	36
cls_0x49d2a0	num	1	40
cls_0x49d2a0	meth	1	meth_0x49d2a0:d(d,d,d,d,d,d,b,d,d,b,d,d,d):118
cls_0x49d2a0	meth	1	meth_0x49d650:v():36
cls_0x49e330	sum	1	fields=1 methods=0 lines=24
cls_0x49e350	sum	1	fields=1 methods=1 lines=26
cls_0x49e350	meth	1	meth_0x49e350:v():14
cls_0x49e370	sum	1	fields=1 methods=2 lines=65
cls_0x49e370	api	1	CreateEventA
cls_0x49e370	api	1	MMRESULT
cls_0x49e370	num	3	0x29
cls_0x49e370	num	1	0x2a
cls_0x49e370	meth	1	meth_0x49e370:b():34
cls_0x49e370	meth	1	meth_0x49e410:v():19
cls_0x49e490	sum	1	fields=12 methods=1 lines=101
cls_0x49e490	num	4	0x96048
cls_0x49e490	num	2	0x18
cls_0x49e490	num	1	0x11
cls_0x49e490	num	1	0x12
cls_0x49e490	num	1	0x14
cls_0x49e490	num	1	0x1e0
cls_0x49e490	num	1	0x280
cls_0x49e490	num	1	0x6c
cls_0x49e490	num	1	0x96000
cls_0x49e490	num	1	20
cls_0x49e490	num	1	24
cls_0x49e490	num	1	28
cls_0x49e490	num	1	36
cls_0x49e490	num	1	40
cls_0x49e490	num	1	44
cls_0x49e490	num	1	48
cls_0x49e490	meth	1	meth_0x49e490:d(d):78
cls_0x49e610	sum	1	fields=7 methods=1 lines=64
cls_0x49e610	str	1	video_03d_bmp
cls_0x49e610	num	1	20
cls_0x49e610	num	1	24
cls_0x49e610	num	1	28
cls_0x49e610	num	1	36
cls_0x49e610	num	1	80
cls_0x49e610	meth	1	meth_0x49e610:v():46
cls_0x49e6d0	sum	1	fields=8 methods=2 lines=64
cls_0x49e6d0	str	1	video_03d_bmp
cls_0x49e6d0	num	1	0x10000
cls_0x49e6d0	num	1	0x18
cls_0x49e6d0	num	1	24
cls_0x49e6d0	num	1	28
cls_0x49e6d0	num	1	40
cls_0x49e6d0	num	1	44
cls_0x49e6d0	num	1	48
cls_0x49e6d0	num	1	80
cls_0x49e6d0	meth	1	meth_0x49e6d0:v():17
cls_0x49e6d0	meth	1	meth_0x49e710:v():28
cls_0x49e790	sum	1	fields=8 methods=1 lines=101
cls_0x49e790	str	1	video_03d_bmp
cls_0x49e790	num	1	0x1f
cls_0x49e790	num	1	0x24
cls_0x49e790	num	1	0x5c
cls_0x49e790	num	1	0x80000000
cls_0x49e790	num	1	20
cls_0x49e790	num	1	24
cls_0x49e790	num	1	28
cls_0x49e790	num	1	40
cls_0x49e790	num	1	44
cls_0x49e790	num	1	48
cls_0x49e790	meth	1	meth_0x49e790:v():82
cls_0x49e980	sum	1	fields=8 methods=0 lines=108
cls_0x49e980	num	3	0x200
cls_0x49e980	num	3	0x3fffffff
cls_0x49e980	num	3	24
cls_0x49e980	num	1	0x100
cls_0x49e980	num	1	0x41
cls_0x49e980	num	1	272
cls_0x49e980	num	1	400
cls_0x49e980	num	1	404
cls_0x49e980	num	1	444
cls_0x49e980	num	1	468
cls_0x49e980	num	1	492
cls_0x49e980	num	1	496
cls_0x49e980	num	1	500
cls_0x49ead0	sum	1	fields=9 methods=14 lines=1590
cls_0x49ead0	str	1	Unable_to_allocate_zip_mem_block
cls_0x49ead0	api	4	_strncpy
cls_0x49ead0	api	3	_strrchr
cls_0x49ead0	num	7	0x1e
cls_0x49ead0	num	6	0x14
cls_0x49ead0	num	6	0x18
cls_0x49ead0	num	6	0x3fffffff
cls_0x49ead0	num	5	0x4000
cls_0x49ead0	num	4	0x104
cls_0x49ead0	num	4	0x16
cls_0x49ead0	num	4	0x4034b50
cls_0x49ead0	num	4	0x6054b50
cls_0x49ead0	num	3	0x1c
cls_0x49ead0	num	3	0x200
cls_0x49ead0	num	3	0x2014b50
cls_0x49ead0	num	3	0x2a
cls_0x49ead0	num	3	0x5c
cls_0x49ead0	num	3	0xfffffffc
cls_0x49ead0	num	3	24
cls_0x49ead0	num	2	0x103
cls_0x49ead0	num	2	0x34
cls_0x49ead0	num	2	0x38
cls_0x49ead0	num	2	0x41
cls_0x49ead0	num	2	0x668b14
cls_0x49ead0	num	2	260
cls_0x49ead0	num	1	0x100
cls_0x49ead0	num	1	0x22
cls_0x49ead0	num	1	0x26
cls_0x49ead0	num	1	0x2e
cls_0x49ead0	num	1	0x30
cls_0x49ead0	num	1	0x3c
cls_0x49ead0	num	1	0x3f
cls_0x49ead0	num	1	0x417
cls_0x49ead0	num	1	0x668b10
cls_0x49ead0	num	1	0x7f
cls_0x49ead0	num	1	0xffff0000
cls_0x49ead0	num	1	0xfffffffb
cls_0x49ead0	num	1	272
cls_0x49ead0	num	1	399
cls_0x49ead0	num	1	400
cls_0x49ead0	num	1	404
cls_0x49ead0	num	1	444
cls_0x49ead0	num	1	468
cls_0x49ead0	num	1	492
cls_0x49ead0	num	1	496
cls_0x49ead0	num	1	500
cls_0x49ead0	num	1	65
cls_0x49ead0	meth	1	meth_0x49ec40:v():56
cls_0x49ead0	meth	1	meth_0x49ee20:d(p):118
cls_0x49ead0	meth	1	meth_0x49eff0:v():104
cls_0x49ead0	meth	1	meth_0x49f180:v():18
cls_0x49ead0	meth	1	meth_0x49f1b0:d():32
cls_0x49ead0	meth	1	meth_0x49f3d0:d(d):20
cls_0x49ead0	meth	1	meth_0x49f470:p(p):262
cls_0x49ead0	meth	1	meth_0x49fb80:d(d,p):179
cls_0x49ead0	meth	1	meth_0x49ff40:d():100
cls_0x49ead0	meth	1	meth_0x4a0180:d(p):79
cls_0x49ead0	meth	1	meth_0x4a0380:d(d):84
cls_0x49ead0	meth	1	meth_0x4a06a0:p():114
cls_0x49ead0	meth	1	meth_0x4a0890:p():217
cls_0x49ead0	meth	1	meth_0x4a0e70:d():95
cls_0x49ed40	sum	1	fields=21 methods=0 lines=32
cls_0x49ed40	num	1	272
cls_0x49ed40	num	1	400
cls_0x49ed40	num	1	404
cls_0x49ed40	num	1	408
cls_0x49ed40	num	1	412
cls_0x49ed40	num	1	420
cls_0x49ed40	num	1	444
cls_0x49ed40	num	1	448
cls_0x49ed40	num	1	452
cls_0x49ed40	num	1	460
cls_0x49ed40	num	1	468
cls_0x49ed40	num	1	472
cls_0x49ed40	num	1	476
cls_0x49ed40	num	1	484
cls_0x49ed40	num	1	488
cls_0x49ed40	num	1	492
cls_0x49ed40	num	1	496
cls_0x49ed40	num	1	500
cls_0x4a0d20	sum	1	fields=5 methods=1 lines=64
cls_0x4a0d20	num	1	400
cls_0x4a0d20	num	1	404
cls_0x4a0d20	num	1	420
cls_0x4a0d20	num	1	424
cls_0x4a0d20	meth	1	meth_0x4a0d20:d(p,d):48
cls_0x4a0e10	sum	1	fields=6 methods=0 lines=17
cls_0x4a0e10	num	1	400
cls_0x4a0e10	num	1	404
cls_0x4a0e10	num	1	420
cls_0x4a0e10	num	1	440
cls_0x4a0e10	num	1	444
cls_0x4a1050	sum	1	fields=0 methods=0 lines=57
cls_0x4a1050	num	2	24
cls_0x4a1050	num	1	0x3fffffff
cls_0x4a1050	num	1	0x668b14
cls_0x4a1120	sum	1	fields=2 methods=1 lines=38
cls_0x4a1120	num	1	0x110
cls_0x4a1120	num	1	20
cls_0x4a1120	num	1	400
cls_0x4a1120	meth	1	meth_0x4a1120:d():25
cls_0x4a21a0	sum	1	fields=6 methods=1 lines=28
cls_0x4a21a0	num	1	0x48
cls_0x4a21a0	num	1	28
cls_0x4a21a0	num	1	36
cls_0x4a21a0	num	1	44
cls_0x4a21a0	num	1	52
cls_0x4a21a0	num	1	60
cls_0x4a21a0	num	1	68
cls_0x4a21a0	num	1	72
cls_0x4a21a0	meth	1	meth_0x4a21a0:d():11
cls_0x4a22f0	sum	1	fields=7 methods=2 lines=298
cls_0x4a22f0	api	1	_param_10
cls_0x4a22f0	num	2	0x16
cls_0x4a22f0	num	2	0x1f
cls_0x4a22f0	num	2	0x80000000
cls_0x4a22f0	num	1	0x12
cls_0x4a22f0	num	1	0x15
cls_0x4a22f0	num	1	0x20000
cls_0x4a22f0	num	1	0x28
cls_0x4a22f0	num	1	0x30
cls_0x4a22f0	num	1	0x38
cls_0x4a22f0	num	1	0xc00
cls_0x4a22f0	num	1	48
cls_0x4a22f0	num	1	56
cls_0x4a22f0	num	1	68
cls_0x4a22f0	num	1	72
cls_0x4a22f0	num	1	76
cls_0x4a22f0	meth	1	meth_0x4a22f0:d(d,w):122
cls_0x4a22f0	meth	1	meth_0x4a2510:d(d,d,p,d,d,d,d,d,d,w,d,d):158
cls_0x4a2770	sum	1	fields=6 methods=0 lines=17
cls_0x4a2770	num	1	48
cls_0x4a2770	num	1	56
cls_0x4a2770	num	1	72
cls_0x4a2770	num	1	76
cls_0x4a3060	sum	1	fields=4 methods=1 lines=40
cls_0x4a3060	num	1	24
cls_0x4a3060	num	1	28
cls_0x4a3060	meth	1	meth_0x4a3060:b(d):25
cls_0x4a4eb0	sum	1	fields=4 methods=0 lines=15
cls_0x4a4f50	sum	1	fields=3 methods=1 lines=197
cls_0x4a4f50	meth	1	meth_0x4a5590:d():13
cls_0x4aa0c0	sum	1	fields=11 methods=3 lines=205
cls_0x4aa0c0	num	13	0x13
cls_0x4aa0c0	num	3	0x24
cls_0x4aa0c0	num	3	0x44
cls_0x4aa0c0	num	2	0x1f
cls_0x4aa0c0	num	2	0x48
cls_0x4aa0c0	num	2	0x5c
cls_0x4aa0c0	num	1	0x11
cls_0x4aa0c0	num	1	0x400000
cls_0x4aa0c0	num	1	0x669de8
cls_0x4aa0c0	num	1	0x80000000
cls_0x4aa0c0	num	1	0xfffffbff
cls_0x4aa0c0	num	1	120
cls_0x4aa0c0	num	1	140
cls_0x4aa0c0	num	1	144
cls_0x4aa0c0	num	1	20
cls_0x4aa0c0	num	1	24
cls_0x4aa0c0	num	1	28
cls_0x4aa0c0	num	1	36
cls_0x4aa0c0	num	1	40
cls_0x4aa0c0	num	1	44
cls_0x4aa0c0	meth	1	meth_0x4aa0c0:d():54
cls_0x4aa0c0	meth	1	meth_0x4aa930:d():32
cls_0x4aa0c0	meth	1	meth_0x4aa9d0:d():97
cls_0x4aaeb0	sum	1	fields=1 methods=1 lines=333
cls_0x4aaeb0	num	53	0x13
cls_0x4aaeb0	num	4	0x100
cls_0x4aaeb0	num	4	0x44
cls_0x4aaeb0	num	3	0x8c
cls_0x4aaeb0	num	2	0x14
cls_0x4aaeb0	num	2	0x5c
cls_0x4aaeb0	num	2	0x7f
cls_0x4aaeb0	num	2	0xfffffff3
cls_0x4aaeb0	num	1	0x22
cls_0x4aaeb0	num	1	0x24
cls_0x4aaeb0	num	1	0x400022
cls_0x4aaeb0	num	1	0x400024
cls_0x4aaeb0	num	1	0x7c
cls_0x4aaeb0	num	1	120
cls_0x4aaeb0	num	1	124
cls_0x4aaeb0	meth	1	meth_0x4aaeb0:d(d,d,d,d,d):321
cls_0x4acb80	sum	1	fields=2 methods=2 lines=208
cls_0x4acb80	api	3	GetTextExtentPoint32A
cls_0x4acb80	api	1	GetWindowDC
cls_0x4acb80	api	1	ReleaseDC
cls_0x4acb80	num	2	0x58
cls_0x4acb80	num	1	0x100
cls_0x4acb80	num	1	0x28
cls_0x4acb80	num	1	0x38
cls_0x4acb80	num	1	0x50
cls_0x4acb80	num	1	0x54
cls_0x4acb80	num	1	0x5c
cls_0x4acb80	num	1	20
cls_0x4acb80	num	1	24
cls_0x4acb80	num	1	88
cls_0x4acb80	meth	1	meth_0x4acb80:d(d,p,d,d,d,d):178
cls_0x4acb80	meth	1	meth_0x521c60:d():17
cls_0x4acee0	sum	1	fields=2 methods=1 lines=37
cls_0x4acee0	num	2	0x102
cls_0x4acee0	meth	1	meth_0x4acee0:d():24
cls_0x4bc260	sum	1	fields=2 methods=1 lines=25
cls_0x4bc260	num	1	140
cls_0x4bc260	num	1	144
cls_0x4bc260	meth	1	meth_0x4bc260:v():12
cls_0x4bc280	sum	1	fields=2 methods=1 lines=25
cls_0x4bc280	num	1	140
cls_0x4bc280	num	1	144
cls_0x4bc280	meth	1	meth_0x4bc280:v():12
cls_0x4bc2a0	sum	1	fields=8 methods=2 lines=187
cls_0x4bc2a0	str	1	d__revenant_Movies_cpp
cls_0x4bc2a0	api	1	DispatchMessageA
cls_0x4bc2a0	api	1	PeekMessageA
cls_0x4bc2a0	num	5	0x7f7f
cls_0x4bc2a0	num	5	0x80000000
cls_0x4bc2a0	num	2	0x24
cls_0x4bc2a0	num	2	0xfe000
cls_0x4bc2a0	num	1	0x12
cls_0x4bc2a0	num	1	0x1f
cls_0x4bc2a0	num	1	0x374
cls_0x4bc2a0	num	1	0x50
cls_0x4bc2a0	num	1	0x58
cls_0x4bc2a0	num	1	0x5c
cls_0x4bc2a0	num	1	0x68
cls_0x4bc2a0	num	1	0x6c
cls_0x4bc2a0	num	1	0x78
cls_0x4bc2a0	num	1	0x7c
cls_0x4bc2a0	num	1	0x8000
cls_0x4bc2a0	num	1	0x887601ae
cls_0x4bc2a0	num	1	0x887601c2
cls_0x4bc2a0	num	1	0x8876021c
cls_0x4bc2a0	num	1	132
cls_0x4bc2a0	num	1	140
cls_0x4bc2a0	num	1	144
cls_0x4bc2a0	num	1	24
cls_0x4bc2a0	num	1	44
cls_0x4bc2a0	meth	1	meth_0x4bc2a0:v():55
cls_0x4bc2a0	meth	1	meth_0x4bc470:v():113
cls_0x4bc850	sum	1	fields=7 methods=1 lines=53
cls_0x4bc850	num	1	0x18
cls_0x4bc850	num	1	0x24
cls_0x4bc850	num	1	104
cls_0x4bc850	num	1	56
cls_0x4bc850	meth	1	meth_0x4bc850:v():35
cls_0x4bd8c0	sum	1	fields=1 methods=1 lines=72
cls_0x4bd8c0	num	1	0x100000
cls_0x4bd8c0	num	1	0x1f
cls_0x4bd8c0	num	1	0x58
cls_0x4bd8c0	meth	1	meth_0x4bd8c0:v(d,d,p,d):60
cls_0x4bd970	sum	1	fields=1 methods=0 lines=12
cls_0x4bdbb0	sum	1	fields=1 methods=0 lines=12
cls_0x4bddc0	sum	1	fields=1 methods=1 lines=71
cls_0x4bddc0	api	1	_param_2
cls_0x4bddc0	num	1	0x1f
cls_0x4bddc0	num	1	0x58
cls_0x4bddc0	meth	1	meth_0x4bddc0:v(d,w,d,p):59
cls_0x4c00b0	sum	1	fields=1 methods=1 lines=29
cls_0x4c00b0	num	1	216
cls_0x4c00b0	num	1	220
cls_0x4c00b0	meth	1	meth_0x4c00b0:v():17
cls_0x4c58f0	sum	1	fields=2 methods=1 lines=40
cls_0x4c58f0	num	1	0x438
cls_0x4c58f0	num	1	448
cls_0x4c58f0	num	1	452
cls_0x4c58f0	num	1	456
cls_0x4c58f0	meth	1	meth_0x4c58f0:d():27
cls_0x4c5b80	sum	1	fields=5 methods=0 lines=16
cls_0x4c5b80	num	1	20
cls_0x4c5b80	num	1	24
cls_0x4c5b80	num	1	54
cls_0x4c5b80	num	1	55
cls_0x4cd4e0	sum	1	fields=2 methods=1 lines=37
cls_0x4cd4e0	num	1	0x1b8
cls_0x4cd4e0	num	1	0x2e0
cls_0x4cd4e0	num	1	0x2fc
cls_0x4cd4e0	num	1	252
cls_0x4cd4e0	meth	1	meth_0x4cd4e0:d():24
cls_0x4cdf30	sum	1	fields=3 methods=1 lines=26
cls_0x4cdf30	num	1	0x100000
cls_0x4cdf30	num	1	0x48
cls_0x4cdf30	num	1	276
cls_0x4cdf30	num	1	280
cls_0x4cdf30	meth	1	meth_0x4cdf30:v():12
cls_0x4ce290	sum	1	fields=3 methods=0 lines=14
cls_0x4ce290	num	1	224
cls_0x4ce290	num	1	228
cls_0x4cefb0	sum	1	fields=4 methods=1 lines=29
cls_0x4cefb0	num	1	0x218
cls_0x4cefb0	num	1	216
cls_0x4cefb0	num	1	224
cls_0x4cefb0	num	1	228
cls_0x4cefb0	meth	1	meth_0x4cefb0:d():14
cls_0x4d55f0	sum	1	fields=2 methods=2 lines=65
cls_0x4d55f0	num	2	0x24
cls_0x4d55f0	num	1	280
cls_0x4d55f0	num	1	284
cls_0x4d55f0	meth	1	meth_0x4d55f0:v():26
cls_0x4d55f0	meth	1	meth_0x4d5650:v():26
cls_0x4d5730	sum	1	fields=5 methods=1 lines=44
cls_0x4d5730	num	1	0x1c0
cls_0x4d5730	num	1	404
cls_0x4d5730	num	1	408
cls_0x4d5730	num	1	412
cls_0x4d5730	num	1	416
cls_0x4d5730	num	1	420
cls_0x4d5730	meth	1	meth_0x4d5730:v():28
cls_0x4d6000	sum	1	fields=2 methods=1 lines=25
cls_0x4d6000	num	1	264
cls_0x4d6000	num	1	608
cls_0x4d6000	num	1	612
cls_0x4d6000	meth	1	meth_0x4d6000:v():12
cls_0x4d6ff0	sum	1	fields=0 methods=0 lines=21
cls_0x4d7640	sum	1	fields=4 methods=1 lines=32
cls_0x4d7640	num	1	332
cls_0x4d7640	num	1	336
cls_0x4d7640	num	1	340
cls_0x4d7640	num	1	344
cls_0x4d7640	num	1	348
cls_0x4d7640	meth	1	meth_0x4d7640:v(d,d):17
cls_0x4d81e0	sum	1	fields=1 methods=0 lines=12
cls_0x4d8b90	sum	1	fields=1 methods=0 lines=12
cls_0x4da8f0	sum	1	fields=1 methods=1 lines=22
cls_0x4da8f0	num	1	56
cls_0x4da8f0	num	1	60
cls_0x4da8f0	meth	1	meth_0x4da8f0:d():10
cls_0x4da9f0	sum	1	fields=16 methods=1 lines=97
cls_0x4da9f0	num	1	36
cls_0x4da9f0	num	1	40
cls_0x4da9f0	num	1	44
cls_0x4da9f0	num	1	48
cls_0x4da9f0	num	1	52
cls_0x4da9f0	num	1	56
cls_0x4da9f0	num	1	60
cls_0x4da9f0	num	1	68
cls_0x4da9f0	num	1	72
cls_0x4da9f0	num	1	76
cls_0x4da9f0	num	1	80
cls_0x4da9f0	num	1	92
cls_0x4da9f0	num	1	96
cls_0x4da9f0	meth	1	meth_0x4d7030:v():70
cls_0x4daae0	sum	1	fields=2 methods=0 lines=67
cls_0x4daae0	num	1	0x19
cls_0x4dab30	sum	1	fields=16 methods=0 lines=27
cls_0x4dab30	num	1	36
cls_0x4dab30	num	1	40
cls_0x4dab30	num	1	44
cls_0x4dab30	num	1	48
cls_0x4dab30	num	1	52
cls_0x4dab30	num	1	56
cls_0x4dab30	num	1	60
cls_0x4dab30	num	1	68
cls_0x4dab30	num	1	72
cls_0x4dab30	num	1	76
cls_0x4dab30	num	1	80
cls_0x4dab30	num	1	92
cls_0x4dab30	num	1	96
cls_0x4dac30	sum	1	fields=1 methods=2 lines=66
cls_0x4dac30	meth	1	meth_0x4dac30:d():27
cls_0x4dac30	meth	1	meth_0x4dac80:d():27
cls_0x4dacd0	sum	1	fields=1 methods=0 lines=12
cls_0x4dad20	sum	1	fields=1 methods=0 lines=12
cls_0x4dad70	sum	1	fields=1 methods=0 lines=12
cls_0x4dae50	sum	1	fields=1 methods=0 lines=12
cls_0x4dbd30	sum	1	fields=3 methods=2 lines=113
cls_0x4dbd30	num	2	0x19
cls_0x4dbd30	num	1	0x400
cls_0x4dbd30	num	1	0x60
cls_0x4dbd30	num	1	192
cls_0x4dbd30	num	1	196
cls_0x4dbd30	num	1	200
cls_0x4dbd30	num	1	204
cls_0x4dbd30	meth	1	meth_0x4dbd30:v(d,d):71
cls_0x4dbd30	meth	1	meth_0x4dbe10:v():28
cls_0x4e2fa0	sum	1	fields=2 methods=1 lines=35
cls_0x4e2fa0	num	1	0x14
cls_0x4e2fa0	num	1	0x18
cls_0x4e2fa0	num	1	388
cls_0x4e2fa0	num	1	392
cls_0x4e2fa0	meth	1	meth_0x4e2fa0:v():22
cls_0x4e2fe0	sum	1	fields=1 methods=1 lines=31
cls_0x4e2fe0	num	1	0x004e2fed
cls_0x4e2fe0	num	1	0x24
cls_0x4e2fe0	num	1	0x60
cls_0x4e2fe0	meth	1	meth_0x4e2fe0:v():19
cls_0x4e4400	sum	1	fields=5 methods=1 lines=31
cls_0x4e4400	num	1	0x14
cls_0x4e4400	num	1	0x158
cls_0x4e4400	num	1	388
cls_0x4e4400	num	1	392
cls_0x4e4400	num	1	396
cls_0x4e4400	num	1	400
cls_0x4e4400	num	1	404
cls_0x4e4400	meth	1	meth_0x4e4400:v():15
cls_0x4e6620	sum	1	fields=2 methods=1 lines=88
cls_0x4e6620	str	2	SetVortex
cls_0x4e6620	num	4	0x11c
cls_0x4e6620	num	3	0x1b4
cls_0x4e6620	num	2	0x1000
cls_0x4e6620	num	2	0x3c
cls_0x4e6620	num	2	0x8000
cls_0x4e6620	num	2	200
cls_0x4e6620	num	1	0x14
cls_0x4e6620	num	1	0x158
cls_0x4e6620	num	1	0x18
cls_0x4e6620	num	1	0x1a8
cls_0x4e6620	num	1	0x1ac
cls_0x4e6620	num	1	0x1b0
cls_0x4e6620	num	1	216
cls_0x4e6620	num	1	220
cls_0x4e6620	meth	1	meth_0x4e6620:v():71
cls_0x4edaa0	sum	1	fields=4 methods=0 lines=15
cls_0x4edaa0	num	1	20
cls_0x4edaa0	num	1	24
cls_0x4edaa0	num	1	440
cls_0x4edaa0	num	1	444
cls_0x4f54d0	sum	1	fields=1 methods=1 lines=22
cls_0x4f54d0	num	1	284
cls_0x4f54d0	num	1	288
cls_0x4f54d0	meth	1	meth_0x4f54d0:d():10
cls_0x4f56d0	sum	1	fields=2 methods=1 lines=30
cls_0x4f56d0	meth	1	meth_0x4f56d0:v(d):17
cls_0x4f7310	sum	1	fields=1 methods=0 lines=36
cls_0x4f7380	sum	1	fields=1 methods=0 lines=36
cls_0x4f7420	sum	1	fields=1 methods=0 lines=36
cls_0x4f74c0	sum	1	fields=1 methods=0 lines=36
cls_0x4f7600	sum	1	fields=1 methods=0 lines=36
cls_0x4f76e0	sum	1	fields=1 methods=0 lines=36
cls_0x4f7830	sum	1	fields=1 methods=0 lines=36
cls_0x4f78a0	sum	1	fields=1 methods=0 lines=26
cls_0x4f7960	sum	1	fields=1 methods=0 lines=36
cls_0x4f79d0	sum	1	fields=5 methods=0 lines=51
cls_0x4f79d0	num	1	0x80000000
cls_0x4f79d0	num	1	392
cls_0x4f79d0	num	1	396
cls_0x4f79d0	num	1	400
cls_0x4f79d0	num	1	404
cls_0x4fa3b0	sum	1	fields=3 methods=0 lines=44
cls_0x4fa3b0	num	1	0x80000000
cls_0x4fa3b0	num	1	420
cls_0x4fa3b0	num	1	424
cls_0x4fba30	sum	1	fields=3 methods=1 lines=27
cls_0x4fba30	num	1	0x158
cls_0x4fba30	num	1	408
cls_0x4fba30	num	1	412
cls_0x4fba30	num	1	416
cls_0x4fba30	meth	1	meth_0x4fba30:v():13
cls_0x4fc810	sum	1	fields=2 methods=1 lines=25
cls_0x4fc810	num	1	0x158
cls_0x4fc810	num	1	388
cls_0x4fc810	num	1	392
cls_0x4fc810	meth	1	meth_0x4fc810:v():12
cls_0x4fcd20	sum	1	fields=2 methods=1 lines=25
cls_0x4fcd20	num	1	0x158
cls_0x4fcd20	num	1	388
cls_0x4fcd20	num	1	392
cls_0x4fcd20	meth	1	meth_0x4fcd20:v():12
cls_0x4fd890	sum	1	fields=3 methods=1 lines=27
cls_0x4fd890	num	1	0x158
cls_0x4fd890	num	1	0x80000
cls_0x4fd890	num	1	388
cls_0x4fd890	num	1	392
cls_0x4fd890	meth	1	meth_0x4fd890:v():13
cls_0x4fe3f0	sum	1	fields=1 methods=0 lines=12
cls_0x4fe9e0	sum	1	fields=2 methods=1 lines=25
cls_0x4fe9e0	num	1	0x158
cls_0x4fe9e0	num	1	400
cls_0x4fe9e0	num	1	404
cls_0x4fe9e0	meth	1	meth_0x4fe9e0:v():12
cls_0x4ffbd0	sum	1	fields=2 methods=1 lines=25
cls_0x4ffbd0	num	1	0x158
cls_0x4ffbd0	num	1	388
cls_0x4ffbd0	num	1	392
cls_0x4ffbd0	meth	1	meth_0x4ffbd0:v():12
cls_0x501770	sum	1	fields=2 methods=0 lines=13
cls_0x501770	num	1	388
cls_0x501770	num	1	392
cls_0x502420	sum	1	fields=4 methods=1 lines=32
cls_0x502420	num	1	00502420
cls_0x502420	num	1	0x158
cls_0x502420	num	1	24
cls_0x502420	num	1	388
cls_0x502420	num	1	392
cls_0x502420	num	1	396
cls_0x502420	meth	1	meth_0x502420:v():17
cls_0x502b40	sum	1	fields=3 methods=1 lines=27
cls_0x502b40	num	1	0x158
cls_0x502b40	num	1	388
cls_0x502b40	num	1	392
cls_0x502b40	num	1	396
cls_0x502b40	meth	1	meth_0x502b40:v():13
cls_0x503540	sum	1	fields=7 methods=1 lines=35
cls_0x503540	num	1	00503540
cls_0x503540	num	1	0x158
cls_0x503540	num	1	388
cls_0x503540	num	1	392
cls_0x503540	num	1	396
cls_0x503540	num	1	400
cls_0x503540	num	1	404
cls_0x503540	num	1	408
cls_0x503540	num	1	412
cls_0x503540	meth	1	meth_0x503540:v():17
cls_0x5048f0	sum	1	fields=4 methods=1 lines=29
cls_0x5048f0	num	1	0x158
cls_0x5048f0	num	1	400
cls_0x5048f0	num	1	408
cls_0x5048f0	num	1	412
cls_0x5048f0	num	1	416
cls_0x5048f0	meth	1	meth_0x5048f0:v():14
cls_0x505820	sum	1	fields=3 methods=0 lines=14
cls_0x505820	num	1	388
cls_0x505820	num	1	392
cls_0x505820	num	1	396
cls_0x505a70	sum	1	fields=4 methods=0 lines=15
cls_0x505a70	num	1	388
cls_0x505a70	num	1	392
cls_0x505a70	num	1	404
cls_0x505a70	num	1	408
cls_0x507510	sum	1	fields=2 methods=1 lines=25
cls_0x507510	num	1	00507510
cls_0x507510	num	1	0x158
cls_0x507510	num	1	400
cls_0x507510	num	1	404
cls_0x507510	meth	1	meth_0x507510:v():12
cls_0x508290	sum	1	fields=3 methods=1 lines=27
cls_0x508290	num	1	00508290
cls_0x508290	num	1	0x158
cls_0x508290	num	1	404
cls_0x508290	num	1	408
cls_0x508290	num	1	412
cls_0x508290	meth	1	meth_0x508290:v():13
cls_0x50a550	sum	1	fields=2 methods=0 lines=13
cls_0x50a550	num	1	144
cls_0x50a550	num	1	148
cls_0x50a580	sum	1	fields=1 methods=0 lines=12
cls_0x50ad90	sum	1	fields=2 methods=1 lines=39
cls_0x50ad90	num	1	0x12
cls_0x50ad90	num	1	132
cls_0x50ad90	num	1	136
cls_0x50ad90	meth	1	meth_0x50ad90:d():26
cls_0x50ba90	sum	1	fields=12 methods=2 lines=192
cls_0x50ba90	num	7	0xac
cls_0x50ba90	num	4	0xa8
cls_0x50ba90	num	3	60
cls_0x50ba90	num	2	0x42700000
cls_0x50ba90	num	1	0x134
cls_0x50ba90	num	1	0x138
cls_0x50ba90	num	1	0x1e2
cls_0x50ba90	num	1	0x1f
cls_0x50ba90	num	1	0x3f800000
cls_0x50ba90	num	1	0x80000003
cls_0x50ba90	num	1	0x9c
cls_0x50ba90	num	1	0xa0
cls_0x50ba90	num	1	0xa4
cls_0x50ba90	num	1	0xb0
cls_0x50ba90	num	1	0xb4
cls_0x50ba90	num	1	0xc2700000
cls_0x50ba90	num	1	0xfffffffc
cls_0x50ba90	num	1	20
cls_0x50ba90	num	1	24
cls_0x50ba90	num	1	28
cls_0x50ba90	num	1	36
cls_0x50ba90	num	1	40
cls_0x50ba90	num	1	44
cls_0x50ba90	num	1	80
cls_0x50ba90	num	1	84
cls_0x50ba90	meth	1	meth_0x50bd10:v(f):21
cls_0x50ba90	meth	1	meth_0x50c140:v(d):14
cls_0x50bf20	sum	1	fields=7 methods=2 lines=97
cls_0x50bf20	num	6	0xa4
cls_0x50bf20	num	3	0x3f800000
cls_0x50bf20	num	2	0x138
cls_0x50bf20	num	2	0xa0
cls_0x50bf20	num	2	0xa8
cls_0x50bf20	num	1	0x18
cls_0x50bf20	num	1	0x1c
cls_0x50bf20	num	1	0x28
cls_0x50bf20	num	1	0x38
cls_0x50bf20	num	1	0x3c
cls_0x50bf20	num	1	20
cls_0x50bf20	num	1	24
cls_0x50bf20	num	1	28
cls_0x50bf20	meth	1	meth_0x50bf20:v():39
cls_0x50bf20	meth	1	meth_0x50c070:v():40
cls_0x50c030	sum	1	fields=4 methods=0 lines=15
cls_0x50c030	num	1	24
cls_0x50c030	num	1	28
cls_0x50c0e0	sum	1	fields=3 methods=0 lines=14
cls_0x50c0e0	num	1	24
cls_0x50c0e0	num	1	28
cls_0x50c110	sum	1	fields=3 methods=0 lines=14
cls_0x50c110	num	1	24
cls_0x50c110	num	1	28
cls_0x50f130	sum	1	fields=10 methods=0 lines=21
cls_0x50f130	num	1	20
cls_0x50f130	num	1	216
cls_0x50f130	num	1	220
cls_0x50f130	num	1	224
cls_0x50f130	num	1	228
cls_0x50f130	num	1	232
cls_0x50f130	num	1	236
cls_0x50f130	num	1	24
cls_0x50f130	num	1	240
cls_0x50f130	num	1	56
cls_0x50f2d0	sum	1	fields=10 methods=1 lines=42
cls_0x50f2d0	num	1	20
cls_0x50f2d0	num	1	216
cls_0x50f2d0	num	1	220
cls_0x50f2d0	num	1	224
cls_0x50f2d0	num	1	228
cls_0x50f2d0	num	1	232
cls_0x50f2d0	num	1	236
cls_0x50f2d0	num	1	24
cls_0x50f2d0	num	1	240
cls_0x50f2d0	num	1	56
cls_0x50f2d0	meth	1	meth_0x50f2d0:v():21
cls_0x50fa80	sum	1	fields=1 methods=0 lines=36
cls_0x50fc20	sum	1	fields=1 methods=0 lines=36
cls_0x515430	sum	1	fields=1 methods=0 lines=26
cls_0x515430	num	1	00515430
cls_0x515510	sum	1	fields=1 methods=0 lines=26
cls_0x515510	num	1	00515510
cls_0x5155b0	sum	1	fields=1 methods=0 lines=38
cls_0x5156e0	sum	1	fields=5 methods=0 lines=46
cls_0x5156e0	num	1	584
cls_0x5156e0	num	1	712
cls_0x5156e0	num	1	728
cls_0x5156e0	num	1	836
cls_0x5156e0	num	1	840
cls_0x51a320	sum	1	fields=2 methods=1 lines=94
cls_0x51a320	num	2	0x1d
cls_0x51a320	num	2	0x22
cls_0x51a320	num	1	0x11
cls_0x51a320	num	1	0x12
cls_0x51a320	num	1	0x13
cls_0x51a320	num	1	0x14
cls_0x51a320	num	1	0x15
cls_0x51a320	num	1	0x16
cls_0x51a320	num	1	0x17
cls_0x51a320	num	1	0x18
cls_0x51a320	num	1	0x19
cls_0x51a320	num	1	0x1a
cls_0x51a320	num	1	0x1b
cls_0x51a320	num	1	0x1c
cls_0x51a320	num	1	0xfffffff6
cls_0x51a320	num	1	844
cls_0x51a320	num	1	848
cls_0x51a320	num	1	852
cls_0x51a320	meth	1	meth_0x51a320:d(d):81
cls_0x51a5b0	sum	1	fields=1 methods=1 lines=36
cls_0x51a5b0	str	1	Level
cls_0x51a5b0	num	2	0x1e
cls_0x51a5b0	num	2	0xd4
cls_0x51a5b0	num	1	0x14
cls_0x51a5b0	meth	1	meth_0x51a5b0:d():24
cls_0x51d3e0	sum	1	fields=3 methods=1 lines=30
cls_0x51d3e0	num	1	0x1c
cls_0x51d3e0	num	1	72
cls_0x51d3e0	num	1	844
cls_0x51d3e0	num	1	848
cls_0x51d3e0	num	1	852
cls_0x51d3e0	meth	1	meth_0x51d3e0:d():16
cls_0x51d450	sum	1	fields=3 methods=1 lines=31
cls_0x51d450	num	1	0x1c
cls_0x51d450	num	1	72
cls_0x51d450	num	1	844
cls_0x51d450	num	1	848
cls_0x51d450	num	1	852
cls_0x51d450	meth	1	meth_0x51d450:v(d):17
cls_0x51d9a0	sum	1	fields=1 methods=1 lines=34
cls_0x51d9a0	num	1	0x1c4
cls_0x51d9a0	num	1	0x1cc
cls_0x51d9a0	num	1	0x1d4
cls_0x51d9a0	num	1	0x1d8
cls_0x51d9a0	num	1	0x1e0
cls_0x51d9a0	num	1	0x1e8
cls_0x51d9a0	meth	1	meth_0x51d9a0:v():22
cls_0x51d9e0	sum	1	fields=1 methods=0 lines=12
cls_0x51da00	sum	1	fields=1 methods=1 lines=33
cls_0x51da00	num	1	0x22
cls_0x51da00	num	1	0xdc
cls_0x51da00	meth	1	meth_0x51da00:d():21
cls_0x51da60	sum	1	fields=2 methods=0 lines=13
cls_0x51da60	num	1	252
cls_0x51dac0	sum	1	fields=2 methods=0 lines=13
cls_0x51dac0	num	1	252
cls_0x51e5c0	sum	1	fields=1 methods=1 lines=33
cls_0x51e5c0	num	1	0x28
cls_0x51e5c0	num	1	0xdc
cls_0x51e5c0	meth	1	meth_0x51e5c0:d():21
cls_0x51ec80	sum	1	fields=8 methods=1 lines=63
cls_0x51ec80	num	1	0x3fffffff
cls_0x51ec80	num	1	20
cls_0x51ec80	num	1	24
cls_0x51ec80	num	1	36
cls_0x51ec80	num	1	40
cls_0x51ec80	num	1	44
cls_0x51ec80	meth	1	meth_0x51ec80:d():44
cls_0x51f330	sum	1	fields=2 methods=1 lines=38
cls_0x51f330	num	1	20
cls_0x51f330	meth	1	meth_0x51f330:d():25
cls_0x51f6b0	sum	1	fields=4 methods=1 lines=112
cls_0x51f6b0	num	5	0x50
cls_0x51f6b0	num	5	0x54
cls_0x51f6b0	num	5	0x58
cls_0x51f6b0	num	5	0x5c
cls_0x51f6b0	num	3	0x4c
cls_0x51f6b0	num	3	0x4dc
cls_0x51f6b0	num	3	0x4e0
cls_0x51f6b0	num	3	0x4e4
cls_0x51f6b0	num	3	0x4e8
cls_0x51f6b0	num	3	0x4ec
cls_0x51f6b0	num	2	0x494
cls_0x51f6b0	num	1	0x650
cls_0x51f6b0	num	1	0x654
cls_0x51f6b0	num	1	0x658
cls_0x51f6b0	num	1	0x65c
cls_0x51f6b0	num	1	20
cls_0x51f6b0	num	1	36
cls_0x51f6b0	num	1	40
cls_0x51f6b0	meth	1	meth_0x51f6b0:v():97
cls_0x51fe50	sum	1	fields=2 methods=1 lines=38
cls_0x51fe50	str	1	trainstat
cls_0x51fe50	num	2	0x22
cls_0x51fe50	num	2	0xdc
cls_0x51fe50	num	1	0x1c
cls_0x51fe50	num	1	0x1e
cls_0x51fe50	num	1	0xd0
cls_0x51fe50	num	1	872
cls_0x51fe50	num	1	876
cls_0x51fe50	meth	1	meth_0x51fe50:v():25
cls_0x51fec0	sum	1	fields=2 methods=1 lines=36
cls_0x51fec0	num	1	20
cls_0x51fec0	meth	1	meth_0x51fec0:v(d):23
cls_0x51ff30	sum	1	fields=2 methods=1 lines=28
cls_0x51ff30	num	1	0x50
cls_0x51ff30	num	1	0x6554b4
cls_0x51ff30	meth	1	meth_0x51ff30:d():15
cls_0x51ff80	sum	1	fields=3 methods=1 lines=29
cls_0x51ff80	meth	1	meth_0x51ff80:v():15
cls_0x51ffa0	sum	1	fields=2 methods=1 lines=67
cls_0x51ffa0	meth	1	meth_0x51ffa0:v():54
cls_0x5216e0	sum	1	fields=3 methods=0 lines=14
cls_0x5216e0	num	1	392
cls_0x5216e0	num	1	396
cls_0x5216e0	num	1	400
cls_0x521c80	sum	1	fields=1 methods=1 lines=22
cls_0x521c80	num	1	216
cls_0x521c80	num	1	220
cls_0x521c80	meth	1	meth_0x521c80:d():10
cls_0x523960	sum	1	fields=1 methods=0 lines=36
cls_0x523960	num	1	00523960
cls_0x524400	sum	1	fields=5 methods=1 lines=38
cls_0x524400	str	1	ArrowWallS
cls_0x524400	num	1	00524400
cls_0x524400	num	1	216
cls_0x524400	num	1	220
cls_0x524400	num	1	252
cls_0x524400	num	1	260
cls_0x524400	num	1	56
cls_0x524400	meth	1	meth_0x524400:v():22
cls_0x524920	sum	1	fields=6 methods=0 lines=17
cls_0x524920	num	1	216
cls_0x524920	num	1	248
cls_0x524920	num	1	252
cls_0x524920	num	1	258
cls_0x524920	num	1	260
cls_0x5253e0	sum	1	fields=6 methods=1 lines=40
cls_0x5253e0	str	1	DunFireWallS
cls_0x5253e0	num	1	0x40000
cls_0x5253e0	num	1	216
cls_0x5253e0	num	1	220
cls_0x5253e0	num	1	224
cls_0x5253e0	num	1	252
cls_0x5253e0	num	1	56
cls_0x5253e0	meth	1	meth_0x5253e0:v():23
cls_0x528850	sum	1	fields=3 methods=1 lines=39
cls_0x528850	num	1	00528850
cls_0x528850	num	1	0x14
cls_0x528850	num	1	0x18
cls_0x528850	num	1	20
cls_0x528850	num	1	24
cls_0x528850	meth	1	meth_0x528850:v():25
cls_0x529770	sum	1	fields=2 methods=1 lines=68
cls_0x529770	num	1	00529770
cls_0x529770	num	1	36
cls_0x529770	num	1	40
cls_0x529770	meth	1	meth_0x529770:v():55
cls_0x529830	sum	1	fields=3 methods=1 lines=90
cls_0x529830	num	1	00529830
cls_0x529830	num	1	36
cls_0x529830	num	1	52
cls_0x529830	num	1	56
cls_0x529830	meth	1	meth_0x529830:v():76
cls_0x52b9f0	sum	1	fields=12 methods=1 lines=257
cls_0x52b9f0	num	4	0x24
cls_0x52b9f0	num	3	0x58
cls_0x52b9f0	num	2	0x200
cls_0x52b9f0	num	2	0x201
cls_0x52b9f0	num	2	0x2084
cls_0x52b9f0	num	2	0x34
cls_0x52b9f0	num	1	0x1040
cls_0x52b9f0	num	1	0x2080
cls_0x52b9f0	num	1	0x820
cls_0x52b9f0	num	1	268
cls_0x52b9f0	num	1	272
cls_0x52b9f0	num	1	276
cls_0x52b9f0	num	1	280
cls_0x52b9f0	num	1	284
cls_0x52b9f0	num	1	288
cls_0x52b9f0	num	1	308
cls_0x52b9f0	num	1	312
cls_0x52b9f0	num	1	316
cls_0x52b9f0	num	1	320
cls_0x52b9f0	num	1	324
cls_0x52b9f0	num	1	96
cls_0x52b9f0	meth	1	meth_0x52b9f0:v():230
cls_0x52c3d0	sum	1	fields=2 methods=1 lines=172
cls_0x52c3d0	str	1	Revenant
cls_0x52c3d0	num	3	0x58
cls_0x52c3d0	num	2	0x2084
cls_0x52c3d0	num	2	0x314
cls_0x52c3d0	num	2	0x318
cls_0x52c3d0	num	2	0x338
cls_0x52c3d0	num	1	0x24
cls_0x52c3d0	num	1	0x33c
cls_0x52c3d0	num	1	0x34
cls_0x52c3d0	num	1	0x820
cls_0x52c3d0	num	1	104
cls_0x52c3d0	num	1	96
cls_0x52c3d0	meth	1	meth_0x52c3d0:v():155
cls_0x52c5c0	sum	1	fields=2 methods=1 lines=93
cls_0x52c5c0	num	3	0x24
cls_0x52c5c0	num	1	0x1040
cls_0x52c5c0	num	1	0x2080
cls_0x52c5c0	num	1	0x34
cls_0x52c5c0	num	1	104
cls_0x52c5c0	num	1	96
cls_0x52c5c0	meth	1	meth_0x52c5c0:v():80
cls_0x52d870	sum	1	fields=2 methods=1 lines=33
cls_0x52d870	num	1	0x50
cls_0x52d870	num	1	0x54
cls_0x52d870	num	1	20
cls_0x52d870	num	1	24
cls_0x52d870	meth	1	meth_0x52d870:d():20
cls_0x52fe90	sum	1	fields=5 methods=0 lines=16
cls_0x52fe90	num	1	384
cls_0x52fe90	num	1	388
cls_0x52fe90	num	1	392
cls_0x52fe90	num	1	396
cls_0x52fe90	num	1	400
cls_0x52fee0	sum	1	fields=6 methods=0 lines=17
cls_0x52fee0	num	1	384
cls_0x52fee0	num	1	388
cls_0x52fee0	num	1	392
cls_0x52fee0	num	1	396
cls_0x52fee0	num	1	404
cls_0x52fee0	num	1	406
cls_0x530af0	sum	1	fields=1 methods=1 lines=670
cls_0x530af0	num	17	0x14
cls_0x530af0	num	10	0x12
cls_0x530af0	num	10	0x24
cls_0x530af0	num	10	0x48
cls_0x530af0	num	1	0x11
cls_0x530af0	num	1	0x15
cls_0x530af0	num	1	0x34
cls_0x530af0	num	1	0x38
cls_0x530af0	num	1	18
cls_0x530af0	num	1	380
cls_0x530af0	num	1	384
cls_0x530af0	meth	1	meth_0x530af0:v(d,d):658
cls_0x531b70	sum	1	fields=5 methods=1 lines=126
cls_0x531b70	str	1	SaleType
cls_0x531b70	num	4	0x48
cls_0x531b70	num	3	0x12
cls_0x531b70	num	1	0x100
cls_0x531b70	num	1	0x11
cls_0x531b70	num	1	0x15
cls_0x531b70	num	1	0x198
cls_0x531b70	num	1	0x1f
cls_0x531b70	num	1	0xd4
cls_0x531b70	num	1	18
cls_0x531b70	num	1	380
cls_0x531b70	num	1	400
cls_0x531b70	num	1	404
cls_0x531b70	num	1	406
cls_0x531b70	num	1	408
cls_0x531b70	num	1	436
cls_0x531b70	num	1	440
cls_0x531b70	meth	1	meth_0x531b70:v():110
cls_0x531fc0	sum	1	fields=5 methods=1 lines=132
cls_0x531fc0	str	1	SaleType
cls_0x531fc0	num	4	0x48
cls_0x531fc0	num	3	0x12
cls_0x531fc0	num	2	0xd4
cls_0x531fc0	num	1	0x100
cls_0x531fc0	num	1	0x11
cls_0x531fc0	num	1	0x15
cls_0x531fc0	num	1	0x198
cls_0x531fc0	num	1	0x1f
cls_0x531fc0	num	1	18
cls_0x531fc0	num	1	380
cls_0x531fc0	num	1	400
cls_0x531fc0	num	1	404
cls_0x531fc0	num	1	406
cls_0x531fc0	num	1	408
cls_0x531fc0	num	1	436
cls_0x531fc0	num	1	440
cls_0x531fc0	meth	1	meth_0x531fc0:v():116
cls_0x532210	sum	1	fields=3 methods=1 lines=99
cls_0x532210	num	3	0x12
cls_0x532210	num	2	0x48
cls_0x532210	num	1	00532210
cls_0x532210	num	1	404
cls_0x532210	num	1	406
cls_0x532210	num	1	408
cls_0x532210	num	1	412
cls_0x532210	meth	1	meth_0x532210:v():85
cls_0x532340	sum	1	fields=4 methods=1 lines=531
cls_0x532340	num	25	0x12
cls_0x532340	num	16	0x48
cls_0x532340	num	1	00532340
cls_0x532340	num	1	0x11
cls_0x532340	num	1	0x15
cls_0x532340	num	1	380
cls_0x532340	num	1	404
cls_0x532340	num	1	406
cls_0x532340	num	1	408
cls_0x532340	num	1	412
cls_0x532340	meth	1	meth_0x532340:v(d,d):516
cls_0x532f40	sum	1	fields=3 methods=1 lines=39
cls_0x532f40	num	1	404
cls_0x532f40	num	1	406
cls_0x532f40	num	1	408
cls_0x532f40	num	1	412
cls_0x532f40	meth	1	meth_0x532f40:v():25
cls_0x533250	sum	1	fields=3 methods=1 lines=30
cls_0x533250	num	1	00533250
cls_0x533250	meth	1	meth_0x533250:v():16
cls_0x533280	sum	1	fields=2 methods=1 lines=67
cls_0x533280	num	3	0x48
cls_0x533280	num	1	00533280
cls_0x533280	num	1	0x12
cls_0x533280	meth	1	meth_0x533280:v():54
cls_0x5348f0	sum	1	fields=21 methods=1 lines=140
cls_0x5348f0	num	1	0x14
cls_0x5348f0	num	1	0x1a
cls_0x5348f0	num	1	0x1b
cls_0x5348f0	num	1	0x28
cls_0x5348f0	num	1	0xffffd8f0
cls_0x5348f0	num	1	132
cls_0x5348f0	num	1	20
cls_0x5348f0	num	1	24
cls_0x5348f0	num	1	28
cls_0x5348f0	num	1	288
cls_0x5348f0	num	1	320
cls_0x5348f0	num	1	324
cls_0x5348f0	num	1	36
cls_0x5348f0	num	1	48
cls_0x5348f0	num	1	52
cls_0x5348f0	num	1	56
cls_0x5348f0	num	1	60
cls_0x5348f0	num	1	68
cls_0x5348f0	num	1	80
cls_0x5348f0	num	1	84
cls_0x5348f0	num	1	88
cls_0x5348f0	num	1	92
cls_0x5348f0	meth	1	meth_0x5348f0:v():108
cls_0x534a40	sum	1	fields=5 methods=1 lines=43
cls_0x534a40	num	1	260
cls_0x534a40	num	1	80
cls_0x534a40	num	1	88
cls_0x534a40	num	1	92
cls_0x534a40	meth	1	meth_0x534a40:v():27
cls_0x534a90	sum	1	fields=2 methods=0 lines=13
cls_0x534a90	num	1	80
cls_0x534a90	num	1	84
cls_0x534a90	num	1	88
cls_0x534ab0	sum	1	fields=2 methods=0 lines=13
cls_0x534ab0	num	1	24
cls_0x534ab0	num	1	28
cls_0x534ad0	sum	1	fields=8 methods=0 lines=19
cls_0x534ad0	num	1	36
cls_0x534ad0	num	1	48
cls_0x534ad0	num	1	52
cls_0x534ad0	num	1	56
cls_0x534ad0	num	1	60
cls_0x534ad0	num	1	68
cls_0x534ad0	num	1	72
cls_0x534d40	sum	1	fields=16 methods=1 lines=143
cls_0x534d40	num	5	0x32
cls_0x534d40	num	3	0x100
cls_0x534d40	num	3	0x1f
cls_0x534d40	num	3	0x5c
cls_0x534d40	num	2	0x7f
cls_0x534d40	num	1	0xffffd8f0
cls_0x534d40	num	1	132
cls_0x534d40	num	1	136
cls_0x534d40	num	1	140
cls_0x534d40	num	1	24
cls_0x534d40	num	1	28
cls_0x534d40	num	1	320
cls_0x534d40	num	1	324
cls_0x534d40	num	1	36
cls_0x534d40	num	1	40
cls_0x534d40	num	1	44
cls_0x534d40	num	1	72
cls_0x534d40	num	1	76
cls_0x534d40	num	1	88
cls_0x534d40	num	1	92
cls_0x534d40	meth	1	meth_0x534d40:v():116
cls_0x535870	sum	1	fields=9 methods=2 lines=173
cls_0x535870	num	2	0x17
cls_0x535870	num	1	00535870
cls_0x535870	num	1	0x14
cls_0x535870	num	1	0x16
cls_0x535870	num	1	400
cls_0x535870	num	1	404
cls_0x535870	num	1	408
cls_0x535870	num	1	440
cls_0x535870	num	1	472
cls_0x535870	num	1	476
cls_0x535870	num	1	484
cls_0x535870	num	1	488
cls_0x535870	num	1	492
cls_0x535870	meth	1	meth_0x535870:v(p):139
cls_0x535870	meth	1	meth_0x5883c0:v(d):14
cls_0x535a10	sum	1	fields=13 methods=4 lines=279
cls_0x535a10	str	1	Finish
cls_0x535a10	num	10	0x17
cls_0x535a10	num	5	0x14
cls_0x535a10	num	5	0x16
cls_0x535a10	num	1	00536010
cls_0x535a10	num	1	0x108
cls_0x535a10	num	1	0x34
cls_0x535a10	num	1	0xd8
cls_0x535a10	num	1	380
cls_0x535a10	num	1	384
cls_0x535a10	num	1	396
cls_0x535a10	num	1	400
cls_0x535a10	num	1	404
cls_0x535a10	num	1	408
cls_0x535a10	num	1	440
cls_0x535a10	num	1	472
cls_0x535a10	num	1	476
cls_0x535a10	num	1	484
cls_0x535a10	num	1	492
cls_0x535a10	num	1	496
cls_0x535a10	meth	1	meth_0x535a10:v():50
cls_0x535a10	meth	1	meth_0x535d80:v():64
cls_0x535a10	meth	1	meth_0x536010:v():44
cls_0x535a10	meth	1	meth_0x5360f0:v():97
cls_0x535e90	sum	1	fields=8 methods=1 lines=79
cls_0x535e90	num	4	0xffffd8f0
cls_0x535e90	num	1	0x160
cls_0x535e90	num	1	0x3c
cls_0x535e90	num	1	0x535ef4
cls_0x535e90	num	1	0x535efe
cls_0x535e90	num	1	0x535fb8
cls_0x535e90	num	1	0xaf
cls_0x535e90	num	1	380
cls_0x535e90	num	1	400
cls_0x535e90	num	1	408
cls_0x535e90	num	1	440
cls_0x535e90	num	1	472
cls_0x535e90	num	1	488
cls_0x535e90	num	1	492
cls_0x535e90	num	1	496
cls_0x535e90	meth	1	meth_0x535e90:d():60
cls_0x5370c0	sum	1	fields=3 methods=0 lines=30
cls_0x537520	sum	1	fields=4 methods=1 lines=75
cls_0x537520	num	2	0x1c
cls_0x537520	num	2	0xf3
cls_0x537520	num	2	0xfffffffb
cls_0x537520	num	1	00537520
cls_0x537520	num	1	0x28
cls_0x537520	num	1	136
cls_0x537520	num	1	152
cls_0x537520	num	1	392
cls_0x537520	num	1	396
cls_0x537520	meth	1	meth_0x537520:v():60
cls_0x539230	sum	1	fields=2 methods=1 lines=30
cls_0x539230	num	2	0x1c
cls_0x539230	num	1	00539230
cls_0x539230	num	1	0xfffffffb
cls_0x539230	num	1	20
cls_0x539230	num	1	24
cls_0x539230	meth	1	meth_0x539230:v():17
cls_0x53cbd0	sum	1	fields=2 methods=2 lines=33
cls_0x53cbd0	num	1	104
cls_0x53cbd0	num	1	96
cls_0x53cbd0	meth	1	meth_0x53cbd0:p():10
cls_0x53cbd0	meth	1	meth_0x53cbe0:p():10
cls_0x53cbf0	sum	1	fields=2 methods=0 lines=13
cls_0x53cbf0	num	1	109
cls_0x53cbf0	num	1	110
cls_0x53cbf0	num	1	96
cls_0x53ea00	sum	1	fields=4 methods=2 lines=169
cls_0x53ea00	str	1	Error_loading_spell_data
cls_0x53ea00	str	1	SPELL__name__expected
cls_0x53ea00	str	1	SPELL__s
cls_0x53ea00	str	1	Syntax_error_between_spell_block
cls_0x53ea00	str	1	Syntax_error_in_header
cls_0x53ea00	str	1	spell_def
cls_0x53ea00	num	1	0x2000
cls_0x53ea00	num	1	0x65bd48
cls_0x53ea00	num	1	0xcc
cls_0x53ea00	num	1	20
cls_0x53ea00	num	1	24
cls_0x53ea00	num	1	260
cls_0x53ea00	meth	1	meth_0x53ea00:d():37
cls_0x53ea00	meth	1	meth_0x53ead0:d():117
cls_0x53ed70	sum	1	fields=2 methods=3 lines=134
cls_0x53ed70	num	2	0x14
cls_0x53ed70	num	2	0x24
cls_0x53ed70	num	1	20
cls_0x53ed70	num	1	24
cls_0x53ed70	meth	1	meth_0x53ed70:d():37
cls_0x53ed70	meth	1	meth_0x53ef90:d():42
cls_0x53ed70	meth	1	meth_0x53f010:d():42
cls_0x53ede0	sum	1	fields=2 methods=1 lines=54
cls_0x53ede0	num	1	0x1c
cls_0x53ede0	num	1	20
cls_0x53ede0	num	1	24
cls_0x53ede0	meth	1	meth_0x53ede0:d():41
cls_0x53f680	sum	1	fields=2 methods=1 lines=49
cls_0x53f680	num	2	0x1d0
cls_0x53f680	num	2	0x1d4
cls_0x53f680	num	2	0x1e8
cls_0x53f680	num	1	0x1f
cls_0x53f680	num	1	0x3c4
cls_0x53f680	num	1	0x4c
cls_0x53f680	num	1	0x51eb851f
cls_0x53f680	num	1	288
cls_0x53f680	num	1	292
cls_0x53f680	meth	1	meth_0x53f680:v():36
cls_0x53f730	sum	1	fields=6 methods=1 lines=77
cls_0x53f730	num	3	0x44
cls_0x53f730	num	2	0x80000
cls_0x53f730	num	1	316
cls_0x53f730	num	1	332
cls_0x53f730	num	1	336
cls_0x53f730	meth	1	meth_0x53f730:v(d):60
cls_0x540870	sum	1	fields=2 methods=1 lines=46
cls_0x540870	num	1	00540870
cls_0x540870	num	1	0x120
cls_0x540870	num	1	20
cls_0x540870	meth	1	meth_0x540870:d():33
cls_0x540ad0	sum	1	fields=2 methods=1 lines=30
cls_0x540ad0	num	1	20
cls_0x540ad0	num	1	24
cls_0x540ad0	meth	1	meth_0x540ad0:d():17
cls_0x542730	sum	1	fields=3 methods=0 lines=14
cls_0x542730	num	1	20
cls_0x542730	num	1	328
cls_0x542730	num	1	332
cls_0x5427f0	sum	1	fields=3 methods=1 lines=28
cls_0x5427f0	num	1	0x1c
cls_0x5427f0	num	1	20
cls_0x5427f0	num	1	328
cls_0x5427f0	num	1	332
cls_0x5427f0	meth	1	meth_0x5427f0:v():14
cls_0x543de0	sum	1	fields=2 methods=0 lines=13
cls_0x543de0	num	1	384
cls_0x543de0	num	1	388
cls_0x543e20	sum	1	fields=2 methods=0 lines=13
cls_0x543e20	num	1	380
cls_0x543e20	num	1	384
cls_0x543ec0	sum	1	fields=3 methods=0 lines=14
cls_0x543ec0	num	1	136
cls_0x543ec0	num	1	152
cls_0x543ec0	num	1	156
cls_0x544630	sum	1	fields=2 methods=1 lines=29
cls_0x544630	num	1	00544630
cls_0x544630	num	1	136
cls_0x544630	num	1	152
cls_0x544630	num	1	156
cls_0x544630	meth	1	meth_0x544630:v():16
cls_0x544f00	sum	1	fields=3 methods=0 lines=60
cls_0x544f00	num	2	0x2ec
cls_0x544f00	num	2	0xe5
cls_0x544f00	num	1	380
cls_0x544f00	num	1	424
cls_0x544f00	num	1	464
cls_0x544f00	num	1	468
cls_0x544fb0	sum	1	fields=9 methods=2 lines=347
cls_0x544fb0	str	2	SPELL_s
cls_0x544fb0	num	6	0x2ec
cls_0x544fb0	num	4	0x3fffffff
cls_0x544fb0	num	3	0x2fc
cls_0x544fb0	num	2	0x50
cls_0x544fb0	num	2	0x501
cls_0x544fb0	num	2	0x5b
cls_0x544fb0	num	2	0x80000000
cls_0x544fb0	num	2	0x84
cls_0x544fb0	num	2	0x90
cls_0x544fb0	num	2	0xe5
cls_0x544fb0	num	2	80
cls_0x544fb0	num	1	00546830
cls_0x544fb0	num	1	0x28
cls_0x544fb0	num	1	0x44
cls_0x544fb0	num	1	0x544ffc
cls_0x544fb0	num	1	0x545031
cls_0x544fb0	num	1	0x545044
cls_0x544fb0	num	1	0x54510d
cls_0x544fb0	num	1	0x545145
cls_0x544fb0	num	1	0x54514c
cls_0x544fb0	num	1	0x545190
cls_0x544fb0	num	1	0x5451eb
cls_0x544fb0	num	1	0x5452b4
cls_0x544fb0	num	1	0x5452c5
cls_0x544fb0	num	1	0x546853
cls_0x544fb0	num	1	0x5468d8
cls_0x544fb0	num	1	0x54697c
cls_0x544fb0	num	1	0x5469d8
cls_0x544fb0	num	1	0x546a30
cls_0x544fb0	num	1	0x546a3b
cls_0x544fb0	num	1	0x5c
cls_0x544fb0	num	1	0x94
cls_0x544fb0	num	1	380
cls_0x544fb0	num	1	384
cls_0x544fb0	num	1	412
cls_0x544fb0	num	1	416
cls_0x544fb0	num	1	420
cls_0x544fb0	num	1	422
cls_0x544fb0	num	1	424
cls_0x544fb0	num	1	464
cls_0x544fb0	num	1	468
cls_0x544fb0	meth	1	meth_0x544fb0:v():189
cls_0x544fb0	meth	1	meth_0x546830:v():138
cls_0x54dd40	sum	1	fields=6 methods=0 lines=33
cls_0x54dd40	num	1	24
cls_0x54dd40	num	1	44
cls_0x54dd40	num	1	48
cls_0x54dd40	num	1	52
cls_0x54dd70	sum	1	fields=15 methods=3 lines=127
cls_0x54dd70	num	13	0xcdcdcdcd
cls_0x54dd70	num	1	20
cls_0x54dd70	num	1	24
cls_0x54dd70	num	1	28
cls_0x54dd70	num	1	36
cls_0x54dd70	num	1	40
cls_0x54dd70	num	1	44
cls_0x54dd70	num	1	48
cls_0x54dd70	num	1	52
cls_0x54dd70	num	1	56
cls_0x54dd70	num	1	60
cls_0x54dd70	meth	1	meth_0x54dd70:v(d,d,d,d):43
cls_0x54dd70	meth	1	meth_0x54de20:v(d):26
cls_0x54dd70	meth	1	meth_0x54de80:v(d):32
cls_0x54dfa0	sum	1	fields=11 methods=0 lines=22
cls_0x54dfa0	num	1	20
cls_0x54dfa0	num	1	24
cls_0x54dfa0	num	1	28
cls_0x54dfa0	num	1	36
cls_0x54dfa0	num	1	40
cls_0x54dfa0	num	1	52
cls_0x54dfa0	num	1	56
cls_0x54dfa0	num	1	60
cls_0x56c5a0	sum	1	fields=6 methods=1 lines=94
cls_0x56c5a0	num	3	0x1600
cls_0x56c5a0	num	2	0x1f
cls_0x56c5a0	num	2	0x400
cls_0x56c5a0	num	1	0x10000
cls_0x56c5a0	num	1	0x200
cls_0x56c5a0	num	1	0x2c00
cls_0x56c5a0	num	1	0x900
cls_0x56c5a0	num	1	0xb00
cls_0x56c5a0	num	1	10240
cls_0x56c5a0	num	1	11264
cls_0x56c5a0	num	1	13312
cls_0x56c5a0	num	1	2048
cls_0x56c5a0	num	1	21504
cls_0x56c5a0	num	1	21508
cls_0x56c5a0	meth	1	meth_0x56c5a0:v():77
cls_0x56c720	sum	1	fields=2 methods=0 lines=13
cls_0x56c730	sum	1	fields=3 methods=1 lines=189
cls_0x56c730	num	8	0x1f
cls_0x56c730	num	5	0x10000
cls_0x56c730	num	4	0x3e0
cls_0x56c730	num	3	0x7c00
cls_0x56c730	num	3	0x7e0
cls_0x56c730	num	2	0x3f
cls_0x56c730	num	2	0x800
cls_0x56c730	num	2	0xf800
cls_0x56c730	num	2	0xfc0
cls_0x56c730	num	1	0x1000
cls_0x56c730	num	1	0x1e0
cls_0x56c730	num	1	0x1f000
cls_0x56c730	num	1	0x1fc0
cls_0x56c730	num	1	0x200
cls_0x56c730	num	1	0x20000
cls_0x56c730	num	1	0x3c00
cls_0x56c730	num	1	0x3e000
cls_0x56c730	num	1	0x3f000
cls_0x56c730	num	1	0x400
cls_0x56c730	num	1	0x4000
cls_0x56c730	num	1	0x40000
cls_0x56c730	num	1	0x7800
cls_0x56c730	num	1	0x7c0
cls_0x56c730	num	1	0x7e000
cls_0x56c730	num	1	0x8000
cls_0x56c730	num	1	0x80000
cls_0x56c730	meth	1	meth_0x56c730:v(d):175
cls_0x56ca50	sum	1	fields=1 methods=0 lines=12
cls_0x56ca60	sum	1	fields=1 methods=1 lines=48
cls_0x56ca60	num	4	0x1e
cls_0x56ca60	num	3	0x10000
cls_0x56ca60	num	1	0x20000
cls_0x56ca60	meth	1	meth_0x56ca60:v():36
cls_0x56cb10	sum	1	fields=0 methods=0 lines=22
cls_0x56f3c0	sum	1	fields=3 methods=3 lines=268
cls_0x56f3c0	num	14	0x24
cls_0x56f3c0	num	1	0x38e38e39
cls_0x56f3c0	meth	1	meth_0x56f3c0:d():16
cls_0x56f3c0	meth	1	meth_0x56f3f0:p(p,d):203
cls_0x56f3c0	meth	1	meth_0x56f6e0:p(p):35
cls_0x56f720	sum	1	fields=3 methods=1 lines=150
cls_0x56f720	meth	1	meth_0x56f720:v(p,d):136
cls_0x56f930	sum	1	fields=3 methods=1 lines=150
cls_0x56f930	meth	1	meth_0x56f930:v(p,d):136
cls_0x56fb40	sum	1	fields=2 methods=1 lines=26
cls_0x56fb40	meth	1	meth_0x56fb40:d():13
cls_0x56fc00	sum	1	fields=1 methods=0 lines=58
cls_0x56fc00	num	2	0x1f
cls_0x56fc00	num	1	0x676664
cls_0x56fc70	sum	1	fields=1 methods=1 lines=68
cls_0x56fc70	api	7	_param_2
cls_0x56fc70	meth	1	meth_0x56fc70:d(p,d):56
cls_0x56fdd0	sum	1	fields=1 methods=0 lines=12
cls_0x56fe20	sum	1	fields=1 methods=1 lines=23
cls_0x56fe20	meth	1	meth_0x56fe20:v():11
cls_0x56fe30	sum	1	fields=1 methods=2 lines=87
cls_0x56fe30	api	1	_param_2
cls_0x56fe30	num	1	0x100
cls_0x56fe30	num	1	0x4003
cls_0x56fe30	num	1	0x676264
cls_0x56fe30	num	1	0xc0c1
cls_0x56fe30	meth	1	meth_0x56fe90:?(p,d):28
cls_0x56fe30	meth	1	meth_0x56ff50:v():11
cls_0x56fef0	sum	1	fields=1 methods=0 lines=12
cls_0x56ff60	sum	1	fields=1 methods=1 lines=102
cls_0x56ff60	api	5	_param_2
cls_0x56ff60	num	2	0xfff1
cls_0x56ff60	num	1	0x15af
cls_0x56ff60	num	1	0x15b0
cls_0x56ff60	meth	1	meth_0x56ff80:v(p,d):79
cls_0x56ff70	sum	1	fields=1 methods=0 lines=12
cls_0x5701f0	sum	1	fields=5 methods=1 lines=73
cls_0x5701f0	num	1	20
cls_0x5701f0	num	1	40
cls_0x5701f0	num	1	44
cls_0x5701f0	num	1	52
cls_0x5701f0	num	1	56
cls_0x5701f0	num	1	60
cls_0x5701f0	meth	1	meth_0x5701f0:d(d):57
cls_0x5706e0	sum	1	fields=3 methods=0 lines=14
cls_0x5706e0	num	1	68
cls_0x5706e0	num	1	72
cls_0x5706e0	num	1	76
cls_0x5706e0	num	1	80
cls_0x570760	sum	1	fields=3 methods=1 lines=29
cls_0x570760	num	1	00570760
cls_0x570760	num	1	0x32
cls_0x570760	num	1	0x68
cls_0x570760	num	1	68
cls_0x570760	num	1	72
cls_0x570760	num	1	76
cls_0x570760	num	1	80
cls_0x570760	meth	1	meth_0x570760:d():15
cls_0x570900	sum	1	fields=6 methods=3 lines=204
cls_0x570900	num	1	00570900
cls_0x570900	num	1	0x18
cls_0x570900	num	1	20
cls_0x570900	num	1	48
cls_0x570900	num	1	52
cls_0x570900	num	1	56
cls_0x570900	meth	1	meth_0x570900:v():107
cls_0x570900	meth	1	meth_0x570c00:d():19
cls_0x570900	meth	1	meth_0x5722e0:v():61
cls_0x5723a0	sum	1	fields=1 methods=1 lines=37
cls_0x5723a0	num	1	0xffffff00
cls_0x5723a0	meth	1	meth_0x5723a0:d(b,d):25
cls_0x5725a0	sum	1	fields=2 methods=1 lines=33
cls_0x5725a0	meth	1	meth_0x5725a0:v():20
cls_0x5725c0	sum	1	fields=1 methods=1 lines=38
cls_0x5725c0	meth	1	meth_0x5725c0:v():26
cls_0x5726b0	sum	1	fields=4 methods=0 lines=38
cls_0x5726b0	num	1	52
cls_0x5726b0	num	1	56
cls_0x5726b0	num	1	60
cls_0x5727d0	sum	1	fields=2 methods=1 lines=55
cls_0x5727d0	num	1	0x1f
cls_0x5727d0	num	1	0xffffff00
cls_0x5727d0	num	1	28
cls_0x5727d0	num	1	56
cls_0x5727d0	num	1	60
cls_0x5727d0	meth	1	meth_0x5727d0:d():42
cls_0x572850	sum	1	fields=3 methods=1 lines=39
cls_0x572850	num	1	00572850
cls_0x572850	num	1	0x1f
cls_0x572850	num	1	28
cls_0x572850	num	1	56
cls_0x572850	num	1	60
cls_0x572850	meth	1	meth_0x572850:v():25
cls_0x572890	sum	1	fields=3 methods=1 lines=101
cls_0x572890	num	1	00572890
cls_0x572890	num	1	0x1f
cls_0x572890	num	1	28
cls_0x572890	num	1	56
cls_0x572890	num	1	60
cls_0x572890	meth	1	meth_0x572890:v(d):87
cls_0x572e00	sum	1	fields=1 methods=1 lines=26
cls_0x572e00	num	1	40
cls_0x572e00	num	1	44
cls_0x572e00	num	1	5000
cls_0x572e00	meth	1	meth_0x572e00:v():14
cls_0x573330	sum	1	fields=8 methods=1 lines=79
cls_0x573330	api	2	PLONG
cls_0x573330	api	1	LPCVOID
cls_0x573330	api	1	LPOVERLAPPED
cls_0x573330	num	1	00573330
cls_0x573330	num	1	0x1f
cls_0x573330	num	1	0xffffff00
cls_0x573330	num	1	20
cls_0x573330	num	1	24
cls_0x573330	num	1	28
cls_0x573330	num	1	40
cls_0x573330	num	1	44
cls_0x573330	num	1	56
cls_0x573330	num	1	60
cls_0x573330	meth	1	meth_0x573330:d(d,d):60
cls_0x573670	sum	1	fields=1 methods=0 lines=12
cls_0x5736b0	sum	1	fields=1 methods=0 lines=12
cls_0x5736b0	num	1	20
cls_0x573c20	sum	1	fields=2 methods=1 lines=59
cls_0x573c20	num	1	20
cls_0x573c20	meth	1	meth_0x573c20:v():46
cls_0x573df0	sum	1	fields=1 methods=1 lines=38
cls_0x573df0	meth	1	meth_0x573df0:v():26
cls_0x573e20	sum	1	fields=2 methods=1 lines=33
cls_0x573e20	meth	1	meth_0x573e20:v():20
cls_0x573e40	sum	1	fields=1 methods=1 lines=38
cls_0x573e40	meth	1	meth_0x573e40:v():26
cls_0x573e70	sum	1	fields=2 methods=1 lines=33
cls_0x573e70	meth	1	meth_0x573e70:v():20
cls_0x573e90	sum	1	fields=2 methods=1 lines=33
cls_0x573e90	meth	1	meth_0x573e90:v():20
cls_0x5742f0	sum	1	fields=1 methods=1 lines=26
cls_0x5742f0	api	3	HGLOBAL
cls_0x5742f0	num	1	56
cls_0x5742f0	num	1	60
cls_0x5742f0	meth	1	meth_0x5742f0:v():14
cls_0x574310	sum	1	fields=1 methods=0 lines=12
cls_0x574310	num	1	56
cls_0x574310	num	1	60
cls_0x5753f0	sum	1	fields=34 methods=0 lines=214
cls_0x5753f0	str	1	Handle
cls_0x5753f0	str	1	Network
cls_0x5753f0	str	1	Unknown
cls_0x5753f0	api	1	CHAR
cls_0x5753f0	api	1	CreateEventA
cls_0x5753f0	api	1	GetPrivateProfileStringA
cls_0x5753f0	api	1	GetUserNameA
cls_0x5753f0	num	3	60
cls_0x5753f0	num	1	0x620
cls_0x5753f0	num	1	0xc4
cls_0x5753f0	num	1	20
cls_0x5753f0	num	1	24
cls_0x5753f0	num	1	240
cls_0x5753f0	num	1	244
cls_0x5753f0	num	1	248
cls_0x5753f0	num	1	252
cls_0x5753f0	num	1	253
cls_0x5753f0	num	1	260
cls_0x5753f0	num	1	28
cls_0x5753f0	num	1	292
cls_0x5753f0	num	1	296
cls_0x5753f0	num	1	300
cls_0x5753f0	num	1	304
cls_0x5753f0	num	1	308
cls_0x5753f0	num	1	312
cls_0x5753f0	num	1	316
cls_0x5753f0	num	1	328
cls_0x5753f0	num	1	332
cls_0x5753f0	num	1	336
cls_0x5753f0	num	1	340
cls_0x5753f0	num	1	344
cls_0x5753f0	num	1	348
cls_0x5753f0	num	1	36
cls_0x5753f0	num	1	40
cls_0x5753f0	num	1	404
cls_0x5753f0	num	1	408
cls_0x5753f0	num	1	412
cls_0x5753f0	num	1	416
cls_0x5753f0	num	1	424
cls_0x5753f0	num	1	504
cls_0x5753f0	num	1	56
cls_0x5753f0	num	1	584
cls_0x5753f0	num	1	644
cls_0x5756d0	sum	1	fields=52 methods=41 lines=2650
cls_0x5756d0	str	4	Unknown
cls_0x5756d0	str	2	Network_login__No_server_player_f
cls_0x5756d0	str	1	MPAppear
cls_0x5756d0	str	1	TCP_IP
cls_0x5756d0	api	8	_strncpy
cls_0x5756d0	api	6	_param_1
cls_0x5756d0	api	4	LPUNKNOWN
cls_0x5756d0	api	3	HRESULT
cls_0x5756d0	api	2	CreateEventA
cls_0x5756d0	api	2	GetUserNameA
cls_0x5756d0	api	2	_param_2
cls_0x5756d0	api	1	CreateMutexA
cls_0x5756d0	num	16	0x50
cls_0x5756d0	num	13	0xc4
cls_0x5756d0	num	11	0x1c
cls_0x5756d0	num	8	0x31
cls_0x5756d0	num	7	0x1f
cls_0x5756d0	num	6	0x14
cls_0x5756d0	num	6	20000
cls_0x5756d0	num	5	0x28
cls_0x5756d0	num	5	0x7788ffe2
cls_0x5756d0	num	5	0xffffff00
cls_0x5756d0	num	4	0x58
cls_0x5756d0	num	3	0x34
cls_0x5756d0	num	3	0x60
cls_0x5756d0	num	3	0x600
cls_0x5756d0	num	3	0x7788fea2
cls_0x5756d0	num	3	0x7ffffff6
cls_0x5756d0	num	3	0x98
cls_0x5756d0	num	3	52
cls_0x5756d0	num	2	0x18
cls_0x5756d0	num	2	0x24
cls_0x5756d0	num	2	0x2c
cls_0x5756d0	num	2	0x3080
cls_0x5756d0	num	2	0x30c0
cls_0x5756d0	num	2	0x32
cls_0x5756d0	num	2	0x33
cls_0x5756d0	num	2	0x54
cls_0x5756d0	num	2	0x664
cls_0x5756d0	num	2	0x74
cls_0x5756d0	num	2	0x7c
cls_0x5756d0	num	2	0x81
cls_0x5756d0	num	2	0x92
cls_0x5756d0	num	2	0xb8
cls_0x5756d0	num	2	10000
cls_0x5756d0	num	2	2000
cls_0x5756d0	num	2	24
cls_0x5756d0	num	2	28
cls_0x5756d0	num	2	36
cls_0x5756d0	num	1	00575890
cls_0x5756d0	num	1	00576880
cls_0x5756d0	num	1	00577350
cls_0x5756d0	num	1	00577500
cls_0x5756d0	num	1	00578210
cls_0x5756d0	num	1	00578360
cls_0x5756d0	num	1	00588300
cls_0x5756d0	num	1	00588310
cls_0x5756d0	num	1	0x1000
cls_0x5756d0	num	1	0x102
cls_0x5756d0	num	1	0x12
cls_0x5756d0	num	1	0x13
cls_0x5756d0	num	1	0x1c4
cls_0x5756d0	num	1	0x1cc
cls_0x5756d0	num	1	0x1d4
cls_0x5756d0	num	1	0x1d8
cls_0x5756d0	num	1	0x1e0
cls_0x5756d0	num	1	0x1e8
cls_0x5756d0	num	1	0x30
cls_0x5756d0	num	1	0x3c
cls_0x5756d0	num	1	0x3f
cls_0x5756d0	num	1	0x577e79
cls_0x5756d0	num	1	0x57ad4a
cls_0x5756d0	num	1	0x57addb
cls_0x5756d0	num	1	0x57b02b
cls_0x5756d0	num	1	0x620
cls_0x5756d0	num	1	0x78
cls_0x5756d0	num	1	0x79
cls_0x5756d0	num	1	0x7fffbffb
cls_0x5756d0	num	1	0x7fffbfff
cls_0x5756d0	num	1	0x8c
cls_0x5756d0	num	1	0x8f
cls_0x5756d0	num	1	0x91
cls_0x5756d0	num	1	0x93
cls_0x5756d0	num	1	0xa0
cls_0x5756d0	num	1	0xfffffffc
cls_0x5756d0	num	1	120
cls_0x5756d0	num	1	132
cls_0x5756d0	num	1	196
cls_0x5756d0	num	1	200
cls_0x5756d0	num	1	240
cls_0x5756d0	num	1	244
cls_0x5756d0	num	1	248
cls_0x5756d0	num	1	252
cls_0x5756d0	num	1	253
cls_0x5756d0	num	1	254
cls_0x5756d0	num	1	260
cls_0x5756d0	num	1	291
cls_0x5756d0	num	1	292
cls_0x5756d0	num	1	296
cls_0x5756d0	num	1	300
cls_0x5756d0	num	1	304
cls_0x5756d0	num	1	308
cls_0x5756d0	num	1	31
cls_0x5756d0	num	1	316
cls_0x5756d0	num	1	320
cls_0x5756d0	num	1	324
cls_0x5756d0	num	1	328
cls_0x5756d0	num	1	332
cls_0x5756d0	num	1	336
cls_0x5756d0	num	1	348
cls_0x5756d0	num	1	376
cls_0x5756d0	num	1	380
cls_0x5756d0	num	1	384
cls_0x5756d0	num	1	388
cls_0x5756d0	num	1	392
cls_0x5756d0	num	1	396
cls_0x5756d0	num	1	40
cls_0x5756d0	num	1	400
cls_0x5756d0	num	1	404
cls_0x5756d0	num	1	408
cls_0x5756d0	num	1	412
cls_0x5756d0	num	1	416
cls_0x5756d0	num	1	424
cls_0x5756d0	num	1	44
cls_0x5756d0	num	1	464
cls_0x5756d0	num	1	48
cls_0x5756d0	num	1	504
cls_0x5756d0	num	1	511
cls_0x5756d0	num	1	544
cls_0x5756d0	num	1	56
cls_0x5756d0	num	1	584
cls_0x5756d0	num	1	60
cls_0x5756d0	num	1	624
cls_0x5756d0	num	1	628
cls_0x5756d0	meth	1	meth_0x575890:d():86
cls_0x5756d0	meth	1	meth_0x5759f0:v():53
cls_0x5756d0	meth	1	meth_0x575e90:d():10
cls_0x5756d0	meth	1	meth_0x575ea0:d():15
cls_0x5756d0	meth	1	meth_0x575ed0:d():56
cls_0x5756d0	meth	1	meth_0x575fd0:d():71
cls_0x5756d0	meth	1	meth_0x5761c0:d():10
cls_0x5756d0	meth	1	meth_0x5761d0:d():109
cls_0x5756d0	meth	1	meth_0x576880:d():76
cls_0x5756d0	meth	1	meth_0x5769a0:d():10
cls_0x5756d0	meth	1	meth_0x5769c0:d(d):29
cls_0x5756d0	meth	1	meth_0x576de0:d(d,d):165
cls_0x5756d0	meth	1	meth_0x577350:v():32
cls_0x5756d0	meth	1	meth_0x5773f0:v(d,p,d):43
cls_0x5756d0	meth	1	meth_0x577500:d(d,d,d):200
cls_0x5756d0	meth	1	meth_0x577be0:b():13
cls_0x5756d0	meth	1	meth_0x577c10:b():35
cls_0x5756d0	meth	1	meth_0x577c90:p():115
cls_0x5756d0	meth	1	meth_0x577e40:b():167
cls_0x5756d0	meth	1	meth_0x578210:v():63
cls_0x5756d0	meth	1	meth_0x578360:d():27
cls_0x5756d0	meth	1	meth_0x5789a0:d():19
cls_0x5756d0	meth	1	meth_0x5789f0:b():13
cls_0x5756d0	meth	1	meth_0x578a30:d():22
cls_0x5756d0	meth	1	meth_0x578a90:p():83
cls_0x5756d0	meth	1	meth_0x578b80:v():127
cls_0x5756d0	meth	1	meth_0x578ec0:d(d):25
cls_0x5756d0	meth	1	meth_0x5793f0:d(d):37
cls_0x5756d0	meth	1	meth_0x57a370:d():65
cls_0x5756d0	meth	1	meth_0x57a4f0:d(d):52
cls_0x5756d0	meth	1	meth_0x57a620:d():117
cls_0x5756d0	meth	1	meth_0x57a8f0:d():24
cls_0x5756d0	meth	1	meth_0x57ad00:d():190
cls_0x5756d0	meth	1	meth_0x57b050:d(p):84
cls_0x5756d0	meth	1	meth_0x57b1f0:v():11
cls_0x5756d0	meth	1	meth_0x57b220:d():70
cls_0x5756d0	meth	1	meth_0x57b350:d(d):58
cls_0x5756d0	meth	1	meth_0x57b480:v():42
cls_0x5756d0	meth	1	meth_0x57b530:d():76
cls_0x5756d0	meth	1	meth_0x588300:d():10
cls_0x5756d0	meth	1	meth_0x588310:d():13
cls_0x575ab0	sum	1	fields=4 methods=1 lines=39
cls_0x575ab0	num	1	240
cls_0x575ab0	num	1	244
cls_0x575ab0	num	1	40
cls_0x575ab0	meth	1	meth_0x575ab0:v():24
cls_0x575e80	sum	1	fields=1 methods=0 lines=12
cls_0x576110	sum	1	fields=7 methods=0 lines=18
cls_0x576110	num	1	24
cls_0x576110	num	1	240
cls_0x576110	num	1	244
cls_0x576110	num	1	40
cls_0x578e40	sum	1	fields=3 methods=2 lines=135
cls_0x578e40	num	2	0x2c
cls_0x578e40	num	2	0x600
cls_0x578e40	num	2	0x7ffffff6
cls_0x578e40	num	2	0xc4
cls_0x578e40	num	1	00579800
cls_0x578e40	num	1	0x18
cls_0x578e40	num	1	0x50
cls_0x578e40	num	1	0x57982e
cls_0x578e40	num	1	0x5798ad
cls_0x578e40	num	1	0x7fffbfff
cls_0x578e40	num	1	300
cls_0x578e40	num	1	332
cls_0x578e40	num	1	336
cls_0x578e40	meth	1	meth_0x578e40:d():24
cls_0x578e40	meth	1	meth_0x579800:d():97
cls_0x578fe0	sum	1	fields=5 methods=1 lines=65
cls_0x578fe0	num	1	0x200
cls_0x578fe0	num	1	0x7ffffff6
cls_0x578fe0	num	1	0xc4
cls_0x578fe0	num	1	300
cls_0x578fe0	num	1	332
cls_0x578fe0	num	1	340
cls_0x578fe0	num	1	344
cls_0x578fe0	num	1	348
cls_0x578fe0	meth	1	meth_0x578fe0:b():49
cls_0x5790b0	sum	1	fields=5 methods=1 lines=65
cls_0x5790b0	api	7	_param_1
cls_0x5790b0	num	1	0x200
cls_0x5790b0	num	1	0x7ffffff6
cls_0x5790b0	num	1	0xc4
cls_0x5790b0	num	1	300
cls_0x5790b0	num	1	332
cls_0x5790b0	num	1	340
cls_0x5790b0	num	1	344
cls_0x5790b0	num	1	348
cls_0x5790b0	meth	1	meth_0x5790b0:b(d,d):49
cls_0x579280	sum	1	fields=2 methods=1 lines=32
cls_0x579280	num	2	0x18
cls_0x579280	num	1	00579280
cls_0x579280	num	1	0x14
cls_0x579280	num	1	0xcc
cls_0x579280	num	1	300
cls_0x579280	num	1	304
cls_0x579280	meth	1	meth_0x579280:v():19
cls_0x579300	sum	1	fields=3 methods=0 lines=14
cls_0x579300	num	1	300
cls_0x579300	num	1	332
cls_0x579300	num	1	336
cls_0x579780	sum	1	fields=1 methods=0 lines=12
cls_0x5799a0	sum	1	fields=2 methods=0 lines=13
cls_0x5799a0	num	1	300
cls_0x5799a0	num	1	304
cls_0x579bb0	sum	1	fields=4 methods=1 lines=52
cls_0x579bb0	num	1	0x50
cls_0x579bb0	num	1	0x708
cls_0x579bb0	num	1	200
cls_0x579bb0	num	1	300
cls_0x579bb0	num	1	312
cls_0x579bb0	num	1	324
cls_0x579bb0	num	1	328
cls_0x579bb0	meth	1	meth_0x579bb0:v():37
cls_0x57a960	sum	1	fields=3 methods=1 lines=88
cls_0x57a960	num	1	0xffffff00
cls_0x57a960	num	1	20000
cls_0x57a960	num	1	240
cls_0x57a960	num	1	244
cls_0x57a960	num	1	584
cls_0x57a960	num	1	588
cls_0x57a960	meth	1	meth_0x57a960:d(d):74
cls_0x57b200	sum	1	fields=1 methods=1 lines=26
cls_0x57b200	num	1	416
cls_0x57b200	num	1	420
cls_0x57b200	meth	1	meth_0x57b200:d():14
cls_0x57b870	sum	1	fields=0 methods=0 lines=23
cls_0x57b870	num	2	56
cls_0x57b880	sum	1	fields=1 methods=0 lines=25
cls_0x57bc10	sum	1	fields=2 methods=1 lines=26
cls_0x57bc10	num	1	20
cls_0x57bc10	num	1	28
cls_0x57bc10	meth	1	meth_0x57bc10:d():13
cls_0x57bc60	sum	1	fields=4 methods=0 lines=31
cls_0x57bcc0	sum	1	fields=1 methods=1 lines=38
cls_0x57bcc0	meth	1	meth_0x57bcc0:v():26
cls_0x57bd10	sum	1	fields=4 methods=1 lines=57
cls_0x57bd10	meth	1	meth_0x57bd10:v():42
cls_0x57bd90	sum	1	fields=3 methods=8 lines=325
cls_0x57bd90	api	5	_param_1
cls_0x57bd90	api	1	_strlen
cls_0x57bd90	num	3	0xfffffffd
cls_0x57bd90	num	2	0x1f
cls_0x57bd90	num	1	0xfe
cls_0x57bd90	meth	1	meth_0x57bd90:v():26
cls_0x57bd90	meth	1	meth_0x57bec0:p(p):53
cls_0x57bd90	meth	1	meth_0x57bf60:v():14
cls_0x57bd90	meth	1	meth_0x57bf80:d(d):78
cls_0x57bd90	meth	1	meth_0x57c0a0:v():31
cls_0x57bd90	meth	1	meth_0x59ba04:p(p,d):57
cls_0x57bd90	meth	1	meth_0x59bad2:p(d):34
cls_0x57bd90	meth	1	meth_0x59bb39:v():18
cls_0x57be50	sum	1	fields=4 methods=1 lines=52
cls_0x57be50	meth	1	meth_0x57be50:v():37
cls_0x57d820	sum	1	fields=5 methods=0 lines=129
cls_0x57d820	num	1	140
cls_0x57d820	num	1	144
cls_0x57d820	num	1	60
cls_0x57d820	num	1	72
cls_0x57d9d0	sum	1	fields=16 methods=66 lines=3300
cls_0x57d9d0	api	19	_param_1
cls_0x57d9d0	api	7	_param_2
cls_0x57d9d0	num	42	0x18
cls_0x57d9d0	num	13	0xb8
cls_0x57d9d0	num	9	0x19
cls_0x57d9d0	num	6	0x125
cls_0x57d9d0	num	6	200
cls_0x57d9d0	num	4	0x14
cls_0x57d9d0	num	4	0x184
cls_0x57d9d0	num	4	0x494
cls_0x57d9d0	num	3	0x48
cls_0x57d9d0	num	3	0x4c
cls_0x57d9d0	num	2	0x1c
cls_0x57d9d0	num	2	0x2a0
cls_0x57d9d0	num	2	0x36c
cls_0x57d9d0	num	2	0x7f
cls_0x57d9d0	num	1	00584060
cls_0x57d9d0	num	1	00584150
cls_0x57d9d0	num	1	00584220
cls_0x57d9d0	num	1	00584270
cls_0x57d9d0	num	1	00584500
cls_0x57d9d0	num	1	00584680
cls_0x57d9d0	num	1	00584710
cls_0x57d9d0	num	1	00584870
cls_0x57d9d0	num	1	00584960
cls_0x57d9d0	num	1	00585680
cls_0x57d9d0	num	1	00585880
cls_0x57d9d0	num	1	00586170
cls_0x57d9d0	num	1	00586390
cls_0x57d9d0	num	1	00586630
cls_0x57d9d0	num	1	00586680
cls_0x57d9d0	num	1	00586750
cls_0x57d9d0	num	1	00586870
cls_0x57d9d0	num	1	00587040
cls_0x57d9d0	num	1	00587310
cls_0x57d9d0	num	1	00587350
cls_0x57d9d0	num	1	00587420
cls_0x57d9d0	num	1	00587570
cls_0x57d9d0	num	1	00587910
cls_0x57d9d0	num	1	00587990
cls_0x57d9d0	num	1	00588330
cls_0x57d9d0	num	1	00588340
cls_0x57d9d0	num	1	0x1000
cls_0x57d9d0	num	1	0x10000
cls_0x57d9d0	num	1	0x11
cls_0x57d9d0	num	1	0x12
cls_0x57d9d0	num	1	0x13
cls_0x57d9d0	num	1	0x15
cls_0x57d9d0	num	1	0x16
cls_0x57d9d0	num	1	0x178
cls_0x57d9d0	num	1	0x1a
cls_0x57d9d0	num	1	0x1b
cls_0x57d9d0	num	1	0x1c0
cls_0x57d9d0	num	1	0x1f
cls_0x57d9d0	num	1	0x22
cls_0x57d9d0	num	1	0x24
cls_0x57d9d0	num	1	0x2a
cls_0x57d9d0	num	1	0x2b
cls_0x57d9d0	num	1	0x2c
cls_0x57d9d0	num	1	0x2d
cls_0x57d9d0	num	1	0x2e
cls_0x57d9d0	num	1	0x31
cls_0x57d9d0	num	1	0x32
cls_0x57d9d0	num	1	0x33
cls_0x57d9d0	num	1	0x34
cls_0x57d9d0	num	1	0x35
cls_0x57d9d0	num	1	0x36
cls_0x57d9d0	num	1	0x39
cls_0x57d9d0	num	1	0x3a
cls_0x57d9d0	num	1	0x3b
cls_0x57d9d0	num	1	0x3c
cls_0x57d9d0	num	1	0x3d
cls_0x57d9d0	num	1	0x3f
cls_0x57d9d0	num	1	0x41
cls_0x57d9d0	num	1	0x44
cls_0x57d9d0	num	1	0x47
cls_0x57d9d0	num	1	0x490
cls_0x57d9d0	num	1	0x4a
cls_0x57d9d0	num	1	0x4b
cls_0x57d9d0	num	1	0x4d
cls_0x57d9d0	num	1	0x4d8
cls_0x57d9d0	num	1	0x4dc
cls_0x57d9d0	num	1	0x52
cls_0x57d9d0	num	1	0x53
cls_0x57d9d0	num	1	0x54
cls_0x57d9d0	num	1	0x55
cls_0x57d9d0	num	1	0x56
cls_0x57d9d0	num	1	0x57
cls_0x57d9d0	num	1	0x58
cls_0x57d9d0	num	1	0x59
cls_0x57d9d0	num	1	0x5a
cls_0x57d9d0	num	1	0x5b
cls_0x57d9d0	num	1	0x5c
cls_0x57d9d0	num	1	0x5d
cls_0x57d9d0	num	1	0x5e
cls_0x57d9d0	num	1	0x5f
cls_0x57d9d0	num	1	0x60
cls_0x57d9d0	num	1	0x7e
cls_0x57d9d0	num	1	0xb4
cls_0x57d9d0	num	1	0xfe
cls_0x57d9d0	num	1	0xffffff00
cls_0x57d9d0	num	1	104
cls_0x57d9d0	num	1	116
cls_0x57d9d0	num	1	120
cls_0x57d9d0	num	1	124
cls_0x57d9d0	num	1	140
cls_0x57d9d0	num	1	144
cls_0x57d9d0	num	1	148
cls_0x57d9d0	num	1	152
cls_0x57d9d0	num	1	156
cls_0x57d9d0	num	1	160
cls_0x57d9d0	num	1	84
cls_0x57d9d0	num	1	85
cls_0x57d9d0	num	1	88
cls_0x57d9d0	num	1	92
cls_0x57d9d0	num	1	96
cls_0x57d9d0	meth	1	meth_0x57d9d0:d(d,d,d):123
cls_0x57d9d0	meth	1	meth_0x57dc70:v():48
cls_0x57d9d0	meth	1	meth_0x583b60:d(d):55
cls_0x57d9d0	meth	1	meth_0x583c20:v():42
cls_0x57d9d0	meth	1	meth_0x583cb0:v():39
cls_0x57d9d0	meth	1	meth_0x583da0:d():20
cls_0x57d9d0	meth	1	meth_0x583de0:d(d):19
cls_0x57d9d0	meth	1	meth_0x583e30:d():21
cls_0x57d9d0	meth	1	meth_0x583e80:d(d,d,d,d):32
cls_0x57d9d0	meth	1	meth_0x583f60:d(d,d,d,d):34
cls_0x57d9d0	meth	1	meth_0x583fe0:d(d,d,d,d):34
cls_0x57d9d0	meth	1	meth_0x584060:d(d,d,d,d):23
cls_0x57d9d0	meth	1	meth_0x5840b0:d(d,d):50
cls_0x57d9d0	meth	1	meth_0x584150:d(d,d,d,d,d,d):49
cls_0x57d9d0	meth	1	meth_0x584220:d(d):19
cls_0x57d9d0	meth	1	meth_0x584270:d(d):37
cls_0x57d9d0	meth	1	meth_0x5843f0:d():70
cls_0x57d9d0	meth	1	meth_0x584500:d(d,d):55
cls_0x57d9d0	meth	1	meth_0x5845c0:d(d,d):55
cls_0x57d9d0	meth	1	meth_0x584680:d():42
cls_0x57d9d0	meth	1	meth_0x584710:d(d,d):47
cls_0x57d9d0	meth	1	meth_0x5847c0:d(d,d):47
cls_0x57d9d0	meth	1	meth_0x584870:d(d,d,p,d):64
cls_0x57d9d0	meth	1	meth_0x584960:d(d):93
cls_0x57d9d0	meth	1	meth_0x584b30:d(d,d,d,d,d,p):145
cls_0x57d9d0	meth	1	meth_0x584e00:d(d,d,d):50
cls_0x57d9d0	meth	1	meth_0x585680:d(d):106
cls_0x57d9d0	meth	1	meth_0x585880:d():81
cls_0x57d9d0	meth	1	meth_0x5859c0:d():60
cls_0x57d9d0	meth	1	meth_0x585ab0:d(d,d):79
cls_0x57d9d0	meth	1	meth_0x585bc0:d(d,d):37
cls_0x57d9d0	meth	1	meth_0x585e60:d(d):32
cls_0x57d9d0	meth	1	meth_0x585fb0:v():86
cls_0x57d9d0	meth	1	meth_0x586170:v(d):137
cls_0x57d9d0	meth	1	meth_0x586390:d(d):20
cls_0x57d9d0	meth	1	meth_0x5863f0:d():106
cls_0x57d9d0	meth	1	meth_0x5865a0:d(d,b,d,d):40
cls_0x57d9d0	meth	1	meth_0x586630:d(d):20
cls_0x57d9d0	meth	1	meth_0x586680:d(d,d,d):59
cls_0x57d9d0	meth	1	meth_0x586750:d(d):41
cls_0x57d9d0	meth	1	meth_0x5867d0:d(d,d):50
cls_0x57d9d0	meth	1	meth_0x586870:d(d,p,d):82
cls_0x57d9d0	meth	1	meth_0x5869a0:d(d,b):31
cls_0x57d9d0	meth	1	meth_0x586a10:d(d):20
cls_0x57d9d0	meth	1	meth_0x586a60:d():72
cls_0x57d9d0	meth	1	meth_0x586bb0:d(d,p):73
cls_0x57d9d0	meth	1	meth_0x586cc0:d(d,d,d):58
cls_0x57d9d0	meth	1	meth_0x586dd0:d(d):40
cls_0x57d9d0	meth	1	meth_0x586e60:d(d,d,d,d):31
cls_0x57d9d0	meth	1	meth_0x586f00:d(d,d,d):30
cls_0x57d9d0	meth	1	meth_0x586f80:d(d,d):22
cls_0x57d9d0	meth	1	meth_0x586fd0:d(d):32
cls_0x57d9d0	meth	1	meth_0x587040:d(d,d,d):48
cls_0x57d9d0	meth	1	meth_0x587310:d():20
cls_0x57d9d0	meth	1	meth_0x587350:d(d,d,d):59
cls_0x57d9d0	meth	1	meth_0x587420:d(d,d,d):59
cls_0x57d9d0	meth	1	meth_0x5874f0:d(d):39
cls_0x57d9d0	meth	1	meth_0x587570:d(d,b):31
cls_0x57d9d0	meth	1	meth_0x5875e0:d(d,d):60
cls_0x57d9d0	meth	1	meth_0x5876e0:d(d,d):47
cls_0x57d9d0	meth	1	meth_0x5878a0:d(d):32
cls_0x57d9d0	meth	1	meth_0x587910:d(d):36
cls_0x57d9d0	meth	1	meth_0x587990:d(d,d):40
cls_0x57d9d0	meth	1	meth_0x587a20:d():21
cls_0x57d9d0	meth	1	meth_0x588330:d():10
cls_0x57d9d0	meth	1	meth_0x588340:v():13
cls_0x57dd50	sum	1	fields=8 methods=1 lines=76
cls_0x57dd50	num	1	124
cls_0x57dd50	num	1	132
cls_0x57dd50	num	1	136
cls_0x57dd50	num	1	140
cls_0x57dd50	num	1	152
cls_0x57dd50	num	1	156
cls_0x57dd50	num	1	160
cls_0x57dd50	num	1	85
cls_0x57dd50	meth	1	meth_0x57dd50:v():57
cls_0x5877a0	sum	1	fields=3 methods=2 lines=69
cls_0x5877a0	str	1	MaxMonsters
cls_0x5877a0	str	1	Multiplayer
cls_0x5877a0	num	1	00587880
cls_0x5877a0	num	1	0x60
cls_0x5877a0	num	1	0x78
cls_0x5877a0	num	1	160
cls_0x5877a0	num	1	164
cls_0x5877a0	num	1	168
cls_0x5877a0	num	1	84
cls_0x5877a0	meth	1	meth_0x5877a0:d():41
cls_0x5877a0	meth	1	meth_0x587880:v():14
cls_0x587e30	sum	1	fields=3 methods=1 lines=30
cls_0x587e30	meth	1	meth_0x587e30:d():16
cls_0x587e70	sum	1	fields=4 methods=1 lines=42
cls_0x587e70	num	1	20
cls_0x587e70	num	1	36
cls_0x587e70	num	1	52
cls_0x587e70	num	1	56
cls_0x587e70	num	1	60
cls_0x587e70	meth	1	meth_0x587e70:d(d):27
cls_0x587ed0	sum	1	fields=1 methods=1 lines=22
cls_0x587ed0	meth	1	meth_0x587ed0:d():10
cls_0x587ee0	sum	1	fields=1 methods=1 lines=22
cls_0x587ee0	meth	1	meth_0x587ee0:d():10
cls_0x587ef0	sum	1	fields=1 methods=1 lines=22
cls_0x587ef0	num	1	54
cls_0x587ef0	num	1	55
cls_0x587ef0	meth	1	meth_0x587ef0:b():10
cls_0x587f00	sum	1	fields=1 methods=1 lines=22
cls_0x587f00	num	1	132
cls_0x587f00	num	1	136
cls_0x587f00	meth	1	meth_0x587f00:d():10
cls_0x587f10	sum	1	fields=1 methods=1 lines=25
cls_0x587f10	num	1	68
cls_0x587f10	meth	1	meth_0x587f10:v():13
cls_0x587f20	sum	1	fields=1 methods=1 lines=22
cls_0x587f20	num	1	68
cls_0x587f20	meth	1	meth_0x587f20:d():10
cls_0x587f60	sum	1	fields=2 methods=1 lines=30
cls_0x587f60	num	1	20
cls_0x587f60	num	1	24
cls_0x587f60	meth	1	meth_0x587f60:d():17
cls_0x587f80	sum	1	fields=1 methods=1 lines=38
cls_0x587f80	meth	1	meth_0x587f80:v():26
cls_0x587fb0	sum	1	fields=1 methods=1 lines=38
cls_0x587fb0	meth	1	meth_0x587fb0:v():26
cls_0x588020	sum	1	fields=2 methods=3 lines=46
cls_0x588020	num	1	00588020
cls_0x588020	num	1	00588030
cls_0x588020	num	1	00588040
cls_0x588020	meth	1	meth_0x588020:v():11
cls_0x588020	meth	1	meth_0x588030:d():10
cls_0x588020	meth	1	meth_0x588040:d():12
cls_0x588050	sum	1	fields=2 methods=1 lines=33
cls_0x588050	num	1	00588050
cls_0x588050	meth	1	meth_0x588050:v():20
cls_0x588140	sum	1	fields=1 methods=0 lines=23
cls_0x588140	num	1	00588140
cls_0x588350	sum	1	fields=1 methods=1 lines=22
cls_0x588350	num	1	00588350
cls_0x588350	num	1	20
cls_0x588350	num	1	24
cls_0x588350	meth	1	meth_0x588350:d():10
cls_0x588360	sum	1	fields=1 methods=1 lines=25
cls_0x588360	num	1	00588360
cls_0x588360	num	1	72
cls_0x588360	num	1	76
cls_0x588360	meth	1	meth_0x588360:v():13
cls_0x588370	sum	1	fields=2 methods=2 lines=35
cls_0x588370	num	1	00588370
cls_0x588370	num	1	00588380
cls_0x588370	num	1	184
cls_0x588370	num	1	200
cls_0x588370	num	1	204
cls_0x588370	meth	1	meth_0x588370:d():12
cls_0x588370	meth	1	meth_0x588380:d():10
cls_0x588390	sum	1	fields=1 methods=1 lines=25
cls_0x588390	num	1	00588390
cls_0x588390	num	1	1720
cls_0x588390	num	1	1724
cls_0x588390	meth	1	meth_0x588390:v():13
cls_0x5883a0	sum	1	fields=2 methods=1 lines=27
cls_0x5883a0	num	1	196
cls_0x5883a0	num	1	204
cls_0x5883a0	num	1	208
cls_0x5883a0	meth	1	meth_0x5883a0:v(d):14
cls_0x588410	sum	1	fields=13 methods=43 lines=1926
cls_0x588410	str	1	Netpack__Largest_Size____d
cls_0x588410	str	1	bowrun
cls_0x588410	str	1	combatrun
cls_0x588410	str	1	handrun
cls_0x588410	api	1	CHAR
cls_0x588410	api	1	OutputDebugStringA
cls_0x588410	num	6	0x100
cls_0x588410	num	6	0x18
cls_0x588410	num	4	0x19
cls_0x588410	num	3	0x8000
cls_0x588410	num	2	0x30
cls_0x588410	num	1	00588150
cls_0x588410	num	1	00588170
cls_0x588410	num	1	00588180
cls_0x588410	num	1	00588200
cls_0x588410	num	1	00588220
cls_0x588410	num	1	00588250
cls_0x588410	num	1	00588280
cls_0x588410	num	1	00588410
cls_0x588410	num	1	00588450
cls_0x588410	num	1	00588480
cls_0x588410	num	1	00588570
cls_0x588410	num	1	00588600
cls_0x588410	num	1	00588660
cls_0x588410	num	1	00588740
cls_0x588410	num	1	00589290
cls_0x588410	num	1	00589310
cls_0x588410	num	1	00589350
cls_0x588410	num	1	00589810
cls_0x588410	num	1	0x10000
cls_0x588410	num	1	0x1000000
cls_0x588410	num	1	0x16
cls_0x588410	num	1	0x1a
cls_0x588410	num	1	0x1c
cls_0x588410	num	1	0x200
cls_0x588410	num	1	0x2f
cls_0x588410	num	1	0x44
cls_0x588410	num	1	0x4c
cls_0x588410	num	1	0x7f
cls_0x588410	num	1	0x7fff
cls_0x588410	num	1	0xfe
cls_0x588410	num	1	0xffffff00
cls_0x588410	num	1	20
cls_0x588410	num	1	24
cls_0x588410	num	1	28
cls_0x588410	num	1	36
cls_0x588410	num	1	40
cls_0x588410	num	1	49
cls_0x588410	num	1	52
cls_0x588410	num	1	56
cls_0x588410	meth	1	meth_0x588480:v():13
cls_0x588410	meth	1	meth_0x588480:v():13
cls_0x588410	meth	1	meth_0x5725f0:v():18
cls_0x588410	meth	1	meth_0x57bbb0:v():22
cls_0x588410	meth	1	meth_0x57bc30:v():20
cls_0x588410	meth	1	meth_0x57c960:v():29
cls_0x588410	meth	1	meth_0x57c9c0:d(d):36
cls_0x588410	meth	1	meth_0x57ca40:d():110
cls_0x588410	meth	1	meth_0x57d200:d():87
cls_0x588410	meth	1	meth_0x57d390:d():193
cls_0x588410	meth	1	meth_0x588150:d():14
cls_0x588410	meth	1	meth_0x588170:d():10
cls_0x588410	meth	1	meth_0x588180:v():18
cls_0x588410	meth	1	meth_0x5881a0:v():22
cls_0x588410	meth	1	meth_0x5881e0:d():17
cls_0x588410	meth	1	meth_0x588200:d():17
cls_0x588410	meth	1	meth_0x588220:w():17
cls_0x588410	meth	1	meth_0x588250:w():17
cls_0x588410	meth	1	meth_0x588280:d():17
cls_0x588410	meth	1	meth_0x5882c0:d():52
cls_0x588410	meth	1	meth_0x588480:v():13
cls_0x588410	meth	1	meth_0x5884a0:p():49
cls_0x588410	meth	1	meth_0x588570:v():25
cls_0x588410	meth	1	meth_0x5885b0:v():29
cls_0x588410	meth	1	meth_0x588600:v():32
cls_0x588410	meth	1	meth_0x588660:v():50
cls_0x588410	meth	1	meth_0x5886d0:v(p):31
cls_0x588410	meth	1	meth_0x588740:v(p):187
cls_0x588410	meth	1	meth_0x588a50:d():21
cls_0x588410	meth	1	meth_0x588a90:d(d):68
cls_0x588410	meth	1	meth_0x588c00:d(p):81
cls_0x588410	meth	1	meth_0x588d70:v():27
cls_0x588410	meth	1	meth_0x588db0:v():27
cls_0x588410	meth	1	meth_0x588df0:v():28
cls_0x588410	meth	1	meth_0x588e80:v():41
cls_0x588410	meth	1	meth_0x5891c0:v(p):67
cls_0x588410	meth	1	meth_0x589290:d():33
cls_0x588410	meth	1	meth_0x5892e0:p():28
cls_0x588410	meth	1	meth_0x589310:v():18
cls_0x588410	meth	1	meth_0x589350:v(p):161
cls_0x588410	meth	1	meth_0x5895c0:d():52
cls_0x588410	meth	1	meth_0x5896c0:v(p):55
cls_0x588410	meth	1	meth_0x589810:v():37
cls_0x59b88e	sum	1	fields=2 methods=0 lines=35
cls_0x59b976	sum	1	fields=2 methods=0 lines=36
cls_0x59c0f3	sum	1	fields=3 methods=0 lines=14
cls_0x59c1b1	sum	1	fields=1 methods=0 lines=12
cls_0x5a34a0	sum	1	fields=9 methods=0 lines=522
cls_0x5a34a0	str	1	String
cls_0x5a34a0	str	1	filename
cls_0x5a34a0	str	1	s_s_s
cls_0x5a34a0	num	5	0x44
cls_0x5a34a0	num	2	0x2000
cls_0x5a34a0	num	2	0x28
cls_0x5a34a0	num	2	0x54
cls_0x5a34a0	num	2	20
cls_0x5a34a0	num	2	24
cls_0x5a34a0	num	1	00406100
cls_0x5a34a0	num	1	0x5a36e4
cls_0x5a34a0	num	1	0x65bd48
cls_0x5a34a0	num	1	252
cls_0x5a34a0	num	1	28
cls_0x5a34a0	num	1	36
cls_0x5a34a0	num	1	40
cls_0x5a34a0	num	1	44
cls_0x5a34a0	num	1	48
cls_0x5a34a0	num	1	52
cls_0x5a34a0	num	1	68
cls_0x5a3544	sum	1	fields=79 methods=0 lines=428
cls_0x5a3544	str	1	alpha
cls_0x5a3544	str	1	alphaadd
cls_0x5a3544	str	1	litadd
cls_0x5a3544	str	1	litaddz
cls_0x5a3544	str	1	litalpha
cls_0x5a3544	str	1	litalphaz
cls_0x5a3544	str	1	nocheckz
cls_0x5a3544	str	1	normal
cls_0x5a3544	num	3	0xf4
cls_0x5a3544	num	2	0xfc
cls_0x5a3544	num	2	20
cls_0x5a3544	num	2	24
cls_0x5a3544	num	2	28
cls_0x5a3544	num	1	00401900
cls_0x5a3544	num	1	00404270
cls_0x5a3544	num	1	00405770
cls_0x5a3544	num	1	0x3fffffff
cls_0x5a3544	num	1	0x41
cls_0x5a3544	num	1	0x44
cls_0x5a3544	num	1	0x50
cls_0x5a3544	num	1	0xe4
cls_0x5a3544	num	1	0xf8
cls_0x5a3544	num	1	0xffffff00
cls_0x5a3544	num	1	0xfffffffe
cls_0x5a3544	num	1	104
cls_0x5a3544	num	1	108
cls_0x5a3544	num	1	112
cls_0x5a3544	num	1	116
cls_0x5a3544	num	1	144
cls_0x5a3544	num	1	148
cls_0x5a3544	num	1	152
cls_0x5a3544	num	1	156
cls_0x5a3544	num	1	164
cls_0x5a3544	num	1	168
cls_0x5a3544	num	1	172
cls_0x5a3544	num	1	176
cls_0x5a3544	num	1	180
cls_0x5a3544	num	1	184
cls_0x5a3544	num	1	188
cls_0x5a3544	num	1	192
cls_0x5a3544	num	1	196
cls_0x5a3544	num	1	200
cls_0x5a3544	num	1	204
cls_0x5a3544	num	1	240
cls_0x5a3544	num	1	244
cls_0x5a3544	num	1	248
cls_0x5a3544	num	1	252
cls_0x5a3544	num	1	260
cls_0x5a3544	num	1	264
cls_0x5a3544	num	1	268
cls_0x5a3544	num	1	272
cls_0x5a3544	num	1	276
cls_0x5a3544	num	1	280
cls_0x5a3544	num	1	284
cls_0x5a3544	num	1	288
cls_0x5a3544	num	1	292
cls_0x5a3544	num	1	296
cls_0x5a3544	num	1	300
cls_0x5a3544	num	1	304
cls_0x5a3544	num	1	308
cls_0x5a3544	num	1	312
cls_0x5a3544	num	1	316
cls_0x5a3544	num	1	320
cls_0x5a3544	num	1	324
cls_0x5a3544	num	1	328
cls_0x5a3544	num	1	332
cls_0x5a3544	num	1	336
cls_0x5a3544	num	1	340
cls_0x5a3544	num	1	344
cls_0x5a3544	num	1	348
cls_0x5a3544	num	1	352
cls_0x5a3544	num	1	356
cls_0x5a3544	num	1	360
cls_0x5a3544	num	1	364
cls_0x5a3544	num	1	368
cls_0x5a3544	num	1	372
cls_0x5a3544	num	1	376
cls_0x5a3544	num	1	392
cls_0x5a3544	num	1	396
cls_0x5a3544	num	1	40
cls_0x5a3544	num	1	44
cls_0x5a3544	num	1	48
cls_0x5a3544	num	1	52
cls_0x5a3544	num	1	56
cls_0x5a3544	num	1	60
cls_0x5a3544	num	1	68
cls_0x5a3544	num	1	72
cls_0x5a3544	num	1	76
cls_0x5a3544	num	1	80
cls_0x5a3544	num	1	84
cls_0x5a3544	num	1	88
cls_0x5a3544	num	1	92
cls_0x5a3544	num	1	96
cls_0x5a359c	sum	1	fields=1 methods=0 lines=79
cls_0x5a359c	num	1	0xfc
cls_0x5a35ac	sum	1	fields=0 methods=10 lines=2816
cls_0x5a35ac	str	11	d__revenant_3DImage_cpp
cls_0x5a35ac	str	1	Newer_imagery_version_in_file
cls_0x5a35ac	str	1	Unable_to_initialize_3D_imagery_f
cls_0x5a35ac	str	1	armor
cls_0x5a35ac	str	1	arrow
cls_0x5a35ac	str	1	equip
cls_0x5a35ac	str	1	lightsource
cls_0x5a35ac	str	1	s_has_non_square_texture
cls_0x5a35ac	str	1	s_texture_is_not_a_power_of_two
cls_0x5a35ac	str	1	weapon
cls_0x5a35ac	num	13	0x14
cls_0x5a35ac	num	10	0x60
cls_0x5a35ac	num	10	0x7c
cls_0x5a35ac	num	9	0x18
cls_0x5a35ac	num	8	0x1f
cls_0x5a35ac	num	8	0x2c
cls_0x5a35ac	num	8	0x90
cls_0x5a35ac	num	7	0x50
cls_0x5a35ac	num	6	0x100
cls_0x5a35ac	num	6	0x44
cls_0x5a35ac	num	6	0x4c
cls_0x5a35ac	num	6	0xe5
cls_0x5a35ac	num	5	0x21
cls_0x5a35ac	num	5	0x22
cls_0x5a35ac	num	5	0x24
cls_0x5a35ac	num	5	0x26
cls_0x5a35ac	num	5	0x28
cls_0x5a35ac	num	5	0x30
cls_0x5a35ac	num	5	0x38
cls_0x5a35ac	num	5	0x84
cls_0x5a35ac	num	5	0x94
cls_0x5a35ac	num	4	0x13
cls_0x5a35ac	num	4	0x25
cls_0x5a35ac	num	4	0x54
cls_0x5a35ac	num	4	0x88
cls_0x5a35ac	num	3	0x1000
cls_0x5a35ac	num	3	0x17
cls_0x5a35ac	num	3	0x1b
cls_0x5a35ac	num	3	0x1d6
cls_0x5a35ac	num	3	0x200
cls_0x5a35ac	num	3	0x5c
cls_0x5a35ac	num	3	0x800
cls_0x5a35ac	num	3	0x98
cls_0x5a35ac	num	3	196
cls_0x5a35ac	num	2	0x18dc
cls_0x5a35ac	num	2	0x31
cls_0x5a35ac	num	2	0x3fffffff
cls_0x5a35ac	num	2	0x42
cls_0x5a35ac	num	2	0x801
cls_0x5a35ac	num	2	0x9ff
cls_0x5a35ac	num	2	0xff000000
cls_0x5a35ac	num	2	38
cls_0x5a35ac	num	2	44
cls_0x5a35ac	num	2	48
cls_0x5a35ac	num	1	00406580
cls_0x5a35ac	num	1	00407510
cls_0x5a35ac	num	1	00408980
cls_0x5a35ac	num	1	00410130
cls_0x5a35ac	num	1	00446260
cls_0x5a35ac	num	1	0x10004000
cls_0x5a35ac	num	1	0x1007
cls_0x5a35ac	num	1	0x100f
cls_0x5a35ac	num	1	0x10c
cls_0x5a35ac	num	1	0x1389
cls_0x5a35ac	num	1	0x1800
cls_0x5a35ac	num	1	0x1808
cls_0x5a35ac	num	1	0x19000
cls_0x5a35ac	num	1	0x19dc
cls_0x5a35ac	num	1	0x1d7
cls_0x5a35ac	num	1	0x200000
cls_0x5a35ac	num	1	0x23
cls_0x5a35ac	num	1	0x2a
cls_0x5a35ac	num	1	0x32
cls_0x5a35ac	num	1	0x34
cls_0x5a35ac	num	1	0x4001000
cls_0x5a35ac	num	1	0x417
cls_0x5a35ac	num	1	0x43
cls_0x5a35ac	num	1	0x45
cls_0x5a35ac	num	1	0x48
cls_0x5a35ac	num	1	0x537
cls_0x5a35ac	num	1	0x58
cls_0x5a35ac	num	1	0x637
cls_0x5a35ac	num	1	0x677
cls_0x5a35ac	num	1	0x6b7
cls_0x5a35ac	num	1	0x6f7
cls_0x5a35ac	num	1	0x70
cls_0x5a35ac	num	1	0x74
cls_0x5a35ac	num	1	0x7789fe3e
cls_0x5a35ac	num	1	0x78
cls_0x5a35ac	num	1	0x8c
cls_0x5a35ac	num	1	0xabe
cls_0x5a35ac	num	1	0xac1
cls_0x5a35ac	num	1	0xace
cls_0x5a35ac	num	1	0xacf
cls_0x5a35ac	num	1	0xad2
cls_0x5a35ac	num	1	0xada
cls_0x5a35ac	num	1	0xaf4
cls_0x5a35ac	num	1	0xaf5
cls_0x5a35ac	num	1	0xaf8
cls_0x5a35ac	num	1	0xe6
cls_0x5a35ac	num	1	0xffff0000
cls_0x5a35ac	num	1	0xffffff00
cls_0x5a35ac	num	1	104
cls_0x5a35ac	num	1	108
cls_0x5a35ac	num	1	112
cls_0x5a35ac	num	1	116
cls_0x5a35ac	num	1	120
cls_0x5a35ac	num	1	124
cls_0x5a35ac	num	1	132
cls_0x5a35ac	num	1	136
cls_0x5a35ac	num	1	140
cls_0x5a35ac	num	1	144
cls_0x5a35ac	num	1	148
cls_0x5a35ac	num	1	152
cls_0x5a35ac	num	1	156
cls_0x5a35ac	num	1	160
cls_0x5a35ac	num	1	164
cls_0x5a35ac	num	1	168
cls_0x5a35ac	num	1	172
cls_0x5a35ac	num	1	176
cls_0x5a35ac	num	1	180
cls_0x5a35ac	num	1	184
cls_0x5a35ac	num	1	188
cls_0x5a35ac	num	1	192
cls_0x5a35ac	num	1	20
cls_0x5a35ac	num	1	200
cls_0x5a35ac	num	1	204
cls_0x5a35ac	num	1	208
cls_0x5a35ac	num	1	212
cls_0x5a35ac	num	1	216
cls_0x5a35ac	num	1	220
cls_0x5a35ac	num	1	224
cls_0x5a35ac	num	1	228
cls_0x5a35ac	num	1	232
cls_0x5a35ac	num	1	236
cls_0x5a35ac	num	1	24
cls_0x5a35ac	num	1	28
cls_0x5a35ac	num	1	36
cls_0x5a35ac	num	1	40
cls_0x5a35ac	num	1	5000
cls_0x5a35ac	num	1	52
cls_0x5a35ac	num	1	56
cls_0x5a35ac	num	1	60
cls_0x5a35ac	num	1	68
cls_0x5a35ac	num	1	72
cls_0x5a35ac	num	1	76
cls_0x5a35ac	num	1	80
cls_0x5a35ac	num	1	84
cls_0x5a35ac	num	1	88
cls_0x5a35ac	num	1	92
cls_0x5a35ac	num	1	96
cls_0x5a35ac	meth	1	meth_0x406a50:d():581
cls_0x5a35ac	meth	1	meth_0x407510:d():933
cls_0x5a35ac	meth	1	meth_0x4085f0:v():257
cls_0x5a35ac	meth	1	meth_0x408ff0:v():58
cls_0x5a35ac	meth	1	meth_0x40bb30:d(p):300
cls_0x5a35ac	meth	1	meth_0x40c190:v():67
cls_0x5a35ac	meth	1	meth_0x40cc40:d(d,d,p,p,p,p,p):212
cls_0x5a35ac	meth	1	meth_0x4109d0:v():13
cls_0x5a35ac	meth	1	meth_0x4191b0:v():64
cls_0x5a35ac	meth	1	meth_0x446260:v():12
cls_0x5a36e0	sum	1	fields=3 methods=0 lines=92
cls_0x5a36e0	num	2	0xcc
cls_0x5a36e0	num	1	00411440
cls_0x5a36e0	num	1	20
cls_0x5a36e0	num	1	24
cls_0x5a36f8	sum	1	fields=4 methods=0 lines=41
cls_0x5a36f8	num	2	20
cls_0x5a393c	sum	1	fields=12 methods=0 lines=1218
cls_0x5a393c	str	3	Armor
cls_0x5a393c	num	29	0x34
cls_0x5a393c	num	18	0x44
cls_0x5a393c	num	14	0x14
cls_0x5a393c	num	14	0x48
cls_0x5a393c	num	12	0x17
cls_0x5a393c	num	9	0x18
cls_0x5a393c	num	9	0x3f800000
cls_0x5a393c	num	7	0xd2
cls_0x5a393c	num	6	0x28
cls_0x5a393c	num	6	0x3fc90fdb
cls_0x5a393c	num	6	0x60
cls_0x5a393c	num	6	0x90
cls_0x5a393c	num	5	0x11
cls_0x5a393c	num	5	0x12
cls_0x5a393c	num	5	0x134
cls_0x5a393c	num	5	0x50
cls_0x5a393c	num	4	0x15
cls_0x5a393c	num	4	0x16
cls_0x5a393c	num	4	300
cls_0x5a393c	num	3	0x3fc00000
cls_0x5a393c	num	3	0x461c3c00
cls_0x5a393c	num	3	0x5c
cls_0x5a393c	num	3	0x6c
cls_0x5a393c	num	3	0xc61c3c00
cls_0x5a393c	num	2	0x1000000
cls_0x5a393c	num	2	0x26
cls_0x5a393c	num	2	0x27
cls_0x5a393c	num	2	0x2c
cls_0x5a393c	num	2	0x64
cls_0x5a393c	num	2	0x74
cls_0x5a393c	num	2	0x7c
cls_0x5a393c	num	2	0xc0
cls_0x5a393c	num	2	20
cls_0x5a393c	num	2	52
cls_0x5a393c	num	2	56
cls_0x5a393c	num	2	60
cls_0x5a393c	num	1	00418830
cls_0x5a393c	num	1	00418890
cls_0x5a393c	num	1	00419040
cls_0x5a393c	num	1	00419590
cls_0x5a393c	num	1	0x100006c
cls_0x5a393c	num	1	0x144
cls_0x5a393c	num	1	0x1c
cls_0x5a393c	num	1	0x24
cls_0x5a393c	num	1	0x30
cls_0x5a393c	num	1	0x36
cls_0x5a393c	num	1	0x38
cls_0x5a393c	num	1	0x400
cls_0x5a393c	num	1	0x68
cls_0x5a393c	num	1	0x78
cls_0x5a393c	num	1	0x84
cls_0x5a393c	num	1	0x8c
cls_0x5a393c	num	1	0xa8
cls_0x5a393c	num	1	0xb0
cls_0x5a393c	num	1	0xb8
cls_0x5a393c	num	1	0xbf490fdb
cls_0x5a393c	num	1	0xfefeffff
cls_0x5a393c	num	1	0xfeffffff
cls_0x5a393c	num	1	172
cls_0x5a393c	num	1	236
cls_0x5a393c	num	1	24
cls_0x5a393c	num	1	240
cls_0x5a393c	num	1	28
cls_0x5a393c	num	1	36
cls_0x5a393c	num	1	40
cls_0x5a393c	num	1	44
cls_0x5a393c	num	1	45
cls_0x5a393c	num	1	48
cls_0x5a393c	num	1	53
cls_0x5a393c	num	1	68
cls_0x5a393c	num	1	84
cls_0x5a3980	sum	1	fields=0 methods=0 lines=315
cls_0x5a3980	str	1	Couldn_t_restore_surface
cls_0x5a3980	str	1	d__revenant_DDSurface_cpp
cls_0x5a3980	api	2	_param_3
cls_0x5a3980	api	2	_param_4
cls_0x5a3980	api	1	_param_1
cls_0x5a3980	api	1	_param_2
cls_0x5a3980	api	1	_param_5
cls_0x5a3980	num	2	0x1f
cls_0x5a3980	num	2	0x400
cls_0x5a3980	num	2	0x6c
cls_0x5a3980	num	2	0x7789fe3e
cls_0x5a3980	num	2	144
cls_0x5a3980	num	1	0x10000000
cls_0x5a3980	num	1	0x19
cls_0x5a3980	num	1	0x20000000
cls_0x5a3980	num	1	0x24a
cls_0x5a3980	num	1	0x38
cls_0x5a3980	num	1	0x400000
cls_0x5a3980	num	1	0x4000000
cls_0x5a3980	num	1	0x60
cls_0x5a3980	num	1	0x7789fdb8
cls_0x5a3980	num	1	0x7789fde4
cls_0x5a3980	num	1	0x80000000
cls_0x5a3980	num	1	0xfffff3ff
cls_0x5a3980	num	1	104
cls_0x5a3980	num	1	108
cls_0x5a3980	num	1	17
cls_0x5a3980	num	1	20
cls_0x5a3980	num	1	24
cls_0x5a3980	num	1	28
cls_0x5a3980	num	1	36
cls_0x5a3980	num	1	40
cls_0x5a3980	num	1	44
cls_0x5a3980	num	1	48
cls_0x5a3980	num	1	52
cls_0x5a3980	num	1	56
cls_0x5a3980	num	1	60
cls_0x5a3980	num	1	68
cls_0x5a3980	num	1	72
cls_0x5a3980	num	1	76
cls_0x5a3980	num	1	80
cls_0x5a3980	num	1	84
cls_0x5a3980	num	1	88
cls_0x5a3980	num	1	92
cls_0x5a3980	num	1	96
cls_0x5a3aac	sum	1	fields=1 methods=0 lines=27
cls_0x5a3ab8	sum	1	fields=21 methods=0 lines=447
cls_0x5a3ab8	str	1	FIELD
cls_0x5a3ab8	str	1	FLAGS
cls_0x5a3ab8	str	1	GROUP
cls_0x5a3ab8	str	1	INDEX
cls_0x5a3ab8	str	1	Text_expected
cls_0x5a3ab8	str	1	Unable_to_parse_control_flags
cls_0x5a3ab8	str	1	Unable_to_parse_control_group
cls_0x5a3ab8	str	1	Unable_to_parse_control_hotkey
cls_0x5a3ab8	str	1	Unable_to_parse_control_pos
cls_0x5a3ab8	str	1	Unable_to_parse_control_size
cls_0x5a3ab8	api	4	_strncpy
cls_0x5a3ab8	api	3	_param_11
cls_0x5a3ab8	num	9	0x98
cls_0x5a3ab8	num	4	0x1f
cls_0x5a3ab8	num	4	0xffffd8f0
cls_0x5a3ab8	num	3	0x28
cls_0x5a3ab8	num	2	104
cls_0x5a3ab8	num	2	108
cls_0x5a3ab8	num	2	20
cls_0x5a3ab8	num	2	24
cls_0x5a3ab8	num	2	56
cls_0x5a3ab8	num	2	88
cls_0x5a3ab8	num	2	92
cls_0x5a3ab8	num	2	96
cls_0x5a3ab8	num	1	0x14
cls_0x5a3ab8	num	1	0xffffffbf
cls_0x5a3ab8	num	1	0xfffffffe
cls_0x5a3ab8	num	1	112
cls_0x5a3ab8	num	1	116
cls_0x5a3ab8	num	1	120
cls_0x5a3ab8	num	1	132
cls_0x5a3ab8	num	1	136
cls_0x5a3ab8	num	1	140
cls_0x5a3ab8	num	1	144
cls_0x5a3ab8	num	1	28
cls_0x5a3ab8	num	1	36
cls_0x5a3ab8	num	1	40
cls_0x5a3ab8	num	1	44
cls_0x5a3ab8	num	1	48
cls_0x5a3ab8	num	1	52
cls_0x5a3ab8	num	1	55
cls_0x5a3ab8	num	1	60
cls_0x5a3ab8	num	1	68
cls_0x5a3ab8	num	1	72
cls_0x5a3ab8	num	1	76
cls_0x5a3ab8	num	1	80
cls_0x5a3ab8	num	1	84
cls_0x5a3ab8	num	1	87
cls_0x5a3b24	sum	1	fields=2 methods=0 lines=166
cls_0x5a3b24	num	2	0xffffd8f0
cls_0x5a3b24	num	2	144
cls_0x5a3b24	num	1	0x80000000
cls_0x5a3b24	num	1	0xc0
cls_0x5a3b24	num	1	0xfffffffe
cls_0x5a3b24	num	1	104
cls_0x5a3b24	num	1	108
cls_0x5a3b24	num	1	148
cls_0x5a3b24	num	1	152
cls_0x5a3b24	num	1	20
cls_0x5a3b24	num	1	24
cls_0x5a3b24	num	1	28
cls_0x5a3b24	num	1	36
cls_0x5a3b24	num	1	40
cls_0x5a3b24	num	1	44
cls_0x5a3b24	num	1	48
cls_0x5a3b24	num	1	52
cls_0x5a3b24	num	1	56
cls_0x5a3b24	num	1	60
cls_0x5a3b24	num	1	68
cls_0x5a3b24	num	1	72
cls_0x5a3b24	num	1	76
cls_0x5a3b24	num	1	80
cls_0x5a3b24	num	1	84
cls_0x5a3b24	num	1	88
cls_0x5a3b24	num	1	92
cls_0x5a3b24	num	1	96
cls_0x5a3b90	sum	1	fields=7 methods=0 lines=169
cls_0x5a3b90	num	2	0xffffd8f0
cls_0x5a3b90	num	2	144
cls_0x5a3b90	num	1	0x6560c8
cls_0x5a3b90	num	1	0xe0
cls_0x5a3b90	num	1	0xfffffffe
cls_0x5a3b90	num	1	104
cls_0x5a3b90	num	1	108
cls_0x5a3b90	num	1	148
cls_0x5a3b90	num	1	168
cls_0x5a3b90	num	1	172
cls_0x5a3b90	num	1	176
cls_0x5a3b90	num	1	180
cls_0x5a3b90	num	1	184
cls_0x5a3b90	num	1	188
cls_0x5a3b90	num	1	20
cls_0x5a3b90	num	1	24
cls_0x5a3b90	num	1	28
cls_0x5a3b90	num	1	36
cls_0x5a3b90	num	1	40
cls_0x5a3b90	num	1	44
cls_0x5a3b90	num	1	48
cls_0x5a3b90	num	1	52
cls_0x5a3b90	num	1	56
cls_0x5a3b90	num	1	60
cls_0x5a3b90	num	1	68
cls_0x5a3b90	num	1	72
cls_0x5a3b90	num	1	76
cls_0x5a3b90	num	1	80
cls_0x5a3b90	num	1	84
cls_0x5a3b90	num	1	88
cls_0x5a3b90	num	1	92
cls_0x5a3b90	num	1	96
cls_0x5a3bfc	sum	1	fields=15 methods=0 lines=194
cls_0x5a3bfc	num	2	0xffffd8f0
cls_0x5a3bfc	num	2	144
cls_0x5a3bfc	num	1	00438070
cls_0x5a3bfc	num	1	00438090
cls_0x5a3bfc	num	1	0x100000
cls_0x5a3bfc	num	1	0x148
cls_0x5a3bfc	num	1	0x200000
cls_0x5a3bfc	num	1	0x40000
cls_0x5a3bfc	num	1	0x6554b8
cls_0x5a3bfc	num	1	0x80000
cls_0x5a3bfc	num	1	0xffffff9f
cls_0x5a3bfc	num	1	0xffffffaf
cls_0x5a3bfc	num	1	0xfffffffa
cls_0x5a3bfc	num	1	0xfffffffc
cls_0x5a3bfc	num	1	0xfffffffe
cls_0x5a3bfc	num	1	104
cls_0x5a3bfc	num	1	108
cls_0x5a3bfc	num	1	148
cls_0x5a3bfc	num	1	168
cls_0x5a3bfc	num	1	172
cls_0x5a3bfc	num	1	176
cls_0x5a3bfc	num	1	180
cls_0x5a3bfc	num	1	184
cls_0x5a3bfc	num	1	188
cls_0x5a3bfc	num	1	192
cls_0x5a3bfc	num	1	196
cls_0x5a3bfc	num	1	20
cls_0x5a3bfc	num	1	200
cls_0x5a3bfc	num	1	204
cls_0x5a3bfc	num	1	208
cls_0x5a3bfc	num	1	212
cls_0x5a3bfc	num	1	216
cls_0x5a3bfc	num	1	220
cls_0x5a3bfc	num	1	24
cls_0x5a3bfc	num	1	28
cls_0x5a3bfc	num	1	36
cls_0x5a3bfc	num	1	40
cls_0x5a3bfc	num	1	44
cls_0x5a3bfc	num	1	48
cls_0x5a3bfc	num	1	52
cls_0x5a3bfc	num	1	56
cls_0x5a3bfc	num	1	60
cls_0x5a3bfc	num	1	68
cls_0x5a3bfc	num	1	72
cls_0x5a3bfc	num	1	76
cls_0x5a3bfc	num	1	80
cls_0x5a3bfc	num	1	84
cls_0x5a3bfc	num	1	88
cls_0x5a3bfc	num	1	92
cls_0x5a3bfc	num	1	96
cls_0x5a3c68	sum	1	fields=30 methods=6 lines=871
cls_0x5a3c68	str	1	Control_message_recursion_overfl
cls_0x5a3c68	api	8	_strncpy
cls_0x5a3c68	num	12	0x4f
cls_0x5a3c68	num	12	0x80000
cls_0x5a3c68	num	8	0x18
cls_0x5a3c68	num	8	0x40000
cls_0x5a3c68	num	5	0x10000
cls_0x5a3c68	num	3	0x80000000
cls_0x5a3c68	num	3	0x88
cls_0x5a3c68	num	2	0x14
cls_0x5a3c68	num	2	0xffffd8f0
cls_0x5a3c68	num	2	144
cls_0x5a3c68	num	1	00438220
cls_0x5a3c68	num	1	0x100000
cls_0x5a3c68	num	1	0x168
cls_0x5a3c68	num	1	0x1f
cls_0x5a3c68	num	1	0x200000
cls_0x5a3c68	num	1	0x2100
cls_0x5a3c68	num	1	0x400000
cls_0x5a3c68	num	1	0x5c
cls_0x5a3c68	num	1	0x655910
cls_0x5a3c68	num	1	0x656220
cls_0x5a3c68	num	1	0x6562d8
cls_0x5a3c68	num	1	0x70000
cls_0x5a3c68	num	1	0x7f
cls_0x5a3c68	num	1	0x84
cls_0x5a3c68	num	1	0x8c
cls_0x5a3c68	num	1	0x94
cls_0x5a3c68	num	1	0x98
cls_0x5a3c68	num	1	0xa0
cls_0x5a3c68	num	1	0xa8
cls_0x5a3c68	num	1	0xac
cls_0x5a3c68	num	1	0xbb9
cls_0x5a3c68	num	1	0xfffdffef
cls_0x5a3c68	num	1	0xfffffeff
cls_0x5a3c68	num	1	0xfffffff7
cls_0x5a3c68	num	1	0xfffffffe
cls_0x5a3c68	num	1	104
cls_0x5a3c68	num	1	108
cls_0x5a3c68	num	1	112
cls_0x5a3c68	num	1	148
cls_0x5a3c68	num	1	152
cls_0x5a3c68	num	1	156
cls_0x5a3c68	num	1	160
cls_0x5a3c68	num	1	164
cls_0x5a3c68	num	1	168
cls_0x5a3c68	num	1	172
cls_0x5a3c68	num	1	176
cls_0x5a3c68	num	1	196
cls_0x5a3c68	num	1	20
cls_0x5a3c68	num	1	200
cls_0x5a3c68	num	1	204
cls_0x5a3c68	num	1	208
cls_0x5a3c68	num	1	212
cls_0x5a3c68	num	1	216
cls_0x5a3c68	num	1	220
cls_0x5a3c68	num	1	224
cls_0x5a3c68	num	1	228
cls_0x5a3c68	num	1	232
cls_0x5a3c68	num	1	24
cls_0x5a3c68	num	1	248
cls_0x5a3c68	num	1	264
cls_0x5a3c68	num	1	28
cls_0x5a3c68	num	1	280
cls_0x5a3c68	num	1	296
cls_0x5a3c68	num	1	300
cls_0x5a3c68	num	1	3000
cls_0x5a3c68	num	1	304
cls_0x5a3c68	num	1	308
cls_0x5a3c68	num	1	312
cls_0x5a3c68	num	1	316
cls_0x5a3c68	num	1	320
cls_0x5a3c68	num	1	324
cls_0x5a3c68	num	1	328
cls_0x5a3c68	num	1	36
cls_0x5a3c68	num	1	40
cls_0x5a3c68	num	1	44
cls_0x5a3c68	num	1	48
cls_0x5a3c68	num	1	52
cls_0x5a3c68	num	1	56
cls_0x5a3c68	num	1	60
cls_0x5a3c68	num	1	68
cls_0x5a3c68	num	1	72
cls_0x5a3c68	num	1	76
cls_0x5a3c68	num	1	78
cls_0x5a3c68	num	1	80
cls_0x5a3c68	num	1	84
cls_0x5a3c68	num	1	88
cls_0x5a3c68	num	1	92
cls_0x5a3c68	num	1	96
cls_0x5a3c68	meth	1	meth_0x42a820:v():304
cls_0x5a3c68	meth	1	meth_0x42c850:v(p,p):321
cls_0x5a3c68	meth	1	meth_0x42d2d0:v():60
cls_0x5a3c68	meth	1	meth_0x432a50:v():67
cls_0x5a3c68	meth	1	meth_0x4387f0:v():19
cls_0x5a3c68	meth	1	meth_0x438a50:v():19
cls_0x5a3cd8	sum	1	fields=44 methods=15 lines=956
cls_0x5a3cd8	num	7	0x100000
cls_0x5a3cd8	num	7	0x80000
cls_0x5a3cd8	num	4	10000
cls_0x5a3cd8	num	3	0x10000
cls_0x5a3cd8	num	3	0x20000
cls_0x5a3cd8	num	3	0x21
cls_0x5a3cd8	num	3	0x400000
cls_0x5a3cd8	num	3	0xffefffff
cls_0x5a3cd8	num	3	0xfff7ffff
cls_0x5a3cd8	num	2	0x200000
cls_0x5a3cd8	num	2	0x40000
cls_0x5a3cd8	num	2	0xa4
cls_0x5a3cd8	num	2	0xffdfffff
cls_0x5a3cd8	num	2	0xfffbffff
cls_0x5a3cd8	num	2	0xffffd8f0
cls_0x5a3cd8	num	2	144
cls_0x5a3cd8	num	1	00438330
cls_0x5a3cd8	num	1	00438350
cls_0x5a3cd8	num	1	00438380
cls_0x5a3cd8	num	1	0x13
cls_0x5a3cd8	num	1	0x14
cls_0x5a3cd8	num	1	0x16
cls_0x5a3cd8	num	1	0x1d0
cls_0x5a3cd8	num	1	0x400
cls_0x5a3cd8	num	1	0xffbfffff
cls_0x5a3cd8	num	1	0xfffffffe
cls_0x5a3cd8	num	1	104
cls_0x5a3cd8	num	1	108
cls_0x5a3cd8	num	1	148
cls_0x5a3cd8	num	1	152
cls_0x5a3cd8	num	1	156
cls_0x5a3cd8	num	1	160
cls_0x5a3cd8	num	1	164
cls_0x5a3cd8	num	1	168
cls_0x5a3cd8	num	1	172
cls_0x5a3cd8	num	1	192
cls_0x5a3cd8	num	1	196
cls_0x5a3cd8	num	1	20
cls_0x5a3cd8	num	1	200
cls_0x5a3cd8	num	1	204
cls_0x5a3cd8	num	1	208
cls_0x5a3cd8	num	1	212
cls_0x5a3cd8	num	1	216
cls_0x5a3cd8	num	1	220
cls_0x5a3cd8	num	1	224
cls_0x5a3cd8	num	1	228
cls_0x5a3cd8	num	1	232
cls_0x5a3cd8	num	1	236
cls_0x5a3cd8	num	1	24
cls_0x5a3cd8	num	1	240
cls_0x5a3cd8	num	1	244
cls_0x5a3cd8	num	1	248
cls_0x5a3cd8	num	1	252
cls_0x5a3cd8	num	1	260
cls_0x5a3cd8	num	1	264
cls_0x5a3cd8	num	1	268
cls_0x5a3cd8	num	1	272
cls_0x5a3cd8	num	1	276
cls_0x5a3cd8	num	1	28
cls_0x5a3cd8	num	1	280
cls_0x5a3cd8	num	1	284
cls_0x5a3cd8	num	1	288
cls_0x5a3cd8	num	1	292
cls_0x5a3cd8	num	1	320
cls_0x5a3cd8	num	1	324
cls_0x5a3cd8	num	1	328
cls_0x5a3cd8	num	1	332
cls_0x5a3cd8	num	1	336
cls_0x5a3cd8	num	1	340
cls_0x5a3cd8	num	1	344
cls_0x5a3cd8	num	1	348
cls_0x5a3cd8	num	1	352
cls_0x5a3cd8	num	1	356
cls_0x5a3cd8	num	1	36
cls_0x5a3cd8	num	1	360
cls_0x5a3cd8	num	1	40
cls_0x5a3cd8	num	1	44
cls_0x5a3cd8	num	1	48
cls_0x5a3cd8	num	1	52
cls_0x5a3cd8	num	1	56
cls_0x5a3cd8	num	1	60
cls_0x5a3cd8	num	1	68
cls_0x5a3cd8	num	1	72
cls_0x5a3cd8	num	1	76
cls_0x5a3cd8	num	1	80
cls_0x5a3cd8	num	1	84
cls_0x5a3cd8	num	1	88
cls_0x5a3cd8	num	1	92
cls_0x5a3cd8	num	1	96
cls_0x5a3cd8	meth	1	meth_0x42dfe0:d(d,d):87
cls_0x5a3cd8	meth	1	meth_0x42e240:v():83
cls_0x5a3cd8	meth	1	meth_0x42e3d0:v(d):27
cls_0x5a3cd8	meth	1	meth_0x42e440:v():56
cls_0x5a3cd8	meth	1	meth_0x42e580:v():11
cls_0x5a3cd8	meth	1	meth_0x42e620:v(p):41
cls_0x5a3cd8	meth	1	meth_0x42e770:v():25
cls_0x5a3cd8	meth	1	meth_0x42e7d0:v(p):40
cls_0x5a3cd8	meth	1	meth_0x42e8a0:d(d):23
cls_0x5a3cd8	meth	1	meth_0x42e8f0:v():25
cls_0x5a3cd8	meth	1	meth_0x42e950:v():21
cls_0x5a3cd8	meth	1	meth_0x42e980:v(p):40
cls_0x5a3cd8	meth	1	meth_0x42ea50:d(d):23
cls_0x5a3cd8	meth	1	meth_0x42eaa0:v():25
cls_0x5a3cd8	meth	1	meth_0x42eb00:v():224
cls_0x5a3d44	sum	1	fields=44 methods=8 lines=1056
cls_0x5a3d44	num	11	0x25
cls_0x5a3d44	num	8	0x10000
cls_0x5a3d44	num	6	0x26
cls_0x5a3d44	num	6	0x27
cls_0x5a3d44	num	5	0xffffd8f0
cls_0x5a3d44	num	4	0x40000
cls_0x5a3d44	num	4	10000
cls_0x5a3d44	num	3	0x20000
cls_0x5a3d44	num	3	0x80000
cls_0x5a3d44	num	2	0x200000
cls_0x5a3d44	num	2	0xfffffffe
cls_0x5a3d44	num	2	144
cls_0x5a3d44	num	1	00430090
cls_0x5a3d44	num	1	00431000
cls_0x5a3d44	num	1	00431160
cls_0x5a3d44	num	1	00431410
cls_0x5a3d44	num	1	0x14
cls_0x5a3d44	num	1	0x148
cls_0x5a3d44	num	1	0x168
cls_0x5a3d44	num	1	0x1c
cls_0x5a3d44	num	1	0x1f
cls_0x5a3d44	num	1	0x28
cls_0x5a3d44	num	1	0x3e
cls_0x5a3d44	num	1	0x400
cls_0x5a3d44	num	1	0x44
cls_0x5a3d44	num	1	0x80000000
cls_0x5a3d44	num	1	0x84
cls_0x5a3d44	num	1	0x98
cls_0x5a3d44	num	1	0xa4
cls_0x5a3d44	num	1	0xb100
cls_0x5a3d44	num	1	0xfff7ffff
cls_0x5a3d44	num	1	0xfffdffff
cls_0x5a3d44	num	1	104
cls_0x5a3d44	num	1	108
cls_0x5a3d44	num	1	132
cls_0x5a3d44	num	1	148
cls_0x5a3d44	num	1	152
cls_0x5a3d44	num	1	156
cls_0x5a3d44	num	1	160
cls_0x5a3d44	num	1	164
cls_0x5a3d44	num	1	168
cls_0x5a3d44	num	1	172
cls_0x5a3d44	num	1	176
cls_0x5a3d44	num	1	180
cls_0x5a3d44	num	1	184
cls_0x5a3d44	num	1	188
cls_0x5a3d44	num	1	192
cls_0x5a3d44	num	1	196
cls_0x5a3d44	num	1	20
cls_0x5a3d44	num	1	200
cls_0x5a3d44	num	1	204
cls_0x5a3d44	num	1	208
cls_0x5a3d44	num	1	212
cls_0x5a3d44	num	1	216
cls_0x5a3d44	num	1	220
cls_0x5a3d44	num	1	224
cls_0x5a3d44	num	1	24
cls_0x5a3d44	num	1	244
cls_0x5a3d44	num	1	248
cls_0x5a3d44	num	1	252
cls_0x5a3d44	num	1	260
cls_0x5a3d44	num	1	264
cls_0x5a3d44	num	1	268
cls_0x5a3d44	num	1	272
cls_0x5a3d44	num	1	276
cls_0x5a3d44	num	1	28
cls_0x5a3d44	num	1	280
cls_0x5a3d44	num	1	284
cls_0x5a3d44	num	1	288
cls_0x5a3d44	num	1	292
cls_0x5a3d44	num	1	296
cls_0x5a3d44	num	1	300
cls_0x5a3d44	num	1	304
cls_0x5a3d44	num	1	308
cls_0x5a3d44	num	1	312
cls_0x5a3d44	num	1	316
cls_0x5a3d44	num	1	320
cls_0x5a3d44	num	1	324
cls_0x5a3d44	num	1	328
cls_0x5a3d44	num	1	332
cls_0x5a3d44	num	1	336
cls_0x5a3d44	num	1	36
cls_0x5a3d44	num	1	40
cls_0x5a3d44	num	1	44
cls_0x5a3d44	num	1	48
cls_0x5a3d44	num	1	52
cls_0x5a3d44	num	1	56
cls_0x5a3d44	num	1	60
cls_0x5a3d44	num	1	68
cls_0x5a3d44	num	1	72
cls_0x5a3d44	num	1	76
cls_0x5a3d44	num	1	80
cls_0x5a3d44	num	1	84
cls_0x5a3d44	num	1	88
cls_0x5a3d44	num	1	92
cls_0x5a3d44	num	1	96
cls_0x5a3d44	meth	1	meth_0x4304a0:d(p,p,p,p):78
cls_0x5a3d44	meth	1	meth_0x4308b0:v():88
cls_0x5a3d44	meth	1	meth_0x430ab0:v():50
cls_0x5a3d44	meth	1	meth_0x430b80:v():33
cls_0x5a3d44	meth	1	meth_0x430c50:v():68
cls_0x5a3d44	meth	1	meth_0x430db0:v(p,d):73
cls_0x5a3d44	meth	1	meth_0x431000:v(p):33
cls_0x5a3d44	meth	1	meth_0x4310b0:d(d):252
cls_0x5a3db0	sum	1	fields=41 methods=5 lines=766
cls_0x5a3db0	str	2	MAXLEN
cls_0x5a3db0	api	2	_strncpy
cls_0x5a3db0	num	7	0x8000000
cls_0x5a3db0	num	6	0x2000000
cls_0x5a3db0	num	4	10000
cls_0x5a3db0	num	3	0xf7ffffff
cls_0x5a3db0	num	2	0x10000000
cls_0x5a3db0	num	2	0xefffffff
cls_0x5a3db0	num	2	0xfdffffff
cls_0x5a3db0	num	2	0xffffd8f0
cls_0x5a3db0	num	2	144
cls_0x5a3db0	num	1	00432030
cls_0x5a3db0	num	1	00432320
cls_0x5a3db0	num	1	00432380
cls_0x5a3db0	num	1	00438930
cls_0x5a3db0	num	1	0x100000
cls_0x5a3db0	num	1	0x1000000
cls_0x5a3db0	num	1	0x14
cls_0x5a3db0	num	1	0x18
cls_0x5a3db0	num	1	0x1b
cls_0x5a3db0	num	1	0x200000
cls_0x5a3db0	num	1	0x240
cls_0x5a3db0	num	1	0x2d
cls_0x5a3db0	num	1	0x2e
cls_0x5a3db0	num	1	0x30
cls_0x5a3db0	num	1	0x39
cls_0x5a3db0	num	1	0x400
cls_0x5a3db0	num	1	0x40000
cls_0x5a3db0	num	1	0x400000
cls_0x5a3db0	num	1	0x4000000
cls_0x5a3db0	num	1	0x43271d
cls_0x5a3db0	num	1	0x432882
cls_0x5a3db0	num	1	0x655ab8
cls_0x5a3db0	num	1	0x7d
cls_0x5a3db0	num	1	0x800000
cls_0x5a3db0	num	1	0x9c
cls_0x5a3db0	num	1	0xa0
cls_0x5a3db0	num	1	0xa4
cls_0x5a3db0	num	1	0xa8
cls_0x5a3db0	num	1	0xac
cls_0x5a3db0	num	1	0xfbffffff
cls_0x5a3db0	num	1	0xfffffeff
cls_0x5a3db0	num	1	0xfffffffa
cls_0x5a3db0	num	1	0xfffffffc
cls_0x5a3db0	num	1	0xfffffffe
cls_0x5a3db0	num	1	104
cls_0x5a3db0	num	1	108
cls_0x5a3db0	num	1	148
cls_0x5a3db0	num	1	152
cls_0x5a3db0	num	1	156
cls_0x5a3db0	num	1	160
cls_0x5a3db0	num	1	168
cls_0x5a3db0	num	1	172
cls_0x5a3db0	num	1	176
cls_0x5a3db0	num	1	180
cls_0x5a3db0	num	1	184
cls_0x5a3db0	num	1	188
cls_0x5a3db0	num	1	192
cls_0x5a3db0	num	1	196
cls_0x5a3db0	num	1	20
cls_0x5a3db0	num	1	200
cls_0x5a3db0	num	1	204
cls_0x5a3db0	num	1	208
cls_0x5a3db0	num	1	228
cls_0x5a3db0	num	1	232
cls_0x5a3db0	num	1	236
cls_0x5a3db0	num	1	24
cls_0x5a3db0	num	1	240
cls_0x5a3db0	num	1	244
cls_0x5a3db0	num	1	248
cls_0x5a3db0	num	1	252
cls_0x5a3db0	num	1	260
cls_0x5a3db0	num	1	264
cls_0x5a3db0	num	1	268
cls_0x5a3db0	num	1	272
cls_0x5a3db0	num	1	276
cls_0x5a3db0	num	1	28
cls_0x5a3db0	num	1	280
cls_0x5a3db0	num	1	284
cls_0x5a3db0	num	1	288
cls_0x5a3db0	num	1	292
cls_0x5a3db0	num	1	296
cls_0x5a3db0	num	1	300
cls_0x5a3db0	num	1	304
cls_0x5a3db0	num	1	308
cls_0x5a3db0	num	1	312
cls_0x5a3db0	num	1	316
cls_0x5a3db0	num	1	320
cls_0x5a3db0	num	1	324
cls_0x5a3db0	num	1	328
cls_0x5a3db0	num	1	36
cls_0x5a3db0	num	1	40
cls_0x5a3db0	num	1	44
cls_0x5a3db0	num	1	48
cls_0x5a3db0	num	1	52
cls_0x5a3db0	num	1	56
cls_0x5a3db0	num	1	60
cls_0x5a3db0	num	1	68
cls_0x5a3db0	num	1	72
cls_0x5a3db0	num	1	76
cls_0x5a3db0	num	1	80
cls_0x5a3db0	num	1	84
cls_0x5a3db0	num	1	88
cls_0x5a3db0	num	1	92
cls_0x5a3db0	num	1	96
cls_0x5a3db0	meth	1	meth_0x432030:v(p):42
cls_0x5a3db0	meth	1	meth_0x4321f0:v(p):42
cls_0x5a3db0	meth	1	meth_0x432320:v():25
cls_0x5a3db0	meth	1	meth_0x432380:v():42
cls_0x5a3db0	meth	1	meth_0x4326e0:v(p):419
cls_0x5a3e1c	sum	1	fields=47 methods=6 lines=695
cls_0x5a3e1c	num	6	0x100000
cls_0x5a3e1c	num	4	0x80000
cls_0x5a3e1c	num	4	10000
cls_0x5a3e1c	num	3	0x10000
cls_0x5a3e1c	num	3	0x1c
cls_0x5a3e1c	num	3	0x2a
cls_0x5a3e1c	num	3	0x2b
cls_0x5a3e1c	num	3	0x2c
cls_0x5a3e1c	num	2	0x10002
cls_0x5a3e1c	num	2	0x40000
cls_0x5a3e1c	num	2	0xa4
cls_0x5a3e1c	num	2	0xffefffff
cls_0x5a3e1c	num	2	0xffffd8f0
cls_0x5a3e1c	num	2	144
cls_0x5a3e1c	num	1	00433640
cls_0x5a3e1c	num	1	00434110
cls_0x5a3e1c	num	1	00434350
cls_0x5a3e1c	num	1	00434920
cls_0x5a3e1c	num	1	00434960
cls_0x5a3e1c	num	1	0x138a
cls_0x5a3e1c	num	1	0x20000
cls_0x5a3e1c	num	1	0x200000
cls_0x5a3e1c	num	1	0x28
cls_0x5a3e1c	num	1	0x400
cls_0x5a3e1c	num	1	0x48
cls_0x5a3e1c	num	1	0x65
cls_0x5a3e1c	num	1	0x655dd0
cls_0x5a3e1c	num	1	0x655f50
cls_0x5a3e1c	num	1	0x98
cls_0x5a3e1c	num	1	0xa8
cls_0x5a3e1c	num	1	0xac
cls_0x5a3e1c	num	1	0xffdfffff
cls_0x5a3e1c	num	1	0xfffffffe
cls_0x5a3e1c	num	1	132
cls_0x5a3e1c	num	1	148
cls_0x5a3e1c	num	1	152
cls_0x5a3e1c	num	1	156
cls_0x5a3e1c	num	1	160
cls_0x5a3e1c	num	1	164
cls_0x5a3e1c	num	1	168
cls_0x5a3e1c	num	1	172
cls_0x5a3e1c	num	1	176
cls_0x5a3e1c	num	1	180
cls_0x5a3e1c	num	1	184
cls_0x5a3e1c	num	1	188
cls_0x5a3e1c	num	1	192
cls_0x5a3e1c	num	1	196
cls_0x5a3e1c	num	1	20
cls_0x5a3e1c	num	1	200
cls_0x5a3e1c	num	1	204
cls_0x5a3e1c	num	1	208
cls_0x5a3e1c	num	1	212
cls_0x5a3e1c	num	1	216
cls_0x5a3e1c	num	1	220
cls_0x5a3e1c	num	1	224
cls_0x5a3e1c	num	1	228
cls_0x5a3e1c	num	1	232
cls_0x5a3e1c	num	1	236
cls_0x5a3e1c	num	1	24
cls_0x5a3e1c	num	1	240
cls_0x5a3e1c	num	1	260
cls_0x5a3e1c	num	1	264
cls_0x5a3e1c	num	1	268
cls_0x5a3e1c	num	1	272
cls_0x5a3e1c	num	1	276
cls_0x5a3e1c	num	1	28
cls_0x5a3e1c	num	1	280
cls_0x5a3e1c	num	1	284
cls_0x5a3e1c	num	1	288
cls_0x5a3e1c	num	1	292
cls_0x5a3e1c	num	1	296
cls_0x5a3e1c	num	1	300
cls_0x5a3e1c	num	1	304
cls_0x5a3e1c	num	1	308
cls_0x5a3e1c	num	1	312
cls_0x5a3e1c	num	1	316
cls_0x5a3e1c	num	1	320
cls_0x5a3e1c	num	1	324
cls_0x5a3e1c	num	1	36
cls_0x5a3e1c	num	1	396
cls_0x5a3e1c	num	1	40
cls_0x5a3e1c	num	1	400
cls_0x5a3e1c	num	1	404
cls_0x5a3e1c	num	1	408
cls_0x5a3e1c	num	1	412
cls_0x5a3e1c	num	1	416
cls_0x5a3e1c	num	1	44
cls_0x5a3e1c	num	1	48
cls_0x5a3e1c	num	1	52
cls_0x5a3e1c	num	1	56
cls_0x5a3e1c	num	1	60
cls_0x5a3e1c	num	1	68
cls_0x5a3e1c	num	1	72
cls_0x5a3e1c	num	1	76
cls_0x5a3e1c	num	1	80
cls_0x5a3e1c	num	1	84
cls_0x5a3e1c	num	1	88
cls_0x5a3e1c	num	1	92
cls_0x5a3e1c	num	1	96
cls_0x5a3e1c	meth	1	meth_0x433ef0:v():56
cls_0x5a3e1c	meth	1	meth_0x4340a0:v():28
cls_0x5a3e1c	meth	1	meth_0x434110:v():32
cls_0x5a3e1c	meth	1	meth_0x4341a0:v(p):65
cls_0x5a3e1c	meth	1	meth_0x434350:v(p):83
cls_0x5a3e1c	meth	1	meth_0x434920:v():146
cls_0x5a3e7c	sum	1	fields=0 methods=5 lines=609
cls_0x5a3e7c	str	1	Attempt_to_blit_between_non_iden
cls_0x5a3e7c	str	1	Can_t_draw_line_in_video_surface
cls_0x5a3e7c	num	4	0xf8
cls_0x5a3e7c	num	3	0x18
cls_0x5a3e7c	num	3	0x1f
cls_0x5a3e7c	num	3	0x20000
cls_0x5a3e7c	num	3	0xf0
cls_0x5a3e7c	num	2	0x14
cls_0x5a3e7c	num	2	0x15
cls_0x5a3e7c	num	2	0x1c
cls_0x5a3e7c	num	2	0x400000
cls_0x5a3e7c	num	2	0x4000006
cls_0x5a3e7c	num	2	0x80000000
cls_0x5a3e7c	num	2	144
cls_0x5a3e7c	num	2	20
cls_0x5a3e7c	num	2	60
cls_0x5a3e7c	num	1	0x100
cls_0x5a3e7c	num	1	0x10000
cls_0x5a3e7c	num	1	0x100000
cls_0x5a3e7c	num	1	0x12
cls_0x5a3e7c	num	1	0x16
cls_0x5a3e7c	num	1	0x1a
cls_0x5a3e7c	num	1	0x200000
cls_0x5a3e7c	num	1	0x2c
cls_0x5a3e7c	num	1	0x40000
cls_0x5a3e7c	num	1	0x44
cls_0x5a3e7c	num	1	0x48
cls_0x5a3e7c	num	1	0x5c
cls_0x5a3e7c	num	1	0x7fff
cls_0x5a3e7c	num	1	0xfc
cls_0x5a3e7c	num	1	0xff1fffff
cls_0x5a3e7c	num	1	0xff4fffff
cls_0x5a3e7c	num	1	0xff80
cls_0x5a3e7c	num	1	0xfffdffff
cls_0x5a3e7c	num	1	0xfffffff9
cls_0x5a3e7c	num	1	104
cls_0x5a3e7c	num	1	21
cls_0x5a3e7c	num	1	24
cls_0x5a3e7c	num	1	28
cls_0x5a3e7c	num	1	36
cls_0x5a3e7c	num	1	40
cls_0x5a3e7c	num	1	44
cls_0x5a3e7c	num	1	48
cls_0x5a3e7c	num	1	52
cls_0x5a3e7c	num	1	56
cls_0x5a3e7c	num	1	68
cls_0x5a3e7c	num	1	69
cls_0x5a3e7c	num	1	72
cls_0x5a3e7c	num	1	76
cls_0x5a3e7c	num	1	80
cls_0x5a3e7c	num	1	84
cls_0x5a3e7c	num	1	88
cls_0x5a3e7c	num	1	92
cls_0x5a3e7c	num	1	96
cls_0x5a3e7c	meth	1	meth_0x4384e0:d():333
cls_0x5a3e7c	meth	1	meth_0x4bcd30:d(p):99
cls_0x5a3e7c	meth	1	meth_0x4bd200:d(p):50
cls_0x5a3e7c	meth	1	meth_0x4bdcf0:v(d,w,d,p,d,d):19
cls_0x5a3e7c	meth	1	meth_0x4bdf40:v():59
cls_0x5a3ee4	sum	1	fields=0 methods=0 lines=129
cls_0x5a3ee4	num	2	144
cls_0x5a3ee4	num	1	0x48
cls_0x5a3ee4	num	1	104
cls_0x5a3ee4	num	1	20
cls_0x5a3ee4	num	1	24
cls_0x5a3ee4	num	1	28
cls_0x5a3ee4	num	1	36
cls_0x5a3ee4	num	1	40
cls_0x5a3ee4	num	1	44
cls_0x5a3ee4	num	1	48
cls_0x5a3ee4	num	1	52
cls_0x5a3ee4	num	1	56
cls_0x5a3ee4	num	1	60
cls_0x5a3ee4	num	1	68
cls_0x5a3ee4	num	1	72
cls_0x5a3ee4	num	1	76
cls_0x5a3ee4	num	1	80
cls_0x5a3ee4	num	1	84
cls_0x5a3ee4	num	1	88
cls_0x5a3ee4	num	1	92
cls_0x5a3ee4	num	1	96
cls_0x5a4250	sum	1	fields=14 methods=0 lines=106
cls_0x5a4250	num	2	0x164
cls_0x5a4250	num	2	0x168
cls_0x5a4250	num	2	0x7d
cls_0x5a4250	num	2	20
cls_0x5a4250	num	2	24
cls_0x5a4250	num	2	28
cls_0x5a4250	num	2	72
cls_0x5a4250	num	2	76
cls_0x5a4250	num	2	80
cls_0x5a4250	num	2	84
cls_0x5a4250	num	2	96
cls_0x5a4250	num	1	104
cls_0x5a4250	num	1	108
cls_0x5a4250	num	1	112
cls_0x5a4250	num	1	116
cls_0x5a4250	num	1	120
cls_0x5a4250	num	1	124
cls_0x5a4250	num	1	132
cls_0x5a4250	num	1	160
cls_0x5a4250	num	1	164
cls_0x5a4250	num	1	36
cls_0x5a4250	num	1	40
cls_0x5a4250	num	1	44
cls_0x5a4250	num	1	48
cls_0x5a4250	num	1	52
cls_0x5a4250	num	1	56
cls_0x5a4250	num	1	60
cls_0x5a4250	num	1	68
cls_0x5a4250	num	1	88
cls_0x5a4250	num	1	92
cls_0x5a42d4	sum	1	fields=19 methods=0 lines=355
cls_0x5a42d4	num	2	0x3c
cls_0x5a42d4	num	2	0x7b
cls_0x5a42d4	num	2	0x9c4
cls_0x5a42d4	num	2	10000
cls_0x5a42d4	num	2	104
cls_0x5a42d4	num	2	108
cls_0x5a42d4	num	2	112
cls_0x5a42d4	num	2	116
cls_0x5a42d4	num	2	120
cls_0x5a42d4	num	2	124
cls_0x5a42d4	num	2	132
cls_0x5a42d4	num	2	80
cls_0x5a42d4	num	2	96
cls_0x5a42d4	num	1	0x1f
cls_0x5a42d4	num	1	0x21
cls_0x5a42d4	num	1	0x22
cls_0x5a42d4	num	1	0x23
cls_0x5a42d4	num	1	0x24
cls_0x5a42d4	num	1	0x25
cls_0x5a42d4	num	1	0x26
cls_0x5a42d4	num	1	0x27
cls_0x5a42d4	num	1	0x28
cls_0x5a42d4	num	1	0x2e
cls_0x5a42d4	num	1	0x50
cls_0x5a42d4	num	1	0x59
cls_0x5a42d4	num	1	0x60
cls_0x5a42d4	num	1	0x72
cls_0x5a42d4	num	1	0x79
cls_0x5a42d4	num	1	0x7f
cls_0x5a42d4	num	1	0x80000000
cls_0x5a42d4	num	1	136
cls_0x5a42d4	num	1	140
cls_0x5a42d4	num	1	144
cls_0x5a42d4	num	1	148
cls_0x5a42d4	num	1	152
cls_0x5a42d4	num	1	156
cls_0x5a42d4	num	1	160
cls_0x5a42d4	num	1	20
cls_0x5a42d4	num	1	24
cls_0x5a42d4	num	1	28
cls_0x5a42d4	num	1	36
cls_0x5a42d4	num	1	40
cls_0x5a42d4	num	1	44
cls_0x5a42d4	num	1	48
cls_0x5a42d4	num	1	52
cls_0x5a42d4	num	1	56
cls_0x5a42d4	num	1	60
cls_0x5a42d4	num	1	68
cls_0x5a42d4	num	1	72
cls_0x5a42d4	num	1	76
cls_0x5a42d4	num	1	84
cls_0x5a42d4	num	1	88
cls_0x5a42d4	num	1	92
cls_0x5a4358	sum	1	fields=36 methods=5 lines=593
cls_0x5a4358	str	1	Could_not_create_character_event
cls_0x5a4358	str	1	Could_not_create_kill_event_for_c
cls_0x5a4358	api	2	CreateEventA
cls_0x5a4358	num	2	0x164
cls_0x5a4358	num	2	0x168
cls_0x5a4358	num	2	0x7b
cls_0x5a4358	num	2	0x7d
cls_0x5a4358	num	2	104
cls_0x5a4358	num	2	108
cls_0x5a4358	num	2	112
cls_0x5a4358	num	2	116
cls_0x5a4358	num	2	120
cls_0x5a4358	num	2	124
cls_0x5a4358	num	2	20
cls_0x5a4358	num	2	24
cls_0x5a4358	num	2	28
cls_0x5a4358	num	2	72
cls_0x5a4358	num	2	76
cls_0x5a4358	num	2	80
cls_0x5a4358	num	2	84
cls_0x5a4358	num	2	96
cls_0x5a4358	num	1	00445100
cls_0x5a4358	num	1	0x1c
cls_0x5a4358	num	1	0x24
cls_0x5a4358	num	1	0xfe
cls_0x5a4358	num	1	132
cls_0x5a4358	num	1	136
cls_0x5a4358	num	1	144
cls_0x5a4358	num	1	148
cls_0x5a4358	num	1	156
cls_0x5a4358	num	1	160
cls_0x5a4358	num	1	164
cls_0x5a4358	num	1	168
cls_0x5a4358	num	1	172
cls_0x5a4358	num	1	176
cls_0x5a4358	num	1	180
cls_0x5a4358	num	1	184
cls_0x5a4358	num	1	188
cls_0x5a4358	num	1	192
cls_0x5a4358	num	1	196
cls_0x5a4358	num	1	200
cls_0x5a4358	num	1	204
cls_0x5a4358	num	1	36
cls_0x5a4358	num	1	40
cls_0x5a4358	num	1	44
cls_0x5a4358	num	1	48
cls_0x5a4358	num	1	52
cls_0x5a4358	num	1	56
cls_0x5a4358	num	1	60
cls_0x5a4358	num	1	68
cls_0x5a4358	num	1	88
cls_0x5a4358	num	1	92
cls_0x5a4358	num	1	9999
cls_0x5a4358	meth	1	meth_0x43dbc0:d():67
cls_0x5a4358	meth	1	meth_0x43dca0:d(d):48
cls_0x5a4358	meth	1	meth_0x43dda0:v():61
cls_0x5a4358	meth	1	meth_0x43de60:d(d,d):144
cls_0x5a4358	meth	1	meth_0x43e510:v(d,d,d,d,d,d):181
cls_0x5a43dc	sum	1	fields=16 methods=0 lines=354
cls_0x5a43dc	num	12	0x148
cls_0x5a43dc	num	2	0x14
cls_0x5a43dc	num	2	0x154
cls_0x5a43dc	num	2	0x280
cls_0x5a43dc	num	2	20
cls_0x5a43dc	num	2	24
cls_0x5a43dc	num	2	28
cls_0x5a43dc	num	2	72
cls_0x5a43dc	num	2	76
cls_0x5a43dc	num	2	80
cls_0x5a43dc	num	2	84
cls_0x5a43dc	num	1	00440280
cls_0x5a43dc	num	1	00445160
cls_0x5a43dc	num	1	00445270
cls_0x5a43dc	num	1	00445290
cls_0x5a43dc	num	1	0x30
cls_0x5a43dc	num	1	0x43
cls_0x5a43dc	num	1	0x44
cls_0x5a43dc	num	1	0x48
cls_0x5a43dc	num	1	0x4c
cls_0x5a43dc	num	1	0x50
cls_0x5a43dc	num	1	0x57
cls_0x5a43dc	num	1	0x58
cls_0x5a43dc	num	1	0x59
cls_0x5a43dc	num	1	0x5a
cls_0x5a43dc	num	1	0x60
cls_0x5a43dc	num	1	0xa0
cls_0x5a43dc	num	1	0xb4
cls_0x5a43dc	num	1	0xc0
cls_0x5a43dc	num	1	0xf0804
cls_0x5a43dc	num	1	104
cls_0x5a43dc	num	1	108
cls_0x5a43dc	num	1	112
cls_0x5a43dc	num	1	116
cls_0x5a43dc	num	1	120
cls_0x5a43dc	num	1	124
cls_0x5a43dc	num	1	132
cls_0x5a43dc	num	1	136
cls_0x5a43dc	num	1	140
cls_0x5a43dc	num	1	1404
cls_0x5a43dc	num	1	1408
cls_0x5a43dc	num	1	1412
cls_0x5a43dc	num	1	1416
cls_0x5a43dc	num	1	1420
cls_0x5a43dc	num	1	144
cls_0x5a43dc	num	1	148
cls_0x5a43dc	num	1	152
cls_0x5a43dc	num	1	156
cls_0x5a43dc	num	1	160
cls_0x5a43dc	num	1	164
cls_0x5a43dc	num	1	168
cls_0x5a43dc	num	1	172
cls_0x5a43dc	num	1	176
cls_0x5a43dc	num	1	180
cls_0x5a43dc	num	1	184
cls_0x5a43dc	num	1	200
cls_0x5a43dc	num	1	36
cls_0x5a43dc	num	1	40
cls_0x5a43dc	num	1	44
cls_0x5a43dc	num	1	48
cls_0x5a43dc	num	1	52
cls_0x5a43dc	num	1	56
cls_0x5a43dc	num	1	60
cls_0x5a43dc	num	1	68
cls_0x5a43dc	num	1	88
cls_0x5a43dc	num	1	92
cls_0x5a43dc	num	1	96
cls_0x5a4494	sum	1	fields=66 methods=0 lines=746
cls_0x5a4494	str	1	FATAL_ERROR
cls_0x5a4494	str	1	OUT_OF_MEMORY___Increase_your_vi
cls_0x5a4494	str	1	Press_any_key_to_exit
cls_0x5a4494	api	2	PeekMessageA
cls_0x5a4494	api	1	CHAR
cls_0x5a4494	api	1	DispatchMessageA
cls_0x5a4494	api	1	MessageBoxA
cls_0x5a4494	api	1	_malloc
cls_0x5a4494	num	6	0x18
cls_0x5a4494	num	5	0x78
cls_0x5a4494	num	4	0x1c
cls_0x5a4494	num	4	0x28
cls_0x5a4494	num	4	0xd4
cls_0x5a4494	num	3	0x14
cls_0x5a4494	num	3	0xe5
cls_0x5a4494	num	3	104
cls_0x5a4494	num	3	24
cls_0x5a4494	num	2	0x100
cls_0x5a4494	num	2	0x13
cls_0x5a4494	num	2	0x132
cls_0x5a4494	num	2	0x148
cls_0x5a4494	num	2	0x1c4
cls_0x5a4494	num	2	0x2000
cls_0x5a4494	num	2	0x3fffffff
cls_0x5a4494	num	2	0x44
cls_0x5a4494	num	2	0x90
cls_0x5a4494	num	2	0x93
cls_0x5a4494	num	2	0x94
cls_0x5a4494	num	2	0xa9
cls_0x5a4494	num	2	0xbc
cls_0x5a4494	num	2	0xe4
cls_0x5a4494	num	2	108
cls_0x5a4494	num	2	112
cls_0x5a4494	num	2	116
cls_0x5a4494	num	2	120
cls_0x5a4494	num	2	124
cls_0x5a4494	num	2	20
cls_0x5a4494	num	2	200
cls_0x5a4494	num	2	28
cls_0x5a4494	num	2	36
cls_0x5a4494	num	2	40
cls_0x5a4494	num	2	44
cls_0x5a4494	num	2	48
cls_0x5a4494	num	2	52
cls_0x5a4494	num	2	56
cls_0x5a4494	num	2	72
cls_0x5a4494	num	2	76
cls_0x5a4494	num	2	80
cls_0x5a4494	num	2	84
cls_0x5a4494	num	2	88
cls_0x5a4494	num	2	92
cls_0x5a4494	num	2	96
cls_0x5a4494	num	1	00445390
cls_0x5a4494	num	1	00488620
cls_0x5a4494	num	1	00488820
cls_0x5a4494	num	1	00488860
cls_0x5a4494	num	1	00491900
cls_0x5a4494	num	1	00546390
cls_0x5a4494	num	1	00546620
cls_0x5a4494	num	1	0x113
cls_0x5a4494	num	1	0x2fc
cls_0x5a4494	num	1	0x48
cls_0x5a4494	num	1	0x5c
cls_0x5a4494	num	1	0x60
cls_0x5a4494	num	1	0x6c
cls_0x5a4494	num	1	0x84
cls_0x5a4494	num	1	0x96
cls_0x5a4494	num	1	0xa5
cls_0x5a4494	num	1	0xae
cls_0x5a4494	num	1	0xf81f
cls_0x5a4494	num	1	0xffff8400
cls_0x5a4494	num	1	0xffffffd8
cls_0x5a4494	num	1	132
cls_0x5a4494	num	1	160
cls_0x5a4494	num	1	164
cls_0x5a4494	num	1	168
cls_0x5a4494	num	1	172
cls_0x5a4494	num	1	176
cls_0x5a4494	num	1	180
cls_0x5a4494	num	1	184
cls_0x5a4494	num	1	188
cls_0x5a4494	num	1	192
cls_0x5a4494	num	1	196
cls_0x5a4494	num	1	204
cls_0x5a4494	num	1	208
cls_0x5a4494	num	1	336
cls_0x5a4494	num	1	340
cls_0x5a4494	num	1	344
cls_0x5a4494	num	1	376
cls_0x5a4494	num	1	380
cls_0x5a4494	num	1	384
cls_0x5a4494	num	1	388
cls_0x5a4494	num	1	392
cls_0x5a4494	num	1	396
cls_0x5a4494	num	1	400
cls_0x5a4494	num	1	404
cls_0x5a4494	num	1	408
cls_0x5a4494	num	1	412
cls_0x5a4494	num	1	416
cls_0x5a4494	num	1	420
cls_0x5a4494	num	1	422
cls_0x5a4494	num	1	424
cls_0x5a4494	num	1	428
cls_0x5a4494	num	1	432
cls_0x5a4494	num	1	456
cls_0x5a4494	num	1	460
cls_0x5a4494	num	1	464
cls_0x5a4494	num	1	468
cls_0x5a4494	num	1	60
cls_0x5a4494	num	1	68
cls_0x5a4510	sum	1	fields=1 methods=0 lines=110
cls_0x5a4510	num	2	152
cls_0x5a4510	num	2	156
cls_0x5a4510	num	1	00445300
cls_0x5a4510	num	1	00445360
cls_0x5a4510	num	1	104
cls_0x5a4510	num	1	108
cls_0x5a4510	num	1	112
cls_0x5a4510	num	1	116
cls_0x5a4510	num	1	120
cls_0x5a4510	num	1	124
cls_0x5a4510	num	1	132
cls_0x5a4510	num	1	136
cls_0x5a4510	num	1	140
cls_0x5a4510	num	1	144
cls_0x5a4510	num	1	148
cls_0x5a4510	num	1	160
cls_0x5a4510	num	1	164
cls_0x5a4510	num	1	168
cls_0x5a4510	num	1	172
cls_0x5a4510	num	1	176
cls_0x5a4510	num	1	180
cls_0x5a4510	num	1	184
cls_0x5a4510	num	1	20
cls_0x5a4510	num	1	24
cls_0x5a4510	num	1	28
cls_0x5a4510	num	1	36
cls_0x5a4510	num	1	40
cls_0x5a4510	num	1	44
cls_0x5a4510	num	1	48
cls_0x5a4510	num	1	52
cls_0x5a4510	num	1	56
cls_0x5a4510	num	1	60
cls_0x5a4510	num	1	68
cls_0x5a4510	num	1	72
cls_0x5a4510	num	1	76
cls_0x5a4510	num	1	80
cls_0x5a4510	num	1	84
cls_0x5a4510	num	1	88
cls_0x5a4510	num	1	92
cls_0x5a4510	num	1	96
cls_0x5a4680	sum	1	fields=16 methods=0 lines=294
cls_0x5a4680	num	2	0x14
cls_0x5a4680	num	2	0x164
cls_0x5a4680	num	2	0x168
cls_0x5a4680	num	2	0x1ac
cls_0x5a4680	num	2	0x78
cls_0x5a4680	num	2	0x7d
cls_0x5a4680	num	2	20
cls_0x5a4680	num	2	24
cls_0x5a4680	num	2	28
cls_0x5a4680	num	2	72
cls_0x5a4680	num	2	76
cls_0x5a4680	num	2	80
cls_0x5a4680	num	2	84
cls_0x5a4680	num	1	00445420
cls_0x5a4680	num	1	0x17c
cls_0x5a4680	num	1	0x28
cls_0x5a4680	num	1	0x60
cls_0x5a4680	num	1	0x70
cls_0x5a4680	num	1	104
cls_0x5a4680	num	1	108
cls_0x5a4680	num	1	112
cls_0x5a4680	num	1	116
cls_0x5a4680	num	1	120
cls_0x5a4680	num	1	124
cls_0x5a4680	num	1	132
cls_0x5a4680	num	1	136
cls_0x5a4680	num	1	140
cls_0x5a4680	num	1	144
cls_0x5a4680	num	1	148
cls_0x5a4680	num	1	152
cls_0x5a4680	num	1	156
cls_0x5a4680	num	1	160
cls_0x5a4680	num	1	164
cls_0x5a4680	num	1	168
cls_0x5a4680	num	1	172
cls_0x5a4680	num	1	176
cls_0x5a4680	num	1	180
cls_0x5a4680	num	1	184
cls_0x5a4680	num	1	36
cls_0x5a4680	num	1	380
cls_0x5a4680	num	1	384
cls_0x5a4680	num	1	388
cls_0x5a4680	num	1	40
cls_0x5a4680	num	1	428
cls_0x5a4680	num	1	432
cls_0x5a4680	num	1	44
cls_0x5a4680	num	1	48
cls_0x5a4680	num	1	52
cls_0x5a4680	num	1	56
cls_0x5a4680	num	1	60
cls_0x5a4680	num	1	68
cls_0x5a4680	num	1	88
cls_0x5a4680	num	1	92
cls_0x5a4680	num	1	96
cls_0x5a4738	sum	1	fields=21 methods=0 lines=333
cls_0x5a4738	num	11	0x30
cls_0x5a4738	num	3	0x1c
cls_0x5a4738	num	3	0x2c
cls_0x5a4738	num	3	0x3c
cls_0x5a4738	num	3	0x4c
cls_0x5a4738	num	3	0x5c
cls_0x5a4738	num	2	0x14
cls_0x5a4738	num	2	0x164
cls_0x5a4738	num	2	0x1e0
cls_0x5a4738	num	2	0x70
cls_0x5a4738	num	2	0x7d
cls_0x5a4738	num	2	0xa0
cls_0x5a4738	num	2	20
cls_0x5a4738	num	2	24
cls_0x5a4738	num	2	28
cls_0x5a4738	num	2	72
cls_0x5a4738	num	2	76
cls_0x5a4738	num	2	80
cls_0x5a4738	num	2	84
cls_0x5a4738	num	1	00442440
cls_0x5a4738	num	1	00442820
cls_0x5a4738	num	1	00445560
cls_0x5a4738	num	1	00445610
cls_0x5a4738	num	1	0x18
cls_0x5a4738	num	1	0x1f
cls_0x5a4738	num	1	0x21
cls_0x5a4738	num	1	0x22
cls_0x5a4738	num	1	0x3001f
cls_0x5a4738	num	1	0x38
cls_0x5a4738	num	1	0x50
cls_0x5a4738	num	1	0x54
cls_0x5a4738	num	1	0x6c
cls_0x5a4738	num	1	0x78
cls_0x5a4738	num	1	104
cls_0x5a4738	num	1	108
cls_0x5a4738	num	1	112
cls_0x5a4738	num	1	116
cls_0x5a4738	num	1	120
cls_0x5a4738	num	1	124
cls_0x5a4738	num	1	132
cls_0x5a4738	num	1	136
cls_0x5a4738	num	1	140
cls_0x5a4738	num	1	144
cls_0x5a4738	num	1	148
cls_0x5a4738	num	1	152
cls_0x5a4738	num	1	156
cls_0x5a4738	num	1	160
cls_0x5a4738	num	1	164
cls_0x5a4738	num	1	168
cls_0x5a4738	num	1	172
cls_0x5a4738	num	1	176
cls_0x5a4738	num	1	180
cls_0x5a4738	num	1	184
cls_0x5a4738	num	1	36
cls_0x5a4738	num	1	380
cls_0x5a4738	num	1	384
cls_0x5a4738	num	1	388
cls_0x5a4738	num	1	392
cls_0x5a4738	num	1	396
cls_0x5a4738	num	1	40
cls_0x5a4738	num	1	400
cls_0x5a4738	num	1	404
cls_0x5a4738	num	1	408
cls_0x5a4738	num	1	412
cls_0x5a4738	num	1	416
cls_0x5a4738	num	1	44
cls_0x5a4738	num	1	48
cls_0x5a4738	num	1	52
cls_0x5a4738	num	1	56
cls_0x5a4738	num	1	60
cls_0x5a4738	num	1	68
cls_0x5a4738	num	1	88
cls_0x5a4738	num	1	92
cls_0x5a4738	num	1	96
cls_0x5a47f0	sum	1	fields=15 methods=0 lines=107
cls_0x5a47f0	num	1	00445940
cls_0x5a47f0	num	1	00445990
cls_0x5a47f0	num	1	00448380
cls_0x5a47f0	num	1	20
cls_0x5a47f0	num	1	24
cls_0x5a47f0	num	1	28
cls_0x5a47f0	num	1	36
cls_0x5a47f0	num	1	40
cls_0x5a47f0	num	1	44
cls_0x5a47f0	num	1	48
cls_0x5a47f0	num	1	52
cls_0x5a47f0	num	1	53
cls_0x5a47f0	num	1	56
cls_0x5a47f0	num	1	60
cls_0x5a4868	sum	1	fields=1 methods=0 lines=45
cls_0x5a486c	sum	1	fields=29 methods=26 lines=2503
cls_0x5a486c	str	10	d__revenant_3DImage_cpp
cls_0x5a486c	str	4	sword
cls_0x5a486c	str	3	Imagery
cls_0x5a486c	str	3	bigsword
cls_0x5a486c	str	2	staff
cls_0x5a486c	str	1	BLOCK
cls_0x5a486c	str	1	Imagery_body_load_failed
cls_0x5a486c	str	1	carpet
cls_0x5a486c	str	1	grass
cls_0x5a486c	str	1	sneak
cls_0x5a486c	str	1	stone
cls_0x5a486c	api	1	_strncpy
cls_0x5a486c	num	28	0x60
cls_0x5a486c	num	16	0x50
cls_0x5a486c	num	9	0x29
cls_0x5a486c	num	8	0x27
cls_0x5a486c	num	8	0x28
cls_0x5a486c	num	8	0x30
cls_0x5a486c	num	8	0x38
cls_0x5a486c	num	7	0x24
cls_0x5a486c	num	6	0x11
cls_0x5a486c	num	6	0xd2
cls_0x5a486c	num	5	0x100
cls_0x5a486c	num	5	0x1000000
cls_0x5a486c	num	5	0x112
cls_0x5a486c	num	5	0x16
cls_0x5a486c	num	5	0x3f800000
cls_0x5a486c	num	5	1000000
cls_0x5a486c	num	4	0x12
cls_0x5a486c	num	4	0x34
cls_0x5a486c	num	4	0x3c
cls_0x5a486c	num	4	0x54
cls_0x5a486c	num	4	0x94
cls_0x5a486c	num	4	0xc0
cls_0x5a486c	num	3	0x1c4
cls_0x5a486c	num	3	0x1e2
cls_0x5a486c	num	3	0x1ff
cls_0x5a486c	num	3	0x23
cls_0x5a486c	num	3	0x2b
cls_0x5a486c	num	3	0x2c
cls_0x5a486c	num	3	0x4c
cls_0x5a486c	num	3	0x74
cls_0x5a486c	num	3	0x7c
cls_0x5a486c	num	3	0x800
cls_0x5a486c	num	3	0xbf3504e6
cls_0x5a486c	num	3	0xfff
cls_0x5a486c	num	2	0x14
cls_0x5a486c	num	2	0x200000
cls_0x5a486c	num	2	0x20000000
cls_0x5a486c	num	2	0x21
cls_0x5a486c	num	2	0x22
cls_0x5a486c	num	2	0x2a
cls_0x5a486c	num	2	0x3f51b3f2
cls_0x5a486c	num	2	0x44
cls_0x5a486c	num	2	0x58
cls_0x5a486c	num	2	0x68
cls_0x5a486c	num	2	0x78
cls_0x5a486c	num	2	0x7f
cls_0x5a486c	num	2	0x88
cls_0x5a486c	num	2	0x90
cls_0x5a486c	num	2	0xd1
cls_0x5a486c	num	2	0xe0
cls_0x5a486c	num	2	0xfc
cls_0x5a486c	num	2	116
cls_0x5a486c	num	2	120
cls_0x5a486c	num	2	124
cls_0x5a486c	num	2	140
cls_0x5a486c	num	2	144
cls_0x5a486c	num	2	164
cls_0x5a486c	num	2	168
cls_0x5a486c	num	2	172
cls_0x5a486c	num	2	176
cls_0x5a486c	num	2	180
cls_0x5a486c	num	2	184
cls_0x5a486c	num	2	188
cls_0x5a486c	num	2	192
cls_0x5a486c	num	2	196
cls_0x5a486c	num	2	28
cls_0x5a486c	num	2	36
cls_0x5a486c	num	2	40
cls_0x5a486c	num	2	44
cls_0x5a486c	num	2	48
cls_0x5a486c	num	2	52
cls_0x5a486c	num	2	68
cls_0x5a486c	num	2	72
cls_0x5a486c	num	2	76
cls_0x5a486c	num	2	92
cls_0x5a486c	num	2	96
cls_0x5a486c	num	1	00409200
cls_0x5a486c	num	1	00409430
cls_0x5a486c	num	1	00409950
cls_0x5a486c	num	1	00446210
cls_0x5a486c	num	1	0x10000
cls_0x5a486c	num	1	0x13
cls_0x5a486c	num	1	0x18
cls_0x5a486c	num	1	0x19
cls_0x5a486c	num	1	0x1e0
cls_0x5a486c	num	1	0x1fc
cls_0x5a486c	num	1	0x200
cls_0x5a486c	num	1	0x2000
cls_0x5a486c	num	1	0x20000
cls_0x5a486c	num	1	0x26
cls_0x5a486c	num	1	0x280
cls_0x5a486c	num	1	0x2cc
cls_0x5a486c	num	1	0x32
cls_0x5a486c	num	1	0x34c
cls_0x5a486c	num	1	0x3f
cls_0x5a486c	num	1	0x3f12d5e0
cls_0x5a486c	num	1	0x3f3504e6
cls_0x5a486c	num	1	0x4000
cls_0x5a486c	num	1	0x400000
cls_0x5a486c	num	1	0x4d
cls_0x5a486c	num	1	0x5c
cls_0x5a486c	num	1	0x70000
cls_0x5a486c	num	1	0x8000
cls_0x5a486c	num	1	0x80000
cls_0x5a486c	num	1	0x84
cls_0x5a486c	num	1	0x840
cls_0x5a486c	num	1	0x84e
cls_0x5a486c	num	1	0x853
cls_0x5a486c	num	1	0x862
cls_0x5a486c	num	1	0x870
cls_0x5a486c	num	1	0x872
cls_0x5a486c	num	1	0x8c
cls_0x5a486c	num	1	0x8cc
cls_0x5a486c	num	1	0x8d9
cls_0x5a486c	num	1	0x8de
cls_0x5a486c	num	1	0x8ea
cls_0x5a486c	num	1	0x8f
cls_0x5a486c	num	1	0xb0
cls_0x5a486c	num	1	0xbf12d5e0
cls_0x5a486c	num	1	0xd3
cls_0x5a486c	num	1	0xe000
cls_0x5a486c	num	1	0xffff1fff
cls_0x5a486c	num	1	0xfffffff8
cls_0x5a486c	num	1	104
cls_0x5a486c	num	1	108
cls_0x5a486c	num	1	112
cls_0x5a486c	num	1	132
cls_0x5a486c	num	1	136
cls_0x5a486c	num	1	148
cls_0x5a486c	num	1	152
cls_0x5a486c	num	1	156
cls_0x5a486c	num	1	160
cls_0x5a486c	num	1	19
cls_0x5a486c	num	1	20
cls_0x5a486c	num	1	200
cls_0x5a486c	num	1	204
cls_0x5a486c	num	1	208
cls_0x5a486c	num	1	212
cls_0x5a486c	num	1	216
cls_0x5a486c	num	1	220
cls_0x5a486c	num	1	224
cls_0x5a486c	num	1	228
cls_0x5a486c	num	1	232
cls_0x5a486c	num	1	236
cls_0x5a486c	num	1	24
cls_0x5a486c	num	1	39
cls_0x5a486c	num	1	56
cls_0x5a486c	num	1	60
cls_0x5a486c	num	1	65
cls_0x5a486c	num	1	80
cls_0x5a486c	num	1	84
cls_0x5a486c	num	1	88
cls_0x5a486c	meth	1	meth_0x4089c0:d():20
cls_0x5a486c	meth	1	meth_0x4089f0:v(p,d,d,d,d):95
cls_0x5a486c	meth	1	meth_0x408b40:d():29
cls_0x5a486c	meth	1	meth_0x408bb0:v(d,d,d,d):30
cls_0x5a486c	meth	1	meth_0x408c20:v(f,p,p,f):84
cls_0x5a486c	meth	1	meth_0x408d80:d():16
cls_0x5a486c	meth	1	meth_0x408db0:v():33
cls_0x5a486c	meth	1	meth_0x408e00:d():29
cls_0x5a486c	meth	1	meth_0x408e70:v(d,p,p):80
cls_0x5a486c	meth	1	meth_0x408f70:d():16
cls_0x5a486c	meth	1	meth_0x409200:d():31
cls_0x5a486c	meth	1	meth_0x4093b0:b(d):31
cls_0x5a486c	meth	1	meth_0x409430:d(d):164
cls_0x5a486c	meth	1	meth_0x409950:d(d,p,p,p,p):119
cls_0x5a486c	meth	1	meth_0x409ca0:p(p):144
cls_0x5a486c	meth	1	meth_0x409ff0:d(p):66
cls_0x5a486c	meth	1	meth_0x40a0c0:v(p):76
cls_0x5a486c	meth	1	meth_0x40a420:d(p,d,d,d):173
cls_0x5a486c	meth	1	meth_0x40a8f0:d():259
cls_0x5a486c	meth	1	meth_0x40af50:v(d,p,p):251
cls_0x5a486c	meth	1	meth_0x40b2e0:v(p,d):95
cls_0x5a486c	meth	1	meth_0x40c520:d(d):97
cls_0x5a486c	meth	1	meth_0x40c7d0:d(p,d,d,d,d,p):112
cls_0x5a486c	meth	1	meth_0x40ca90:v(p,d):60
cls_0x5a486c	meth	1	meth_0x447ac0:d():228
cls_0x5a486c	meth	1	meth_0x447d80:v():54
cls_0x5a495c	sum	1	fields=1 methods=0 lines=44
cls_0x5a4a74	sum	1	fields=4 methods=0 lines=128
cls_0x5a4a74	str	1	hostgame
cls_0x5a4a74	str	1	widgets
cls_0x5a4a74	num	2	152
cls_0x5a4a74	num	1	0x1c2
cls_0x5a4a74	num	1	0x1e0
cls_0x5a4a74	num	1	0x280
cls_0x5a4a74	num	1	0x659cbc
cls_0x5a4a74	num	1	0xa0
cls_0x5a4a74	num	1	104
cls_0x5a4a74	num	1	108
cls_0x5a4a74	num	1	112
cls_0x5a4a74	num	1	116
cls_0x5a4a74	num	1	120
cls_0x5a4a74	num	1	124
cls_0x5a4a74	num	1	132
cls_0x5a4a74	num	1	136
cls_0x5a4a74	num	1	140
cls_0x5a4a74	num	1	144
cls_0x5a4a74	num	1	148
cls_0x5a4a74	num	1	156
cls_0x5a4a74	num	1	160
cls_0x5a4a74	num	1	164
cls_0x5a4a74	num	1	168
cls_0x5a4a74	num	1	172
cls_0x5a4a74	num	1	176
cls_0x5a4a74	num	1	180
cls_0x5a4a74	num	1	184
cls_0x5a4a74	num	1	20
cls_0x5a4a74	num	1	24
cls_0x5a4a74	num	1	28
cls_0x5a4a74	num	1	36
cls_0x5a4a74	num	1	380
cls_0x5a4a74	num	1	384
cls_0x5a4a74	num	1	388
cls_0x5a4a74	num	1	392
cls_0x5a4a74	num	1	40
cls_0x5a4a74	num	1	44
cls_0x5a4a74	num	1	48
cls_0x5a4a74	num	1	52
cls_0x5a4a74	num	1	56
cls_0x5a4a74	num	1	60
cls_0x5a4a74	num	1	68
cls_0x5a4a74	num	1	72
cls_0x5a4a74	num	1	76
cls_0x5a4a74	num	1	80
cls_0x5a4a74	num	1	84
cls_0x5a4a74	num	1	88
cls_0x5a4a74	num	1	92
cls_0x5a4a74	num	1	96
cls_0x5a4b2c	sum	1	fields=6 methods=0 lines=144
cls_0x5a4b2c	str	1	joingame
cls_0x5a4b2c	str	1	widgets
cls_0x5a4b2c	num	2	152
cls_0x5a4b2c	num	1	0x1c2
cls_0x5a4b2c	num	1	0x1e0
cls_0x5a4b2c	num	1	0x280
cls_0x5a4b2c	num	1	0x659cc4
cls_0x5a4b2c	num	1	0xa0
cls_0x5a4b2c	num	1	104
cls_0x5a4b2c	num	1	108
cls_0x5a4b2c	num	1	112
cls_0x5a4b2c	num	1	116
cls_0x5a4b2c	num	1	120
cls_0x5a4b2c	num	1	124
cls_0x5a4b2c	num	1	132
cls_0x5a4b2c	num	1	136
cls_0x5a4b2c	num	1	140
cls_0x5a4b2c	num	1	144
cls_0x5a4b2c	num	1	148
cls_0x5a4b2c	num	1	156
cls_0x5a4b2c	num	1	160
cls_0x5a4b2c	num	1	164
cls_0x5a4b2c	num	1	168
cls_0x5a4b2c	num	1	172
cls_0x5a4b2c	num	1	176
cls_0x5a4b2c	num	1	180
cls_0x5a4b2c	num	1	184
cls_0x5a4b2c	num	1	20
cls_0x5a4b2c	num	1	24
cls_0x5a4b2c	num	1	28
cls_0x5a4b2c	num	1	36
cls_0x5a4b2c	num	1	380
cls_0x5a4b2c	num	1	384
cls_0x5a4b2c	num	1	388
cls_0x5a4b2c	num	1	392
cls_0x5a4b2c	num	1	396
cls_0x5a4b2c	num	1	40
cls_0x5a4b2c	num	1	400
cls_0x5a4b2c	num	1	44
cls_0x5a4b2c	num	1	48
cls_0x5a4b2c	num	1	52
cls_0x5a4b2c	num	1	56
cls_0x5a4b2c	num	1	60
cls_0x5a4b2c	num	1	68
cls_0x5a4b2c	num	1	72
cls_0x5a4b2c	num	1	76
cls_0x5a4b2c	num	1	80
cls_0x5a4b2c	num	1	84
cls_0x5a4b2c	num	1	88
cls_0x5a4b2c	num	1	92
cls_0x5a4b2c	num	1	96
cls_0x5a4be4	sum	1	fields=5 methods=0 lines=81
cls_0x5a4be4	num	2	112
cls_0x5a4be4	num	1	116
cls_0x5a4be4	num	1	120
cls_0x5a4be4	num	1	124
cls_0x5a4be4	num	1	132
cls_0x5a4be4	num	1	20
cls_0x5a4be4	num	1	24
cls_0x5a4be4	num	1	28
cls_0x5a4be4	num	1	36
cls_0x5a4be4	num	1	40
cls_0x5a4be4	num	1	44
cls_0x5a4be4	num	1	48
cls_0x5a4be4	num	1	52
cls_0x5a4be4	num	1	56
cls_0x5a4be4	num	1	60
cls_0x5a4be4	num	1	68
cls_0x5a4be4	num	1	72
cls_0x5a4be4	num	1	76
cls_0x5a4c30	sum	1	fields=5 methods=0 lines=59
cls_0x5a4c30	num	2	20
cls_0x5a4c30	num	2	24
cls_0x5a4c30	num	1	28
cls_0x5a4c30	num	1	36
cls_0x5a4c30	num	1	40
cls_0x5a4c30	num	1	44
cls_0x5a4c30	num	1	48
cls_0x5a4c30	num	1	52
cls_0x5a4c30	num	1	56
cls_0x5a4c68	sum	1	fields=27 methods=0 lines=230
cls_0x5a4c68	str	1	connect_dat
cls_0x5a4c68	num	2	0x14
cls_0x5a4c68	num	2	0x1e0
cls_0x5a4c68	num	2	0x280
cls_0x5a4c68	num	2	20
cls_0x5a4c68	num	2	24
cls_0x5a4c68	num	2	28
cls_0x5a4c68	num	2	72
cls_0x5a4c68	num	2	76
cls_0x5a4c68	num	2	80
cls_0x5a4c68	num	2	84
cls_0x5a4c68	num	1	00462660
cls_0x5a4c68	num	1	00462720
cls_0x5a4c68	num	1	0x18
cls_0x5a4c68	num	1	0x1c
cls_0x5a4c68	num	1	0x3001f
cls_0x5a4c68	num	1	0x38
cls_0x5a4c68	num	1	104
cls_0x5a4c68	num	1	108
cls_0x5a4c68	num	1	112
cls_0x5a4c68	num	1	116
cls_0x5a4c68	num	1	120
cls_0x5a4c68	num	1	124
cls_0x5a4c68	num	1	132
cls_0x5a4c68	num	1	136
cls_0x5a4c68	num	1	140
cls_0x5a4c68	num	1	144
cls_0x5a4c68	num	1	148
cls_0x5a4c68	num	1	152
cls_0x5a4c68	num	1	156
cls_0x5a4c68	num	1	160
cls_0x5a4c68	num	1	164
cls_0x5a4c68	num	1	168
cls_0x5a4c68	num	1	172
cls_0x5a4c68	num	1	176
cls_0x5a4c68	num	1	180
cls_0x5a4c68	num	1	184
cls_0x5a4c68	num	1	36
cls_0x5a4c68	num	1	380
cls_0x5a4c68	num	1	384
cls_0x5a4c68	num	1	388
cls_0x5a4c68	num	1	392
cls_0x5a4c68	num	1	396
cls_0x5a4c68	num	1	40
cls_0x5a4c68	num	1	400
cls_0x5a4c68	num	1	404
cls_0x5a4c68	num	1	408
cls_0x5a4c68	num	1	412
cls_0x5a4c68	num	1	416
cls_0x5a4c68	num	1	420
cls_0x5a4c68	num	1	424
cls_0x5a4c68	num	1	428
cls_0x5a4c68	num	1	432
cls_0x5a4c68	num	1	436
cls_0x5a4c68	num	1	44
cls_0x5a4c68	num	1	440
cls_0x5a4c68	num	1	48
cls_0x5a4c68	num	1	52
cls_0x5a4c68	num	1	56
cls_0x5a4c68	num	1	60
cls_0x5a4c68	num	1	68
cls_0x5a4c68	num	1	88
cls_0x5a4c68	num	1	92
cls_0x5a4c68	num	1	96
cls_0x5a4d20	sum	1	fields=5 methods=0 lines=81
cls_0x5a4d20	num	2	112
cls_0x5a4d20	num	1	116
cls_0x5a4d20	num	1	120
cls_0x5a4d20	num	1	124
cls_0x5a4d20	num	1	132
cls_0x5a4d20	num	1	20
cls_0x5a4d20	num	1	24
cls_0x5a4d20	num	1	28
cls_0x5a4d20	num	1	36
cls_0x5a4d20	num	1	40
cls_0x5a4d20	num	1	44
cls_0x5a4d20	num	1	48
cls_0x5a4d20	num	1	52
cls_0x5a4d20	num	1	56
cls_0x5a4d20	num	1	60
cls_0x5a4d20	num	1	68
cls_0x5a4d20	num	1	72
cls_0x5a4d20	num	1	76
cls_0x5a4d6c	sum	1	fields=47 methods=0 lines=383
cls_0x5a4d6c	str	2	createchar
cls_0x5a4d6c	str	1	Locke
cls_0x5a4d6c	str	1	widgets
cls_0x5a4d6c	num	4	0x1e0
cls_0x5a4d6c	num	4	0x280
cls_0x5a4d6c	num	2	0x1c2
cls_0x5a4d6c	num	2	0x38
cls_0x5a4d6c	num	2	0xa0
cls_0x5a4d6c	num	2	20
cls_0x5a4d6c	num	2	24
cls_0x5a4d6c	num	2	28
cls_0x5a4d6c	num	2	72
cls_0x5a4d6c	num	2	76
cls_0x5a4d6c	num	2	80
cls_0x5a4d6c	num	2	84
cls_0x5a4d6c	num	1	00469340
cls_0x5a4d6c	num	1	0x11
cls_0x5a4d6c	num	1	0x24
cls_0x5a4d6c	num	1	0x3001f
cls_0x5a4d6c	num	1	0x378
cls_0x5a4d6c	num	1	0x659c7c
cls_0x5a4d6c	num	1	0x659c80
cls_0x5a4d6c	num	1	104
cls_0x5a4d6c	num	1	108
cls_0x5a4d6c	num	1	112
cls_0x5a4d6c	num	1	116
cls_0x5a4d6c	num	1	120
cls_0x5a4d6c	num	1	124
cls_0x5a4d6c	num	1	132
cls_0x5a4d6c	num	1	136
cls_0x5a4d6c	num	1	140
cls_0x5a4d6c	num	1	144
cls_0x5a4d6c	num	1	148
cls_0x5a4d6c	num	1	152
cls_0x5a4d6c	num	1	156
cls_0x5a4d6c	num	1	160
cls_0x5a4d6c	num	1	164
cls_0x5a4d6c	num	1	168
cls_0x5a4d6c	num	1	172
cls_0x5a4d6c	num	1	176
cls_0x5a4d6c	num	1	180
cls_0x5a4d6c	num	1	184
cls_0x5a4d6c	num	1	36
cls_0x5a4d6c	num	1	380
cls_0x5a4d6c	num	1	384
cls_0x5a4d6c	num	1	388
cls_0x5a4d6c	num	1	392
cls_0x5a4d6c	num	1	396
cls_0x5a4d6c	num	1	40
cls_0x5a4d6c	num	1	400
cls_0x5a4d6c	num	1	404
cls_0x5a4d6c	num	1	408
cls_0x5a4d6c	num	1	412
cls_0x5a4d6c	num	1	416
cls_0x5a4d6c	num	1	420
cls_0x5a4d6c	num	1	424
cls_0x5a4d6c	num	1	428
cls_0x5a4d6c	num	1	432
cls_0x5a4d6c	num	1	436
cls_0x5a4d6c	num	1	44
cls_0x5a4d6c	num	1	440
cls_0x5a4d6c	num	1	444
cls_0x5a4d6c	num	1	448
cls_0x5a4d6c	num	1	452
cls_0x5a4d6c	num	1	456
cls_0x5a4d6c	num	1	460
cls_0x5a4d6c	num	1	464
cls_0x5a4d6c	num	1	468
cls_0x5a4d6c	num	1	472
cls_0x5a4d6c	num	1	476
cls_0x5a4d6c	num	1	48
cls_0x5a4d6c	num	1	480
cls_0x5a4d6c	num	1	484
cls_0x5a4d6c	num	1	488
cls_0x5a4d6c	num	1	492
cls_0x5a4d6c	num	1	496
cls_0x5a4d6c	num	1	500
cls_0x5a4d6c	num	1	504
cls_0x5a4d6c	num	1	508
cls_0x5a4d6c	num	1	52
cls_0x5a4d6c	num	1	56
cls_0x5a4d6c	num	1	60
cls_0x5a4d6c	num	1	636
cls_0x5a4d6c	num	1	648
cls_0x5a4d6c	num	1	652
cls_0x5a4d6c	num	1	68
cls_0x5a4d6c	num	1	88
cls_0x5a4d6c	num	1	92
cls_0x5a4d6c	num	1	96
cls_0x5a4e24	sum	1	fields=17 methods=0 lines=264
cls_0x5a4e24	str	2	s___s
cls_0x5a4e24	str	1	selstart
cls_0x5a4e24	str	1	startpos
cls_0x5a4e24	str	1	widgets
cls_0x5a4e24	num	2	0x1e0
cls_0x5a4e24	num	2	0x280
cls_0x5a4e24	num	2	0x98
cls_0x5a4e24	num	2	20
cls_0x5a4e24	num	2	24
cls_0x5a4e24	num	2	28
cls_0x5a4e24	num	2	72
cls_0x5a4e24	num	2	76
cls_0x5a4e24	num	2	80
cls_0x5a4e24	num	2	84
cls_0x5a4e24	num	2	92
cls_0x5a4e24	num	1	00469370
cls_0x5a4e24	num	1	00469890
cls_0x5a4e24	num	1	0x11
cls_0x5a4e24	num	1	0x13c
cls_0x5a4e24	num	1	0x15c
cls_0x5a4e24	num	1	0x18a
cls_0x5a4e24	num	1	0x26
cls_0x5a4e24	num	1	0x28
cls_0x5a4e24	num	1	0x38
cls_0x5a4e24	num	1	0x41
cls_0x5a4e24	num	1	0x54
cls_0x5a4e24	num	1	0x659cb8
cls_0x5a4e24	num	1	0x7e
cls_0x5a4e24	num	1	0x88
cls_0x5a4e24	num	1	104
cls_0x5a4e24	num	1	108
cls_0x5a4e24	num	1	112
cls_0x5a4e24	num	1	116
cls_0x5a4e24	num	1	120
cls_0x5a4e24	num	1	124
cls_0x5a4e24	num	1	132
cls_0x5a4e24	num	1	136
cls_0x5a4e24	num	1	140
cls_0x5a4e24	num	1	144
cls_0x5a4e24	num	1	148
cls_0x5a4e24	num	1	152
cls_0x5a4e24	num	1	156
cls_0x5a4e24	num	1	160
cls_0x5a4e24	num	1	164
cls_0x5a4e24	num	1	168
cls_0x5a4e24	num	1	172
cls_0x5a4e24	num	1	176
cls_0x5a4e24	num	1	180
cls_0x5a4e24	num	1	184
cls_0x5a4e24	num	1	36
cls_0x5a4e24	num	1	380
cls_0x5a4e24	num	1	384
cls_0x5a4e24	num	1	388
cls_0x5a4e24	num	1	392
cls_0x5a4e24	num	1	396
cls_0x5a4e24	num	1	40
cls_0x5a4e24	num	1	44
cls_0x5a4e24	num	1	48
cls_0x5a4e24	num	1	52
cls_0x5a4e24	num	1	56
cls_0x5a4e24	num	1	60
cls_0x5a4e24	num	1	68
cls_0x5a4e24	num	1	88
cls_0x5a4e24	num	1	96
cls_0x5a4edc	sum	1	fields=6 methods=0 lines=169
cls_0x5a4edc	str	1	cursor
cls_0x5a4edc	num	2	0x1e0
cls_0x5a4edc	num	2	0x280
cls_0x5a4edc	num	2	112
cls_0x5a4edc	num	1	00469910
cls_0x5a4edc	num	1	0x18c
cls_0x5a4edc	num	1	0x30
cls_0x5a4edc	num	1	0x469943
cls_0x5a4edc	num	1	0x469949
cls_0x5a4edc	num	1	0x7c
cls_0x5a4edc	num	1	116
cls_0x5a4edc	num	1	120
cls_0x5a4edc	num	1	124
cls_0x5a4edc	num	1	136
cls_0x5a4edc	num	1	140
cls_0x5a4edc	num	1	20
cls_0x5a4edc	num	1	24
cls_0x5a4edc	num	1	28
cls_0x5a4edc	num	1	36
cls_0x5a4edc	num	1	40
cls_0x5a4edc	num	1	44
cls_0x5a4edc	num	1	48
cls_0x5a4edc	num	1	52
cls_0x5a4edc	num	1	56
cls_0x5a4edc	num	1	60
cls_0x5a4edc	num	1	68
cls_0x5a4edc	num	1	72
cls_0x5a4edc	num	1	76
cls_0x5a4f28	sum	1	fields=6 methods=2 lines=260
cls_0x5a4f28	str	1	cursor
cls_0x5a4f28	num	2	0x1e0
cls_0x5a4f28	num	2	0x280
cls_0x5a4f28	num	2	112
cls_0x5a4f28	num	1	0x100
cls_0x5a4f28	num	1	0x101
cls_0x5a4f28	num	1	0x102
cls_0x5a4f28	num	1	0x30
cls_0x5a4f28	num	1	0x3c
cls_0x5a4f28	num	1	0x46a543
cls_0x5a4f28	num	1	0x46a549
cls_0x5a4f28	num	1	0x7c
cls_0x5a4f28	num	1	116
cls_0x5a4f28	num	1	120
cls_0x5a4f28	num	1	124
cls_0x5a4f28	num	1	136
cls_0x5a4f28	num	1	140
cls_0x5a4f28	num	1	20
cls_0x5a4f28	num	1	24
cls_0x5a4f28	num	1	28
cls_0x5a4f28	num	1	36
cls_0x5a4f28	num	1	40
cls_0x5a4f28	num	1	400
cls_0x5a4f28	num	1	44
cls_0x5a4f28	num	1	48
cls_0x5a4f28	num	1	52
cls_0x5a4f28	num	1	56
cls_0x5a4f28	num	1	60
cls_0x5a4f28	num	1	68
cls_0x5a4f28	num	1	72
cls_0x5a4f28	num	1	76
cls_0x5a4f28	meth	1	meth_0x48ee10:d():44
cls_0x5a4f28	meth	1	meth_0x48ef30:v():47
cls_0x5a4f74	sum	1	fields=22 methods=0 lines=156
cls_0x5a4f74	num	2	0x1e0
cls_0x5a4f74	num	2	0x280
cls_0x5a4f74	num	2	20
cls_0x5a4f74	num	2	24
cls_0x5a4f74	num	2	28
cls_0x5a4f74	num	2	72
cls_0x5a4f74	num	2	76
cls_0x5a4f74	num	2	80
cls_0x5a4f74	num	2	84
cls_0x5a4f74	num	1	104
cls_0x5a4f74	num	1	108
cls_0x5a4f74	num	1	112
cls_0x5a4f74	num	1	116
cls_0x5a4f74	num	1	120
cls_0x5a4f74	num	1	124
cls_0x5a4f74	num	1	132
cls_0x5a4f74	num	1	136
cls_0x5a4f74	num	1	140
cls_0x5a4f74	num	1	144
cls_0x5a4f74	num	1	148
cls_0x5a4f74	num	1	152
cls_0x5a4f74	num	1	156
cls_0x5a4f74	num	1	160
cls_0x5a4f74	num	1	164
cls_0x5a4f74	num	1	168
cls_0x5a4f74	num	1	172
cls_0x5a4f74	num	1	176
cls_0x5a4f74	num	1	180
cls_0x5a4f74	num	1	184
cls_0x5a4f74	num	1	36
cls_0x5a4f74	num	1	380
cls_0x5a4f74	num	1	40
cls_0x5a4f74	num	1	411
cls_0x5a4f74	num	1	412
cls_0x5a4f74	num	1	44
cls_0x5a4f74	num	1	475
cls_0x5a4f74	num	1	476
cls_0x5a4f74	num	1	48
cls_0x5a4f74	num	1	52
cls_0x5a4f74	num	1	56
cls_0x5a4f74	num	1	60
cls_0x5a4f74	num	1	603
cls_0x5a4f74	num	1	604
cls_0x5a4f74	num	1	608
cls_0x5a4f74	num	1	612
cls_0x5a4f74	num	1	616
cls_0x5a4f74	num	1	620
cls_0x5a4f74	num	1	68
cls_0x5a4f74	num	1	88
cls_0x5a4f74	num	1	92
cls_0x5a4f74	num	1	96
cls_0x5a502c	sum	1	fields=32 methods=0 lines=340
cls_0x5a502c	str	1	connect_dat
cls_0x5a502c	num	3	0x1c
cls_0x5a502c	num	2	0x14
cls_0x5a502c	num	2	0x1e0
cls_0x5a502c	num	2	0x280
cls_0x5a502c	num	2	20
cls_0x5a502c	num	2	24
cls_0x5a502c	num	2	28
cls_0x5a502c	num	2	72
cls_0x5a502c	num	2	76
cls_0x5a502c	num	2	80
cls_0x5a502c	num	2	84
cls_0x5a502c	num	1	0x18
cls_0x5a502c	num	1	0x3001f
cls_0x5a502c	num	1	0x38
cls_0x5a502c	num	1	0x98
cls_0x5a502c	num	1	104
cls_0x5a502c	num	1	108
cls_0x5a502c	num	1	112
cls_0x5a502c	num	1	116
cls_0x5a502c	num	1	120
cls_0x5a502c	num	1	124
cls_0x5a502c	num	1	132
cls_0x5a502c	num	1	136
cls_0x5a502c	num	1	140
cls_0x5a502c	num	1	144
cls_0x5a502c	num	1	148
cls_0x5a502c	num	1	152
cls_0x5a502c	num	1	156
cls_0x5a502c	num	1	160
cls_0x5a502c	num	1	164
cls_0x5a502c	num	1	168
cls_0x5a502c	num	1	172
cls_0x5a502c	num	1	176
cls_0x5a502c	num	1	180
cls_0x5a502c	num	1	184
cls_0x5a502c	num	1	36
cls_0x5a502c	num	1	380
cls_0x5a502c	num	1	384
cls_0x5a502c	num	1	388
cls_0x5a502c	num	1	392
cls_0x5a502c	num	1	396
cls_0x5a502c	num	1	40
cls_0x5a502c	num	1	408
cls_0x5a502c	num	1	412
cls_0x5a502c	num	1	416
cls_0x5a502c	num	1	420
cls_0x5a502c	num	1	424
cls_0x5a502c	num	1	428
cls_0x5a502c	num	1	432
cls_0x5a502c	num	1	436
cls_0x5a502c	num	1	44
cls_0x5a502c	num	1	440
cls_0x5a502c	num	1	444
cls_0x5a502c	num	1	448
cls_0x5a502c	num	1	452
cls_0x5a502c	num	1	456
cls_0x5a502c	num	1	460
cls_0x5a502c	num	1	464
cls_0x5a502c	num	1	468
cls_0x5a502c	num	1	48
cls_0x5a502c	num	1	52
cls_0x5a502c	num	1	56
cls_0x5a502c	num	1	60
cls_0x5a502c	num	1	68
cls_0x5a502c	num	1	88
cls_0x5a502c	num	1	92
cls_0x5a502c	num	1	96
cls_0x5a50e4	sum	1	fields=1 methods=0 lines=47
cls_0x5a50e4	num	1	0x100
cls_0x5a50e8	sum	1	fields=51 methods=3 lines=11618
cls_0x5a50e8	str	1	Bad_object_class
cls_0x5a50e8	str	1	RunFireHead1E
cls_0x5a50e8	str	1	RunFireHead1S
cls_0x5a50e8	str	1	RunFireHead2E
cls_0x5a50e8	str	1	RunFireHead2S
cls_0x5a50e8	str	1	RunFireHeadN
cls_0x5a50e8	str	1	RunFireHeadW
cls_0x5a50e8	num	105	0x1c
cls_0x5a50e8	num	104	0x40000000
cls_0x5a50e8	num	102	0x10b
cls_0x5a50e8	num	102	0x28
cls_0x5a50e8	num	102	0x3fffffff
cls_0x5a50e8	num	102	0x80000000
cls_0x5a50e8	num	102	0xffffff00
cls_0x5a50e8	num	3	0x40000
cls_0x5a50e8	num	3	0x8000
cls_0x5a50e8	num	2	0x24
cls_0x5a50e8	num	2	0x38
cls_0x5a50e8	num	2	0xc000
cls_0x5a50e8	num	2	132
cls_0x5a50e8	num	2	156
cls_0x5a50e8	num	2	160
cls_0x5a50e8	num	2	168
cls_0x5a50e8	num	2	172
cls_0x5a50e8	num	2	176
cls_0x5a50e8	num	2	180
cls_0x5a50e8	num	2	184
cls_0x5a50e8	num	2	188
cls_0x5a50e8	num	2	192
cls_0x5a50e8	num	2	196
cls_0x5a50e8	num	2	20
cls_0x5a50e8	num	2	200
cls_0x5a50e8	num	2	204
cls_0x5a50e8	num	2	208
cls_0x5a50e8	num	2	212
cls_0x5a50e8	num	2	216
cls_0x5a50e8	num	2	224
cls_0x5a50e8	num	2	24
cls_0x5a50e8	num	2	248
cls_0x5a50e8	num	2	260
cls_0x5a50e8	num	2	264
cls_0x5a50e8	num	2	268
cls_0x5a50e8	num	2	272
cls_0x5a50e8	num	2	276
cls_0x5a50e8	num	2	28
cls_0x5a50e8	num	2	36
cls_0x5a50e8	num	2	40
cls_0x5a50e8	num	2	44
cls_0x5a50e8	num	2	48
cls_0x5a50e8	num	2	52
cls_0x5a50e8	num	2	56
cls_0x5a50e8	num	2	60
cls_0x5a50e8	num	2	68
cls_0x5a50e8	num	2	72
cls_0x5a50e8	num	2	76
cls_0x5a50e8	num	2	80
cls_0x5a50e8	num	2	84
cls_0x5a50e8	num	2	88
cls_0x5a50e8	num	2	92
cls_0x5a50e8	num	1	00471150
cls_0x5a50e8	num	1	00477840
cls_0x5a50e8	num	1	00500040
cls_0x5a50e8	num	1	00500370
cls_0x5a50e8	num	1	00500500
cls_0x5a50e8	num	1	00500680
cls_0x5a50e8	num	1	00500820
cls_0x5a50e8	num	1	00501000
cls_0x5a50e8	num	1	00501670
cls_0x5a50e8	num	1	00509010
cls_0x5a50e8	num	1	00509380
cls_0x5a50e8	num	1	00509570
cls_0x5a50e8	num	1	00515300
cls_0x5a50e8	num	1	00522030
cls_0x5a50e8	num	1	00527570
cls_0x5a50e8	num	1	00527680
cls_0x5a50e8	num	1	00527770
cls_0x5a50e8	num	1	00527860
cls_0x5a50e8	num	1	00527940
cls_0x5a50e8	num	1	00528190
cls_0x5a50e8	num	1	00528260
cls_0x5a50e8	num	1	00528330
cls_0x5a50e8	num	1	00528400
cls_0x5a50e8	num	1	00529140
cls_0x5a50e8	num	1	0x11
cls_0x5a50e8	num	1	0x12
cls_0x5a50e8	num	1	0x15
cls_0x5a50e8	num	1	0x16
cls_0x5a50e8	num	1	0x17
cls_0x5a50e8	num	1	0x18
cls_0x5a50e8	num	1	0x19
cls_0x5a50e8	num	1	0x1a
cls_0x5a50e8	num	1	0x34
cls_0x5a50e8	num	1	0x4000000
cls_0x5a50e8	num	1	0x4000c000
cls_0x5a50e8	num	1	0x8000000
cls_0x5a50e8	num	1	0xc0
cls_0x5a50e8	num	1	104
cls_0x5a50e8	num	1	108
cls_0x5a50e8	num	1	112
cls_0x5a50e8	num	1	116
cls_0x5a50e8	num	1	120
cls_0x5a50e8	num	1	124
cls_0x5a50e8	num	1	136
cls_0x5a50e8	num	1	138
cls_0x5a50e8	num	1	140
cls_0x5a50e8	num	1	144
cls_0x5a50e8	num	1	148
cls_0x5a50e8	num	1	152
cls_0x5a50e8	num	1	164
cls_0x5a50e8	num	1	220
cls_0x5a50e8	num	1	228
cls_0x5a50e8	num	1	232
cls_0x5a50e8	num	1	236
cls_0x5a50e8	num	1	240
cls_0x5a50e8	num	1	244
cls_0x5a50e8	num	1	252
cls_0x5a50e8	num	1	280
cls_0x5a50e8	num	1	284
cls_0x5a50e8	num	1	288
cls_0x5a50e8	num	1	292
cls_0x5a50e8	num	1	296
cls_0x5a50e8	num	1	300
cls_0x5a50e8	num	1	304
cls_0x5a50e8	num	1	308
cls_0x5a50e8	num	1	312
cls_0x5a50e8	num	1	316
cls_0x5a50e8	num	1	320
cls_0x5a50e8	num	1	324
cls_0x5a50e8	num	1	328
cls_0x5a50e8	num	1	332
cls_0x5a50e8	num	1	336
cls_0x5a50e8	num	1	340
cls_0x5a50e8	num	1	344
cls_0x5a50e8	num	1	348
cls_0x5a50e8	num	1	352
cls_0x5a50e8	num	1	356
cls_0x5a50e8	num	1	360
cls_0x5a50e8	num	1	364
cls_0x5a50e8	num	1	368
cls_0x5a50e8	num	1	372
cls_0x5a50e8	num	1	376
cls_0x5a50e8	num	1	380
cls_0x5a50e8	num	1	384
cls_0x5a50e8	num	1	388
cls_0x5a50e8	num	1	392
cls_0x5a50e8	num	1	396
cls_0x5a50e8	num	1	400
cls_0x5a50e8	num	1	404
cls_0x5a50e8	num	1	408
cls_0x5a50e8	num	1	412
cls_0x5a50e8	num	1	416
cls_0x5a50e8	num	1	420
cls_0x5a50e8	num	1	424
cls_0x5a50e8	num	1	428
cls_0x5a50e8	num	1	432
cls_0x5a50e8	num	1	436
cls_0x5a50e8	num	1	440
cls_0x5a50e8	num	1	444
cls_0x5a50e8	num	1	448
cls_0x5a50e8	num	1	452
cls_0x5a50e8	num	1	456
cls_0x5a50e8	num	1	460
cls_0x5a50e8	num	1	464
cls_0x5a50e8	num	1	468
cls_0x5a50e8	num	1	472
cls_0x5a50e8	num	1	476
cls_0x5a50e8	num	1	480
cls_0x5a50e8	num	1	484
cls_0x5a50e8	num	1	488
cls_0x5a50e8	num	1	492
cls_0x5a50e8	num	1	496
cls_0x5a50e8	num	1	53
cls_0x5a50e8	num	1	54
cls_0x5a50e8	num	1	55
cls_0x5a50e8	num	1	94
cls_0x5a50e8	num	1	96
cls_0x5a50e8	meth	1	meth_0x46e0f0:v():304
cls_0x5a50e8	meth	1	meth_0x471150:v():8999
cls_0x5a50e8	meth	1	meth_0x526c90:v():2117
cls_0x5a52d8	sum	1	fields=9 methods=0 lines=230
cls_0x5a52d8	api	4	_param_2
cls_0x5a52d8	num	2	24
cls_0x5a52d8	num	1	00474480
cls_0x5a52d8	num	1	0x22
cls_0x5a52d8	num	1	0x23
cls_0x5a52d8	num	1	0x28
cls_0x5a52d8	num	1	20
cls_0x5a52d8	num	1	28
cls_0x5a52d8	num	1	30
cls_0x5a52d8	num	1	36
cls_0x5a52d8	num	1	60
cls_0x5a5320	sum	1	fields=187 methods=116 lines=11331
cls_0x5a5320	str	41	d__revenant_MapPane_cpp
cls_0x5a5320	str	18	Couldn_t_initialize_mosaic_surfa
cls_0x5a5320	str	3	curmap
cls_0x5a5320	str	3	shadow
cls_0x5a5320	str	2	DAT
cls_0x5a5320	str	1	Armor
cls_0x5a5320	str	1	Quick_Save__d
cls_0x5a5320	str	1	Revenant_Text_Dump_executed_at
cls_0x5a5320	str	1	Sardok
cls_0x5a5320	str	1	String
cls_0x5a5320	str	1	Tried_to_delete_an_object_not_in
cls_0x5a5320	str	1	d__s_s__s
cls_0x5a5320	str	1	s__s
cls_0x5a5320	str	1	sautomaps__d__d__d_bmp
cls_0x5a5320	str	1	sautomaps_lev_dcomposite_bmp
cls_0x5a5320	str	1	shadow__s
cls_0x5a5320	str	1	wedge__s
cls_0x5a5320	api	12	_strncpy
cls_0x5a5320	api	6	CreateMutexA
cls_0x5a5320	api	5	_param_5
cls_0x5a5320	api	4	CreateEventA
cls_0x5a5320	api	3	_param_6
cls_0x5a5320	api	2	SQRT
cls_0x5a5320	api	2	_rand
cls_0x5a5320	num	41	0x1c
cls_0x5a5320	num	39	0x14
cls_0x5a5320	num	29	0x80000000
cls_0x5a5320	num	22	0x200
cls_0x5a5320	num	22	0x5c
cls_0x5a5320	num	20	0x74
cls_0x5a5320	num	19	0x1f
cls_0x5a5320	num	18	0x18
cls_0x5a5320	num	17	0x100
cls_0x5a5320	num	17	10000
cls_0x5a5320	num	16	0x19
cls_0x5a5320	num	15	0x28
cls_0x5a5320	num	15	0x44
cls_0x5a5320	num	14	0x11
cls_0x5a5320	num	13	0x50
cls_0x5a5320	num	12	0x30
cls_0x5a5320	num	12	0xb4
cls_0x5a5320	num	12	0xfffeffff
cls_0x5a5320	num	11	0x2c
cls_0x5a5320	num	11	0x78
cls_0x5a5320	num	10	0x400
cls_0x5a5320	num	10	0x4f
cls_0x5a5320	num	10	0xfffffff0
cls_0x5a5320	num	9	0x2000
cls_0x5a5320	num	9	0x3f
cls_0x5a5320	num	9	0x7f7f
cls_0x5a5320	num	8	0x300
cls_0x5a5320	num	8	0x60
cls_0x5a5320	num	7	0x128
cls_0x5a5320	num	7	0x15
cls_0x5a5320	num	7	0x198
cls_0x5a5320	num	7	0x24
cls_0x5a5320	num	7	0x48
cls_0x5a5320	num	7	0x54
cls_0x5a5320	num	7	0x68
cls_0x5a5320	num	7	0x98
cls_0x5a5320	num	7	0xf4
cls_0x5a5320	num	6	0x10000
cls_0x5a5320	num	6	0x103
cls_0x5a5320	num	6	0xa1
cls_0x5a5320	num	6	0xb8
cls_0x5a5320	num	6	10000000
cls_0x5a5320	num	5	0x32
cls_0x5a5320	num	5	0x38
cls_0x5a5320	num	5	0x6c
cls_0x5a5320	num	5	0xc0
cls_0x5a5320	num	5	0xfc
cls_0x5a5320	num	5	200
cls_0x5a5320	num	4	0x104
cls_0x5a5320	num	4	0x12ee
cls_0x5a5320	num	4	0x13
cls_0x5a5320	num	4	0x17
cls_0x5a5320	num	4	0x1a
cls_0x5a5320	num	4	0x1c4
cls_0x5a5320	num	4	0x1ff
cls_0x5a5320	num	4	0x2b
cls_0x5a5320	num	4	0x3c
cls_0x5a5320	num	4	0x3fffffff
cls_0x5a5320	num	4	0x41
cls_0x5a5320	num	4	0x5a0
cls_0x5a5320	num	4	0x800
cls_0x5a5320	num	4	0xa0
cls_0x5a5320	num	4	0xbc
cls_0x5a5320	num	4	0xfffe7960
cls_0x5a5320	num	4	0xffffffe0
cls_0x5a5320	num	4	84
cls_0x5a5320	num	3	0x11c
cls_0x5a5320	num	3	0x3a
cls_0x5a5320	num	3	0x3ff
cls_0x5a5320	num	3	0x7f
cls_0x5a5320	num	3	0x89
cls_0x5a5320	num	3	0x90
cls_0x5a5320	num	3	0xa8
cls_0x5a5320	num	3	0xdb
cls_0x5a5320	num	3	0xfffffffe
cls_0x5a5320	num	3	112
cls_0x5a5320	num	3	176
cls_0x5a5320	num	3	260
cls_0x5a5320	num	3	300
cls_0x5a5320	num	3	80
cls_0x5a5320	num	2	0x12
cls_0x5a5320	num	2	0x120
cls_0x5a5320	num	2	0x124
cls_0x5a5320	num	2	0x130
cls_0x5a5320	num	2	0x134
cls_0x5a5320	num	2	0x14e
cls_0x5a5320	num	2	0x16
cls_0x5a5320	num	2	0x180
cls_0x5a5320	num	2	0x19c
cls_0x5a5320	num	2	0x1d
cls_0x5a5320	num	2	0x23
cls_0x5a5320	num	2	0x27
cls_0x5a5320	num	2	0x29
cls_0x5a5320	num	2	0x2d2
cls_0x5a5320	num	2	0x34
cls_0x5a5320	num	2	0x40004
cls_0x5a5320	num	2	0x5b
cls_0x5a5320	num	2	0x66fcc0
cls_0x5a5320	num	2	0x70
cls_0x5a5320	num	2	0x7c
cls_0x5a5320	num	2	0x7fff
cls_0x5a5320	num	2	0x8000
cls_0x5a5320	num	2	0x8000003f
cls_0x5a5320	num	2	0x9c
cls_0x5a5320	num	2	0xa4
cls_0x5a5320	num	2	0xbf
cls_0x5a5320	num	2	0xc7c35000
cls_0x5a5320	num	2	0xe0
cls_0x5a5320	num	2	0xffffff
cls_0x5a5320	num	2	0xffffffc0
cls_0x5a5320	num	2	116
cls_0x5a5320	num	2	120
cls_0x5a5320	num	2	124
cls_0x5a5320	num	2	132
cls_0x5a5320	num	2	136
cls_0x5a5320	num	2	140
cls_0x5a5320	num	2	144
cls_0x5a5320	num	2	148
cls_0x5a5320	num	2	152
cls_0x5a5320	num	2	156
cls_0x5a5320	num	2	160
cls_0x5a5320	num	2	164
cls_0x5a5320	num	2	168
cls_0x5a5320	num	2	172
cls_0x5a5320	num	2	180
cls_0x5a5320	num	2	184
cls_0x5a5320	num	2	188
cls_0x5a5320	num	2	192
cls_0x5a5320	num	2	196
cls_0x5a5320	num	2	204
cls_0x5a5320	num	2	208
cls_0x5a5320	num	2	212
cls_0x5a5320	num	2	216
cls_0x5a5320	num	2	220
cls_0x5a5320	num	2	224
cls_0x5a5320	num	2	228
cls_0x5a5320	num	2	232
cls_0x5a5320	num	2	236
cls_0x5a5320	num	2	244
cls_0x5a5320	num	2	248
cls_0x5a5320	num	2	252
cls_0x5a5320	num	2	258
cls_0x5a5320	num	2	264
cls_0x5a5320	num	2	268
cls_0x5a5320	num	2	272
cls_0x5a5320	num	2	276
cls_0x5a5320	num	2	280
cls_0x5a5320	num	2	284
cls_0x5a5320	num	2	288
cls_0x5a5320	num	2	296
cls_0x5a5320	num	2	304
cls_0x5a5320	num	2	308
cls_0x5a5320	num	2	312
cls_0x5a5320	num	2	316
cls_0x5a5320	num	2	320
cls_0x5a5320	num	2	324
cls_0x5a5320	num	2	600
cls_0x5a5320	num	2	88
cls_0x5a5320	num	1	00451090
cls_0x5a5320	num	1	00451610
cls_0x5a5320	num	1	00451840
cls_0x5a5320	num	1	00452060
cls_0x5a5320	num	1	00452520
cls_0x5a5320	num	1	00452750
cls_0x5a5320	num	1	00453320
cls_0x5a5320	num	1	00453640
cls_0x5a5320	num	1	00453720
cls_0x5a5320	num	1	00453940
cls_0x5a5320	num	1	00454390
cls_0x5a5320	num	1	00454920
cls_0x5a5320	num	1	00456330
cls_0x5a5320	num	1	00456450
cls_0x5a5320	num	1	00456810
cls_0x5a5320	num	1	00457300
cls_0x5a5320	num	1	00457970
cls_0x5a5320	num	1	00458750
cls_0x5a5320	num	1	00459220
cls_0x5a5320	num	1	00459490
cls_0x5a5320	num	1	00491970
cls_0x5a5320	num	1	00491990
cls_0x5a5320	num	1	00536360
cls_0x5a5320	num	1	00549740
cls_0x5a5320	num	1	0x0048eadf
cls_0x5a5320	num	1	0x0048eafc
cls_0x5a5320	num	1	0x1000
cls_0x5a5320	num	1	0x10000000
cls_0x5a5320	num	1	0x101
cls_0x5a5320	num	1	0x10a
cls_0x5a5320	num	1	0x10b
cls_0x5a5320	num	1	0x136d
cls_0x5a5320	num	1	0x13bc
cls_0x5a5320	num	1	0x1512
cls_0x5a5320	num	1	0x16e1
cls_0x5a5320	num	1	0x19ef
cls_0x5a5320	num	1	0x19f0
cls_0x5a5320	num	1	0x19fa
cls_0x5a5320	num	1	0x19fb
cls_0x5a5320	num	1	0x1a06
cls_0x5a5320	num	1	0x1a25
cls_0x5a5320	num	1	0x1a2f
cls_0x5a5320	num	1	0x1a33
cls_0x5a5320	num	1	0x1a3c
cls_0x5a5320	num	1	0x1a3e
cls_0x5a5320	num	1	0x1a47
cls_0x5a5320	num	1	0x1a4d
cls_0x5a5320	num	1	0x1a56
cls_0x5a5320	num	1	0x1a75
cls_0x5a5320	num	1	0x1a76
cls_0x5a5320	num	1	0x1a77
cls_0x5a5320	num	1	0x1a78
cls_0x5a5320	num	1	0x1a79
cls_0x5a5320	num	1	0x1a7a
cls_0x5a5320	num	1	0x1a7b
cls_0x5a5320	num	1	0x1a7c
cls_0x5a5320	num	1	0x1a7d
cls_0x5a5320	num	1	0x1a7e
cls_0x5a5320	num	1	0x1a7f
cls_0x5a5320	num	1	0x1a80
cls_0x5a5320	num	1	0x1a83
cls_0x5a5320	num	1	0x1b
cls_0x5a5320	num	1	0x1c0
cls_0x5a5320	num	1	0x1e
cls_0x5a5320	num	1	0x20502
cls_0x5a5320	num	1	0x20512
cls_0x5a5320	num	1	0x21
cls_0x5a5320	num	1	0x22
cls_0x5a5320	num	1	0x25
cls_0x5a5320	num	1	0x26
cls_0x5a5320	num	1	0x271
cls_0x5a5320	num	1	0x2d
cls_0x5a5320	num	1	0x34d6574c
cls_0x5a5320	num	1	0x362
cls_0x5a5320	num	1	0x36c
cls_0x5a5320	num	1	0x3f4
cls_0x5a5320	num	1	0x4000
cls_0x5a5320	num	1	0x400000
cls_0x5a5320	num	1	0x401
cls_0x5a5320	num	1	0x450
cls_0x5a5320	num	1	0x494
cls_0x5a5320	num	1	0x4c
cls_0x5a5320	num	1	0x4d8
cls_0x5a5320	num	1	0x54cd77
cls_0x5a5320	num	1	0x5e3fe4
cls_0x5a5320	num	1	0x5e4700
cls_0x5a5320	num	1	0x5e470c
cls_0x5a5320	num	1	0x61
cls_0x5a5320	num	1	0x62
cls_0x5a5320	num	1	0x65d358
cls_0x5a5320	num	1	0x6e0
cls_0x5a5320	num	1	0x727
cls_0x5a5320	num	1	0x7fffffff
cls_0x5a5320	num	1	0x8a
cls_0x5a5320	num	1	0x94
cls_0x5a5320	num	1	0x997b
cls_0x5a5320	num	1	0x9c4
cls_0x5a5320	num	1	0xa0102
cls_0x5a5320	num	1	0xa0112
cls_0x5a5320	num	1	0xb2
cls_0x5a5320	num	1	0xba
cls_0x5a5320	num	1	0xc02
cls_0x5a5320	num	1	0xdc
cls_0x5a5320	num	1	0xf0
cls_0x5a5320	num	1	0xf8
cls_0x5a5320	num	1	0xfffffe00
cls_0x5a5320	num	1	0xfffffff7
cls_0x5a5320	num	1	0xfffffffd
cls_0x5a5320	num	1	104
cls_0x5a5320	num	1	108
cls_0x5a5320	num	1	1460
cls_0x5a5320	num	1	1464
cls_0x5a5320	num	1	1468
cls_0x5a5320	num	1	1472
cls_0x5a5320	num	1	1476
cls_0x5a5320	num	1	1480
cls_0x5a5320	num	1	1484
cls_0x5a5320	num	1	1492
cls_0x5a5320	num	1	1496
cls_0x5a5320	num	1	1500
cls_0x5a5320	num	1	1504
cls_0x5a5320	num	1	1508
cls_0x5a5320	num	1	1512
cls_0x5a5320	num	1	1516
cls_0x5a5320	num	1	1520
cls_0x5a5320	num	1	1647
cls_0x5a5320	num	1	1648
cls_0x5a5320	num	1	1652
cls_0x5a5320	num	1	1656
cls_0x5a5320	num	1	1660
cls_0x5a5320	num	1	1664
cls_0x5a5320	num	1	1668
cls_0x5a5320	num	1	1672
cls_0x5a5320	num	1	1676
cls_0x5a5320	num	1	1680
cls_0x5a5320	num	1	1684
cls_0x5a5320	num	1	1692
cls_0x5a5320	num	1	1696
cls_0x5a5320	num	1	1700
cls_0x5a5320	num	1	1704
cls_0x5a5320	num	1	1708
cls_0x5a5320	num	1	1712
cls_0x5a5320	num	1	1716
cls_0x5a5320	num	1	1720
cls_0x5a5320	num	1	1724
cls_0x5a5320	num	1	1728
cls_0x5a5320	num	1	1732
cls_0x5a5320	num	1	1736
cls_0x5a5320	num	1	1740
cls_0x5a5320	num	1	1744
cls_0x5a5320	num	1	1748
cls_0x5a5320	num	1	1752
cls_0x5a5320	num	1	1756
cls_0x5a5320	num	1	1760
cls_0x5a5320	num	1	1764
cls_0x5a5320	num	1	1779
cls_0x5a5320	num	1	1891
cls_0x5a5320	num	1	20
cls_0x5a5320	num	1	2100
cls_0x5a5320	num	1	2104
cls_0x5a5320	num	1	2108
cls_0x5a5320	num	1	2112
cls_0x5a5320	num	1	2116
cls_0x5a5320	num	1	2120
cls_0x5a5320	num	1	2124
cls_0x5a5320	num	1	2128
cls_0x5a5320	num	1	2132
cls_0x5a5320	num	1	2136
cls_0x5a5320	num	1	2140
cls_0x5a5320	num	1	2144
cls_0x5a5320	num	1	2148
cls_0x5a5320	num	1	2152
cls_0x5a5320	num	1	2157
cls_0x5a5320	num	1	2164
cls_0x5a5320	num	1	2168
cls_0x5a5320	num	1	2172
cls_0x5a5320	num	1	2176
cls_0x5a5320	num	1	2188
cls_0x5a5320	num	1	2192
cls_0x5a5320	num	1	2196
cls_0x5a5320	num	1	2200
cls_0x5a5320	num	1	2236
cls_0x5a5320	num	1	2240
cls_0x5a5320	num	1	2244
cls_0x5a5320	num	1	2248
cls_0x5a5320	num	1	2252
cls_0x5a5320	num	1	2256
cls_0x5a5320	num	1	2260
cls_0x5a5320	num	1	2264
cls_0x5a5320	num	1	2268
cls_0x5a5320	num	1	2272
cls_0x5a5320	num	1	2276
cls_0x5a5320	num	1	2280
cls_0x5a5320	num	1	2284
cls_0x5a5320	num	1	2288
cls_0x5a5320	num	1	2292
cls_0x5a5320	num	1	2296
cls_0x5a5320	num	1	2300
cls_0x5a5320	num	1	2304
cls_0x5a5320	num	1	2308
cls_0x5a5320	num	1	2312
cls_0x5a5320	num	1	2316
cls_0x5a5320	num	1	2320
cls_0x5a5320	num	1	2324
cls_0x5a5320	num	1	2328
cls_0x5a5320	num	1	2332
cls_0x5a5320	num	1	2336
cls_0x5a5320	num	1	2340
cls_0x5a5320	num	1	2344
cls_0x5a5320	num	1	2348
cls_0x5a5320	num	1	2352
cls_0x5a5320	num	1	2356
cls_0x5a5320	num	1	2360
cls_0x5a5320	num	1	2364
cls_0x5a5320	num	1	2368
cls_0x5a5320	num	1	2372
cls_0x5a5320	num	1	24
cls_0x5a5320	num	1	240
cls_0x5a5320	num	1	2404
cls_0x5a5320	num	1	2420
cls_0x5a5320	num	1	2424
cls_0x5a5320	num	1	2428
cls_0x5a5320	num	1	2432
cls_0x5a5320	num	1	2436
cls_0x5a5320	num	1	2472
cls_0x5a5320	num	1	2476
cls_0x5a5320	num	1	2480
cls_0x5a5320	num	1	2484
cls_0x5a5320	num	1	2488
cls_0x5a5320	num	1	2492
cls_0x5a5320	num	1	2496
cls_0x5a5320	num	1	2500
cls_0x5a5320	num	1	2504
cls_0x5a5320	num	1	2508
cls_0x5a5320	num	1	2509
cls_0x5a5320	num	1	2510
cls_0x5a5320	num	1	2512
cls_0x5a5320	num	1	2516
cls_0x5a5320	num	1	2520
cls_0x5a5320	num	1	2524
cls_0x5a5320	num	1	2528
cls_0x5a5320	num	1	2532
cls_0x5a5320	num	1	2536
cls_0x5a5320	num	1	2540
cls_0x5a5320	num	1	2544
cls_0x5a5320	num	1	2548
cls_0x5a5320	num	1	2568
cls_0x5a5320	num	1	2572
cls_0x5a5320	num	1	2576
cls_0x5a5320	num	1	262
cls_0x5a5320	num	1	28
cls_0x5a5320	num	1	292
cls_0x5a5320	num	1	328
cls_0x5a5320	num	1	332
cls_0x5a5320	num	1	336
cls_0x5a5320	num	1	340
cls_0x5a5320	num	1	344
cls_0x5a5320	num	1	348
cls_0x5a5320	num	1	352
cls_0x5a5320	num	1	356
cls_0x5a5320	num	1	36
cls_0x5a5320	num	1	360
cls_0x5a5320	num	1	364
cls_0x5a5320	num	1	368
cls_0x5a5320	num	1	372
cls_0x5a5320	num	1	376
cls_0x5a5320	num	1	380
cls_0x5a5320	num	1	384
cls_0x5a5320	num	1	388
cls_0x5a5320	num	1	392
cls_0x5a5320	num	1	396
cls_0x5a5320	num	1	40
cls_0x5a5320	num	1	400
cls_0x5a5320	num	1	404
cls_0x5a5320	num	1	408
cls_0x5a5320	num	1	412
cls_0x5a5320	num	1	416
cls_0x5a5320	num	1	42
cls_0x5a5320	num	1	420
cls_0x5a5320	num	1	424
cls_0x5a5320	num	1	428
cls_0x5a5320	num	1	432
cls_0x5a5320	num	1	436
cls_0x5a5320	num	1	44
cls_0x5a5320	num	1	440
cls_0x5a5320	num	1	444
cls_0x5a5320	num	1	448
cls_0x5a5320	num	1	452
cls_0x5a5320	num	1	456
cls_0x5a5320	num	1	460
cls_0x5a5320	num	1	464
cls_0x5a5320	num	1	468
cls_0x5a5320	num	1	472
cls_0x5a5320	num	1	476
cls_0x5a5320	num	1	48
cls_0x5a5320	num	1	480
cls_0x5a5320	num	1	484
cls_0x5a5320	num	1	488
cls_0x5a5320	num	1	492
cls_0x5a5320	num	1	496
cls_0x5a5320	num	1	500
cls_0x5a5320	num	1	504
cls_0x5a5320	num	1	508
cls_0x5a5320	num	1	516
cls_0x5a5320	num	1	52
cls_0x5a5320	num	1	520
cls_0x5a5320	num	1	524
cls_0x5a5320	num	1	528
cls_0x5a5320	num	1	532
cls_0x5a5320	num	1	536
cls_0x5a5320	num	1	540
cls_0x5a5320	num	1	544
cls_0x5a5320	num	1	548
cls_0x5a5320	num	1	552
cls_0x5a5320	num	1	556
cls_0x5a5320	num	1	56
cls_0x5a5320	num	1	560
cls_0x5a5320	num	1	564
cls_0x5a5320	num	1	568
cls_0x5a5320	num	1	572
cls_0x5a5320	num	1	576
cls_0x5a5320	num	1	580
cls_0x5a5320	num	1	584
cls_0x5a5320	num	1	588
cls_0x5a5320	num	1	592
cls_0x5a5320	num	1	596
cls_0x5a5320	num	1	60
cls_0x5a5320	num	1	604
cls_0x5a5320	num	1	608
cls_0x5a5320	num	1	612
cls_0x5a5320	num	1	616
cls_0x5a5320	num	1	620
cls_0x5a5320	num	1	624
cls_0x5a5320	num	1	628
cls_0x5a5320	num	1	632
cls_0x5a5320	num	1	636
cls_0x5a5320	num	1	640
cls_0x5a5320	num	1	644
cls_0x5a5320	num	1	648
cls_0x5a5320	num	1	652
cls_0x5a5320	num	1	656
cls_0x5a5320	num	1	660
cls_0x5a5320	num	1	664
cls_0x5a5320	num	1	668
cls_0x5a5320	num	1	672
cls_0x5a5320	num	1	676
cls_0x5a5320	num	1	68
cls_0x5a5320	num	1	680
cls_0x5a5320	num	1	684
cls_0x5a5320	num	1	688
cls_0x5a5320	num	1	692
cls_0x5a5320	num	1	696
cls_0x5a5320	num	1	700
cls_0x5a5320	num	1	704
cls_0x5a5320	num	1	708
cls_0x5a5320	num	1	712
cls_0x5a5320	num	1	716
cls_0x5a5320	num	1	72
cls_0x5a5320	num	1	720
cls_0x5a5320	num	1	724
cls_0x5a5320	num	1	728
cls_0x5a5320	num	1	732
cls_0x5a5320	num	1	736
cls_0x5a5320	num	1	740
cls_0x5a5320	num	1	744
cls_0x5a5320	num	1	748
cls_0x5a5320	num	1	752
cls_0x5a5320	num	1	756
cls_0x5a5320	num	1	76
cls_0x5a5320	num	1	760
cls_0x5a5320	num	1	764
cls_0x5a5320	num	1	768
cls_0x5a5320	num	1	772
cls_0x5a5320	num	1	776
cls_0x5a5320	num	1	780
cls_0x5a5320	num	1	784
cls_0x5a5320	num	1	788
cls_0x5a5320	num	1	792
cls_0x5a5320	num	1	796
cls_0x5a5320	num	1	800
cls_0x5a5320	num	1	804
cls_0x5a5320	num	1	808
cls_0x5a5320	num	1	812
cls_0x5a5320	num	1	816
cls_0x5a5320	num	1	820
cls_0x5a5320	num	1	824
cls_0x5a5320	num	1	92
cls_0x5a5320	num	1	96
cls_0x5a5320	meth	1	meth_0x44e050:v():91
cls_0x5a5320	meth	1	meth_0x44e460:v():72
cls_0x5a5320	meth	1	meth_0x44e5f0:v():50
cls_0x5a5320	meth	1	meth_0x44e930:v(d,d,d):88
cls_0x5a5320	meth	1	meth_0x44ed50:v(d):15
cls_0x5a5320	meth	1	meth_0x44ee00:v():835
cls_0x5a5320	meth	1	meth_0x450d20:v():55
cls_0x5a5320	meth	1	meth_0x450e40:d(p):95
cls_0x5a5320	meth	1	meth_0x451090:d():91
cls_0x5a5320	meth	1	meth_0x451610:p():91
cls_0x5a5320	meth	1	meth_0x451840:v():84
cls_0x5a5320	meth	1	meth_0x451b10:d():72
cls_0x5a5320	meth	1	meth_0x451cb0:d():42
cls_0x5a5320	meth	1	meth_0x451fe0:v(d,d,d):25
cls_0x5a5320	meth	1	meth_0x452060:d(p,d,d,d,d,d,d):185
cls_0x5a5320	meth	1	meth_0x452520:p(d):67
cls_0x5a5320	meth	1	meth_0x452750:v(p):186
cls_0x5a5320	meth	1	meth_0x453320:v():31
cls_0x5a5320	meth	1	meth_0x453640:v(d):27
cls_0x5a5320	meth	1	meth_0x4536b0:v(p):28
cls_0x5a5320	meth	1	meth_0x453720:v(d,p,d):34
cls_0x5a5320	meth	1	meth_0x4537b0:v():45
cls_0x5a5320	meth	1	meth_0x4538d0:v(d):23
cls_0x5a5320	meth	1	meth_0x453940:v(p,d):30
cls_0x5a5320	meth	1	meth_0x4539d0:v():355
cls_0x5a5320	meth	1	meth_0x4546a0:v():102
cls_0x5a5320	meth	1	meth_0x4548a0:v(p):31
cls_0x5a5320	meth	1	meth_0x454920:v():47
cls_0x5a5320	meth	1	meth_0x454a30:v():12
cls_0x5a5320	meth	1	meth_0x454dd0:v():98
cls_0x5a5320	meth	1	meth_0x4550f0:v():80
cls_0x5a5320	meth	1	meth_0x4552b0:v(d):324
cls_0x5a5320	meth	1	meth_0x455b80:v():37
cls_0x5a5320	meth	1	meth_0x455e40:d():67
cls_0x5a5320	meth	1	meth_0x455f90:v():66
cls_0x5a5320	meth	1	meth_0x4560e0:v():80
cls_0x5a5320	meth	1	meth_0x4562a0:v():27
cls_0x5a5320	meth	1	meth_0x456330:v():28
cls_0x5a5320	meth	1	meth_0x456450:v():119
cls_0x5a5320	meth	1	meth_0x456810:v(p):126
cls_0x5a5320	meth	1	meth_0x456cc0:v():103
cls_0x5a5320	meth	1	meth_0x457300:v():160
cls_0x5a5320	meth	1	meth_0x4576d0:v():65
cls_0x5a5320	meth	1	meth_0x457970:v():68
cls_0x5a5320	meth	1	meth_0x457b30:v():142
cls_0x5a5320	meth	1	meth_0x458750:v():185
cls_0x5a5320	meth	1	meth_0x4590e0:v():66
cls_0x5a5320	meth	1	meth_0x459220:v():59
cls_0x5a5320	meth	1	meth_0x459490:v():131
cls_0x5a5320	meth	1	meth_0x4597b0:v():77
cls_0x5a5320	meth	1	meth_0x459a70:v():51
cls_0x5a5320	meth	1	meth_0x459b80:v():76
cls_0x5a5320	meth	1	meth_0x459f50:d():134
cls_0x5a5320	meth	1	meth_0x45a490:v(d,d):44
cls_0x5a5320	meth	1	meth_0x45a570:v(d,d):51
cls_0x5a5320	meth	1	meth_0x45a990:v(f,f):28
cls_0x5a5320	meth	1	meth_0x45aa10:v(p,p):30
cls_0x5a5320	meth	1	meth_0x45aa80:v():17
cls_0x5a5320	meth	1	meth_0x45abb0:v():84
cls_0x5a5320	meth	1	meth_0x45aec0:v():59
cls_0x5a5320	meth	1	meth_0x45b000:v():27
cls_0x5a5320	meth	1	meth_0x45b080:v():313
cls_0x5a5320	meth	1	meth_0x45b7d0:v(d):246
cls_0x5a5320	meth	1	meth_0x45bd50:v(p):448
cls_0x5a5320	meth	1	meth_0x45c8a0:v():370
cls_0x5a5320	meth	1	meth_0x45d260:v():106
cls_0x5a5320	meth	1	meth_0x45f1e0:v():203
cls_0x5a5320	meth	1	meth_0x47c500:v():25
cls_0x5a5320	meth	1	meth_0x47c550:v():19
cls_0x5a5320	meth	1	meth_0x47c580:v():66
cls_0x5a5320	meth	1	meth_0x47e340:v():23
cls_0x5a5320	meth	1	meth_0x47e3c0:v():23
cls_0x5a5320	meth	1	meth_0x47e500:v():51
cls_0x5a5320	meth	1	meth_0x47e660:d():17
cls_0x5a5320	meth	1	meth_0x47e6b0:d():16
cls_0x5a5320	meth	1	meth_0x47e700:d():17
cls_0x5a5320	meth	1	meth_0x47e850:v():34
cls_0x5a5320	meth	1	meth_0x47e920:d():10
cls_0x5a5320	meth	1	meth_0x47e940:d():10
cls_0x5a5320	meth	1	meth_0x47e950:v():25
cls_0x5a5320	meth	1	meth_0x47ebc0:v():25
cls_0x5a5320	meth	1	meth_0x47ecc0:v():13
cls_0x5a5320	meth	1	meth_0x47ece0:v():13
cls_0x5a5320	meth	1	meth_0x47ed20:d():10
cls_0x5a5320	meth	1	meth_0x47ed40:v():35
cls_0x5a5320	meth	1	meth_0x47ee30:v():32
cls_0x5a5320	meth	1	meth_0x47ef00:v():35
cls_0x5a5320	meth	1	meth_0x47eff0:v():35
cls_0x5a5320	meth	1	meth_0x47f0e0:v():35
cls_0x5a5320	meth	1	meth_0x47f1d0:v():36
cls_0x5a5320	meth	1	meth_0x47f4c0:v(d,d,d):41
cls_0x5a5320	meth	1	meth_0x48ea40:v():33
cls_0x5a5320	meth	1	meth_0x48ead0:d():20
cls_0x5a5320	meth	1	meth_0x48eaf0:d():20
cls_0x5a5320	meth	1	meth_0x48eb00:d():27
cls_0x5a5320	meth	1	meth_0x48ed60:d():23
cls_0x5a5320	meth	1	meth_0x48eea0:d(d):34
cls_0x5a5320	meth	1	meth_0x48efd0:v():32
cls_0x5a5320	meth	1	meth_0x48f040:d(d):48
cls_0x5a5320	meth	1	meth_0x491990:v():493
cls_0x5a5320	meth	1	meth_0x53cab0:v():40
cls_0x5a5320	meth	1	meth_0x53cb40:v():335
cls_0x5a5320	meth	1	meth_0x54a0a0:v():46
cls_0x5a5320	meth	1	meth_0x54a310:v():50
cls_0x5a5320	meth	1	meth_0x54a5d0:v(d,d,d,d,d,d,d,d,d,d,d,d):466
cls_0x5a5320	meth	1	meth_0x54ca20:v():17
cls_0x5a5320	meth	1	meth_0x54ca60:v(d):24
cls_0x5a5320	meth	1	meth_0x54cad0:v():18
cls_0x5a5320	meth	1	meth_0x54cb00:v():42
cls_0x5a5320	meth	1	meth_0x54cbb0:v():65
cls_0x5a5320	meth	1	meth_0x54cd40:v():130
cls_0x5a5320	meth	1	meth_0x54d0c0:v(d,d):38
cls_0x5a5320	meth	1	meth_0x54d1b0:v(d,d):52
cls_0x5a5320	meth	1	meth_0x54d2f0:v():37
cls_0x5a5320	meth	1	meth_0x54d390:v():218
cls_0x5a5320	meth	1	meth_0x54d700:v():319
cls_0x5a5658	sum	1	fields=42 methods=6 lines=1614
cls_0x5a5658	str	24	d__revenant_AutoMap_cpp
cls_0x5a5658	str	4	Error_Blitting_to_automap_overla
cls_0x5a5658	str	2	Couldn_t_initialize_mosaic_surfa
cls_0x5a5658	str	2	Error_putting_to_automap_memory_s
cls_0x5a5658	str	1	Error_putting_bits_to_automap_te
cls_0x5a5658	str	1	sautomaps__d__d__d_bmp
cls_0x5a5658	num	15	0x100
cls_0x5a5658	num	14	0x14
cls_0x5a5658	num	13	0x90
cls_0x5a5658	num	7	0x80000000
cls_0x5a5658	num	6	0x140
cls_0x5a5658	num	6	0x19
cls_0x5a5658	num	6	0x78
cls_0x5a5658	num	5	0x2d
cls_0x5a5658	num	5	0x5c
cls_0x5a5658	num	4	0x12
cls_0x5a5658	num	4	0x130
cls_0x5a5658	num	4	0x74
cls_0x5a5658	num	4	0xdc
cls_0x5a5658	num	4	0xfff0bdc0
cls_0x5a5658	num	3	0x13
cls_0x5a5658	num	3	0x16
cls_0x5a5658	num	3	0x1f
cls_0x5a5658	num	3	0x200
cls_0x5a5658	num	3	0x58
cls_0x5a5658	num	3	80
cls_0x5a5658	num	2	0x18
cls_0x5a5658	num	2	0x201
cls_0x5a5658	num	2	0x2084
cls_0x5a5658	num	2	0x24
cls_0x5a5658	num	2	0x28
cls_0x5a5658	num	2	104
cls_0x5a5658	num	2	108
cls_0x5a5658	num	2	112
cls_0x5a5658	num	2	116
cls_0x5a5658	num	2	120
cls_0x5a5658	num	2	124
cls_0x5a5658	num	2	132
cls_0x5a5658	num	2	136
cls_0x5a5658	num	2	140
cls_0x5a5658	num	2	144
cls_0x5a5658	num	2	148
cls_0x5a5658	num	2	152
cls_0x5a5658	num	2	156
cls_0x5a5658	num	2	160
cls_0x5a5658	num	2	164
cls_0x5a5658	num	2	168
cls_0x5a5658	num	2	20
cls_0x5a5658	num	2	24
cls_0x5a5658	num	2	28
cls_0x5a5658	num	2	72
cls_0x5a5658	num	2	76
cls_0x5a5658	num	2	96
cls_0x5a5658	num	1	00529970
cls_0x5a5658	num	1	0x10b
cls_0x5a5658	num	1	0x1c4
cls_0x5a5658	num	1	0x1e
cls_0x5a5658	num	1	0x1e8480
cls_0x5a5658	num	1	0x2a
cls_0x5a5658	num	1	0x2e13
cls_0x5a5658	num	1	0x34
cls_0x5a5658	num	1	0x3e3
cls_0x5a5658	num	1	0x3e4
cls_0x5a5658	num	1	0x3e5
cls_0x5a5658	num	1	0x3e6
cls_0x5a5658	num	1	0x3e9
cls_0x5a5658	num	1	0x3ec
cls_0x5a5658	num	1	0x3ed
cls_0x5a5658	num	1	0x3ee
cls_0x5a5658	num	1	0x3ef
cls_0x5a5658	num	1	0x3f0
cls_0x5a5658	num	1	0x3f1
cls_0x5a5658	num	1	0x3f2
cls_0x5a5658	num	1	0x3f5
cls_0x5a5658	num	1	0x3f6
cls_0x5a5658	num	1	0x4000884
cls_0x5a5658	num	1	0x403
cls_0x5a5658	num	1	0x406
cls_0x5a5658	num	1	0x407
cls_0x5a5658	num	1	0x408
cls_0x5a5658	num	1	0x409
cls_0x5a5658	num	1	0x40a
cls_0x5a5658	num	1	0x40b
cls_0x5a5658	num	1	0x40c
cls_0x5a5658	num	1	0x43
cls_0x5a5658	num	1	0x44
cls_0x5a5658	num	1	0x48
cls_0x5a5658	num	1	0x50
cls_0x5a5658	num	1	0x5299a4
cls_0x5a5658	num	1	0x5299b0
cls_0x5a5658	num	1	0x5299ef
cls_0x5a5658	num	1	0x529a34
cls_0x5a5658	num	1	0x529a5a
cls_0x5a5658	num	1	0x529ab9
cls_0x5a5658	num	1	0x60
cls_0x5a5658	num	1	0x66e174
cls_0x5a5658	num	1	0x66f340
cls_0x5a5658	num	1	0x66f344
cls_0x5a5658	num	1	0x66f348
cls_0x5a5658	num	1	0x66f34c
cls_0x5a5658	num	1	0x66f350
cls_0x5a5658	num	1	0x66f354
cls_0x5a5658	num	1	0x66f358
cls_0x5a5658	num	1	0x66f36c
cls_0x5a5658	num	1	0x70
cls_0x5a5658	num	1	0x7f7f
cls_0x5a5658	num	1	0x820
cls_0x5a5658	num	1	0xa2
cls_0x5a5658	num	1	0xa4
cls_0x5a5658	num	1	0xb40
cls_0x5a5658	num	1	0xd8
cls_0x5a5658	num	1	172
cls_0x5a5658	num	1	176
cls_0x5a5658	num	1	180
cls_0x5a5658	num	1	184
cls_0x5a5658	num	1	188
cls_0x5a5658	num	1	192
cls_0x5a5658	num	1	196
cls_0x5a5658	num	1	200
cls_0x5a5658	num	1	2000000
cls_0x5a5658	num	1	204
cls_0x5a5658	num	1	208
cls_0x5a5658	num	1	212
cls_0x5a5658	num	1	216
cls_0x5a5658	num	1	220
cls_0x5a5658	num	1	224
cls_0x5a5658	num	1	228
cls_0x5a5658	num	1	232
cls_0x5a5658	num	1	236
cls_0x5a5658	num	1	240
cls_0x5a5658	num	1	244
cls_0x5a5658	num	1	248
cls_0x5a5658	num	1	25
cls_0x5a5658	num	1	268
cls_0x5a5658	num	1	272
cls_0x5a5658	num	1	276
cls_0x5a5658	num	1	280
cls_0x5a5658	num	1	284
cls_0x5a5658	num	1	288
cls_0x5a5658	num	1	300
cls_0x5a5658	num	1	304
cls_0x5a5658	num	1	308
cls_0x5a5658	num	1	312
cls_0x5a5658	num	1	316
cls_0x5a5658	num	1	320
cls_0x5a5658	num	1	324
cls_0x5a5658	num	1	36
cls_0x5a5658	num	1	40
cls_0x5a5658	num	1	44
cls_0x5a5658	num	1	48
cls_0x5a5658	num	1	52
cls_0x5a5658	num	1	56
cls_0x5a5658	num	1	60
cls_0x5a5658	num	1	68
cls_0x5a5658	num	1	84
cls_0x5a5658	num	1	88
cls_0x5a5658	num	1	92
cls_0x5a5658	num	1	999
cls_0x5a5658	meth	1	meth_0x52a620:v():71
cls_0x5a5658	meth	1	meth_0x52a830:v():55
cls_0x5a5658	meth	1	meth_0x52aa70:v():200
cls_0x5a5658	meth	1	meth_0x52af00:v():185
cls_0x5a5658	meth	1	meth_0x52b520:v():167
cls_0x5a5658	meth	1	meth_0x52bdb0:v():247
cls_0x5a5750	sum	1	fields=27 methods=1 lines=547
cls_0x5a5750	str	6	Couldn_t_initialize_mosaic_surfa
cls_0x5a5750	str	1	Equip
cls_0x5a5750	str	1	Spell
cls_0x5a5750	str	1	Stats
cls_0x5a5750	num	7	0x10000
cls_0x5a5750	num	6	0x180010
cls_0x5a5750	num	6	0x23
cls_0x5a5750	num	6	0x24
cls_0x5a5750	num	4	0x80000000
cls_0x5a5750	num	4	0xffff0000
cls_0x5a5750	num	3	0x5c
cls_0x5a5750	num	2	20
cls_0x5a5750	num	2	24
cls_0x5a5750	num	2	28
cls_0x5a5750	num	2	72
cls_0x5a5750	num	2	76
cls_0x5a5750	num	2	80
cls_0x5a5750	num	2	84
cls_0x5a5750	num	2	96
cls_0x5a5750	num	1	0x11
cls_0x5a5750	num	1	0x14
cls_0x5a5750	num	1	0x1f
cls_0x5a5750	num	1	0x27
cls_0x5a5750	num	1	0x4c
cls_0x5a5750	num	1	0x60
cls_0x5a5750	num	1	0x68
cls_0x5a5750	num	1	0x6c
cls_0x5a5750	num	1	0x71
cls_0x5a5750	num	1	0x96
cls_0x5a5750	num	1	0xbb
cls_0x5a5750	num	1	104
cls_0x5a5750	num	1	108
cls_0x5a5750	num	1	112
cls_0x5a5750	num	1	116
cls_0x5a5750	num	1	120
cls_0x5a5750	num	1	124
cls_0x5a5750	num	1	132
cls_0x5a5750	num	1	136
cls_0x5a5750	num	1	140
cls_0x5a5750	num	1	144
cls_0x5a5750	num	1	148
cls_0x5a5750	num	1	152
cls_0x5a5750	num	1	156
cls_0x5a5750	num	1	160
cls_0x5a5750	num	1	164
cls_0x5a5750	num	1	168
cls_0x5a5750	num	1	172
cls_0x5a5750	num	1	176
cls_0x5a5750	num	1	180
cls_0x5a5750	num	1	184
cls_0x5a5750	num	1	36
cls_0x5a5750	num	1	380
cls_0x5a5750	num	1	384
cls_0x5a5750	num	1	388
cls_0x5a5750	num	1	392
cls_0x5a5750	num	1	396
cls_0x5a5750	num	1	40
cls_0x5a5750	num	1	400
cls_0x5a5750	num	1	404
cls_0x5a5750	num	1	408
cls_0x5a5750	num	1	412
cls_0x5a5750	num	1	416
cls_0x5a5750	num	1	420
cls_0x5a5750	num	1	424
cls_0x5a5750	num	1	428
cls_0x5a5750	num	1	44
cls_0x5a5750	num	1	452
cls_0x5a5750	num	1	456
cls_0x5a5750	num	1	48
cls_0x5a5750	num	1	52
cls_0x5a5750	num	1	56
cls_0x5a5750	num	1	60
cls_0x5a5750	num	1	68
cls_0x5a5750	num	1	88
cls_0x5a5750	num	1	92
cls_0x5a5750	meth	1	meth_0x53d8b0:v():67
cls_0x5a5808	sum	1	fields=14 methods=0 lines=283
cls_0x5a5808	num	3	0x3c
cls_0x5a5808	num	3	76
cls_0x5a5808	num	2	0x1a4
cls_0x5a5808	num	2	0x280
cls_0x5a5808	num	2	20
cls_0x5a5808	num	2	24
cls_0x5a5808	num	2	28
cls_0x5a5808	num	2	72
cls_0x5a5808	num	2	80
cls_0x5a5808	num	2	84
cls_0x5a5808	num	1	0x80000000
cls_0x5a5808	num	1	104
cls_0x5a5808	num	1	108
cls_0x5a5808	num	1	112
cls_0x5a5808	num	1	116
cls_0x5a5808	num	1	120
cls_0x5a5808	num	1	124
cls_0x5a5808	num	1	132
cls_0x5a5808	num	1	136
cls_0x5a5808	num	1	140
cls_0x5a5808	num	1	144
cls_0x5a5808	num	1	148
cls_0x5a5808	num	1	152
cls_0x5a5808	num	1	156
cls_0x5a5808	num	1	160
cls_0x5a5808	num	1	164
cls_0x5a5808	num	1	168
cls_0x5a5808	num	1	172
cls_0x5a5808	num	1	176
cls_0x5a5808	num	1	180
cls_0x5a5808	num	1	184
cls_0x5a5808	num	1	36
cls_0x5a5808	num	1	384
cls_0x5a5808	num	1	388
cls_0x5a5808	num	1	392
cls_0x5a5808	num	1	40
cls_0x5a5808	num	1	44
cls_0x5a5808	num	1	48
cls_0x5a5808	num	1	52
cls_0x5a5808	num	1	56
cls_0x5a5808	num	1	60
cls_0x5a5808	num	1	68
cls_0x5a5808	num	1	88
cls_0x5a5808	num	1	92
cls_0x5a5808	num	1	96
cls_0x5a58c0	sum	1	fields=24 methods=0 lines=737
cls_0x5a58c0	str	1	Spell_Pouch
cls_0x5a58c0	str	1	eqslot
cls_0x5a58c0	str	1	scrollleft
cls_0x5a58c0	str	1	scrollright
cls_0x5a58c0	num	10	0x2d
cls_0x5a58c0	num	9	0x2c
cls_0x5a58c0	num	6	0x27
cls_0x5a58c0	num	6	0x2a
cls_0x5a58c0	num	5	0x18
cls_0x5a58c0	num	5	0x58
cls_0x5a58c0	num	5	0xbc
cls_0x5a58c0	num	5	0xd4
cls_0x5a58c0	num	4	0x14
cls_0x5a58c0	num	4	0x7f
cls_0x5a58c0	num	3	0x11
cls_0x5a58c0	num	3	0x130
cls_0x5a58c0	num	3	0xb8
cls_0x5a58c0	num	2	0x132
cls_0x5a58c0	num	2	0x148
cls_0x5a58c0	num	2	0x19
cls_0x5a58c0	num	2	0x1c
cls_0x5a58c0	num	2	0x1c4
cls_0x5a58c0	num	2	0x1d
cls_0x5a58c0	num	2	0x1e
cls_0x5a58c0	num	2	0x2000
cls_0x5a58c0	num	2	0x6c
cls_0x5a58c0	num	2	0x94
cls_0x5a58c0	num	2	0xae
cls_0x5a58c0	num	2	20
cls_0x5a58c0	num	2	24
cls_0x5a58c0	num	2	28
cls_0x5a58c0	num	2	72
cls_0x5a58c0	num	2	76
cls_0x5a58c0	num	2	80
cls_0x5a58c0	num	2	84
cls_0x5a58c0	num	1	00537650
cls_0x5a58c0	num	1	00537940
cls_0x5a58c0	num	1	00537980
cls_0x5a58c0	num	1	00538210
cls_0x5a58c0	num	1	0x66f8c4
cls_0x5a58c0	num	1	0x66f8c8
cls_0x5a58c0	num	1	0x8c
cls_0x5a58c0	num	1	0xa1
cls_0x5a58c0	num	1	0xfe
cls_0x5a58c0	num	1	104
cls_0x5a58c0	num	1	108
cls_0x5a58c0	num	1	112
cls_0x5a58c0	num	1	116
cls_0x5a58c0	num	1	120
cls_0x5a58c0	num	1	124
cls_0x5a58c0	num	1	132
cls_0x5a58c0	num	1	136
cls_0x5a58c0	num	1	140
cls_0x5a58c0	num	1	144
cls_0x5a58c0	num	1	148
cls_0x5a58c0	num	1	152
cls_0x5a58c0	num	1	156
cls_0x5a58c0	num	1	160
cls_0x5a58c0	num	1	164
cls_0x5a58c0	num	1	168
cls_0x5a58c0	num	1	172
cls_0x5a58c0	num	1	176
cls_0x5a58c0	num	1	180
cls_0x5a58c0	num	1	184
cls_0x5a58c0	num	1	36
cls_0x5a58c0	num	1	380
cls_0x5a58c0	num	1	384
cls_0x5a58c0	num	1	388
cls_0x5a58c0	num	1	392
cls_0x5a58c0	num	1	396
cls_0x5a58c0	num	1	40
cls_0x5a58c0	num	1	400
cls_0x5a58c0	num	1	404
cls_0x5a58c0	num	1	408
cls_0x5a58c0	num	1	412
cls_0x5a58c0	num	1	416
cls_0x5a58c0	num	1	420
cls_0x5a58c0	num	1	424
cls_0x5a58c0	num	1	428
cls_0x5a58c0	num	1	44
cls_0x5a58c0	num	1	48
cls_0x5a58c0	num	1	52
cls_0x5a58c0	num	1	56
cls_0x5a58c0	num	1	60
cls_0x5a58c0	num	1	68
cls_0x5a58c0	num	1	88
cls_0x5a58c0	num	1	92
cls_0x5a58c0	num	1	96
cls_0x5a5978	sum	1	fields=17 methods=0 lines=300
cls_0x5a5978	str	1	spell
cls_0x5a5978	num	4	0x148
cls_0x5a5978	num	3	0x14
cls_0x5a5978	num	3	0xa6
cls_0x5a5978	num	2	0x12
cls_0x5a5978	num	2	0x132
cls_0x5a5978	num	2	0x1a
cls_0x5a5978	num	2	0x1c4
cls_0x5a5978	num	2	0xae
cls_0x5a5978	num	2	0xbc
cls_0x5a5978	num	2	20
cls_0x5a5978	num	2	24
cls_0x5a5978	num	2	28
cls_0x5a5978	num	2	72
cls_0x5a5978	num	2	76
cls_0x5a5978	num	2	80
cls_0x5a5978	num	2	84
cls_0x5a5978	num	1	00488460
cls_0x5a5978	num	1	00488540
cls_0x5a5978	num	1	0x150
cls_0x5a5978	num	1	0x16
cls_0x5a5978	num	1	0x18
cls_0x5a5978	num	1	0x24
cls_0x5a5978	num	1	0x25
cls_0x5a5978	num	1	0x52
cls_0x5a5978	num	1	0x70
cls_0x5a5978	num	1	0x88
cls_0x5a5978	num	1	0x8e
cls_0x5a5978	num	1	0x8f
cls_0x5a5978	num	1	0xa4
cls_0x5a5978	num	1	104
cls_0x5a5978	num	1	108
cls_0x5a5978	num	1	112
cls_0x5a5978	num	1	116
cls_0x5a5978	num	1	120
cls_0x5a5978	num	1	124
cls_0x5a5978	num	1	132
cls_0x5a5978	num	1	136
cls_0x5a5978	num	1	140
cls_0x5a5978	num	1	144
cls_0x5a5978	num	1	148
cls_0x5a5978	num	1	152
cls_0x5a5978	num	1	156
cls_0x5a5978	num	1	160
cls_0x5a5978	num	1	164
cls_0x5a5978	num	1	168
cls_0x5a5978	num	1	172
cls_0x5a5978	num	1	176
cls_0x5a5978	num	1	180
cls_0x5a5978	num	1	184
cls_0x5a5978	num	1	36
cls_0x5a5978	num	1	380
cls_0x5a5978	num	1	384
cls_0x5a5978	num	1	388
cls_0x5a5978	num	1	392
cls_0x5a5978	num	1	396
cls_0x5a5978	num	1	40
cls_0x5a5978	num	1	400
cls_0x5a5978	num	1	44
cls_0x5a5978	num	1	48
cls_0x5a5978	num	1	52
cls_0x5a5978	num	1	56
cls_0x5a5978	num	1	60
cls_0x5a5978	num	1	68
cls_0x5a5978	num	1	88
cls_0x5a5978	num	1	92
cls_0x5a5978	num	1	96
cls_0x5a5a30	sum	1	fields=14 methods=0 lines=329
cls_0x5a5a30	num	4	0x150
cls_0x5a5a30	num	2	0x1a4
cls_0x5a5a30	num	2	0x1c
cls_0x5a5a30	num	2	0x280
cls_0x5a5a30	num	2	0x3c
cls_0x5a5a30	num	2	20
cls_0x5a5a30	num	2	24
cls_0x5a5a30	num	2	28
cls_0x5a5a30	num	2	72
cls_0x5a5a30	num	2	76
cls_0x5a5a30	num	2	80
cls_0x5a5a30	num	2	84
cls_0x5a5a30	num	1	00488580
cls_0x5a5a30	num	1	00544000
cls_0x5a5a30	num	1	00544160
cls_0x5a5a30	num	1	0x18
cls_0x5a5a30	num	1	0xf81f
cls_0x5a5a30	num	1	0xffff8400
cls_0x5a5a30	num	1	0xfffffffb
cls_0x5a5a30	num	1	104
cls_0x5a5a30	num	1	108
cls_0x5a5a30	num	1	112
cls_0x5a5a30	num	1	116
cls_0x5a5a30	num	1	120
cls_0x5a5a30	num	1	124
cls_0x5a5a30	num	1	132
cls_0x5a5a30	num	1	136
cls_0x5a5a30	num	1	140
cls_0x5a5a30	num	1	144
cls_0x5a5a30	num	1	148
cls_0x5a5a30	num	1	152
cls_0x5a5a30	num	1	156
cls_0x5a5a30	num	1	160
cls_0x5a5a30	num	1	164
cls_0x5a5a30	num	1	168
cls_0x5a5a30	num	1	172
cls_0x5a5a30	num	1	176
cls_0x5a5a30	num	1	180
cls_0x5a5a30	num	1	184
cls_0x5a5a30	num	1	36
cls_0x5a5a30	num	1	380
cls_0x5a5a30	num	1	396
cls_0x5a5a30	num	1	40
cls_0x5a5a30	num	1	400
cls_0x5a5a30	num	1	44
cls_0x5a5a30	num	1	48
cls_0x5a5a30	num	1	52
cls_0x5a5a30	num	1	56
cls_0x5a5a30	num	1	60
cls_0x5a5a30	num	1	68
cls_0x5a5a30	num	1	88
cls_0x5a5a30	num	1	92
cls_0x5a5a30	num	1	96
cls_0x5a5ba0	sum	1	fields=26 methods=0 lines=412
cls_0x5a5ba0	str	2	page1
cls_0x5a5ba0	str	1	Unable_to_load_STATPANE_DEF
cls_0x5a5ba0	str	1	statpane_def
cls_0x5a5ba0	num	2	0x132
cls_0x5a5ba0	num	2	0x1c4
cls_0x5a5ba0	num	2	0xbc
cls_0x5a5ba0	num	2	20
cls_0x5a5ba0	num	2	24
cls_0x5a5ba0	num	2	28
cls_0x5a5ba0	num	2	72
cls_0x5a5ba0	num	2	76
cls_0x5a5ba0	num	2	80
cls_0x5a5ba0	num	2	84
cls_0x5a5ba0	num	1	00488910
cls_0x5a5ba0	num	1	00488970
cls_0x5a5ba0	num	1	00549010
cls_0x5a5ba0	num	1	0x670648
cls_0x5a5ba0	num	1	0x6c
cls_0x5a5ba0	num	1	0x78
cls_0x5a5ba0	num	1	0x9c
cls_0x5a5ba0	num	1	0xa0
cls_0x5a5ba0	num	1	104
cls_0x5a5ba0	num	1	108
cls_0x5a5ba0	num	1	112
cls_0x5a5ba0	num	1	116
cls_0x5a5ba0	num	1	120
cls_0x5a5ba0	num	1	124
cls_0x5a5ba0	num	1	132
cls_0x5a5ba0	num	1	136
cls_0x5a5ba0	num	1	140
cls_0x5a5ba0	num	1	144
cls_0x5a5ba0	num	1	148
cls_0x5a5ba0	num	1	152
cls_0x5a5ba0	num	1	156
cls_0x5a5ba0	num	1	160
cls_0x5a5ba0	num	1	164
cls_0x5a5ba0	num	1	168
cls_0x5a5ba0	num	1	172
cls_0x5a5ba0	num	1	176
cls_0x5a5ba0	num	1	180
cls_0x5a5ba0	num	1	184
cls_0x5a5ba0	num	1	188
cls_0x5a5ba0	num	1	192
cls_0x5a5ba0	num	1	36
cls_0x5a5ba0	num	1	380
cls_0x5a5ba0	num	1	384
cls_0x5a5ba0	num	1	388
cls_0x5a5ba0	num	1	392
cls_0x5a5ba0	num	1	396
cls_0x5a5ba0	num	1	40
cls_0x5a5ba0	num	1	400
cls_0x5a5ba0	num	1	404
cls_0x5a5ba0	num	1	408
cls_0x5a5ba0	num	1	412
cls_0x5a5ba0	num	1	416
cls_0x5a5ba0	num	1	420
cls_0x5a5ba0	num	1	424
cls_0x5a5ba0	num	1	428
cls_0x5a5ba0	num	1	432
cls_0x5a5ba0	num	1	436
cls_0x5a5ba0	num	1	44
cls_0x5a5ba0	num	1	48
cls_0x5a5ba0	num	1	52
cls_0x5a5ba0	num	1	56
cls_0x5a5ba0	num	1	60
cls_0x5a5ba0	num	1	68
cls_0x5a5ba0	num	1	88
cls_0x5a5ba0	num	1	92
cls_0x5a5ba0	num	1	96
cls_0x5a5c60	sum	1	fields=22 methods=0 lines=519
cls_0x5a5c60	num	4	0x17
cls_0x5a5c60	num	2	0x14
cls_0x5a5c60	num	2	0x16
cls_0x5a5c60	num	2	0x3fffffff
cls_0x5a5c60	num	2	20
cls_0x5a5c60	num	2	24
cls_0x5a5c60	num	2	28
cls_0x5a5c60	num	2	72
cls_0x5a5c60	num	2	76
cls_0x5a5c60	num	2	80
cls_0x5a5c60	num	2	84
cls_0x5a5c60	num	2	96
cls_0x5a5c60	num	1	00535060
cls_0x5a5c60	num	1	00535120
cls_0x5a5c60	num	1	00535500
cls_0x5a5c60	num	1	00535550
cls_0x5a5c60	num	1	00535610
cls_0x5a5c60	num	1	00535760
cls_0x5a5c60	num	1	0x30
cls_0x5a5c60	num	1	0x37
cls_0x5a5c60	num	1	0x40a
cls_0x5a5c60	num	1	104
cls_0x5a5c60	num	1	108
cls_0x5a5c60	num	1	112
cls_0x5a5c60	num	1	116
cls_0x5a5c60	num	1	120
cls_0x5a5c60	num	1	124
cls_0x5a5c60	num	1	132
cls_0x5a5c60	num	1	136
cls_0x5a5c60	num	1	140
cls_0x5a5c60	num	1	144
cls_0x5a5c60	num	1	148
cls_0x5a5c60	num	1	152
cls_0x5a5c60	num	1	156
cls_0x5a5c60	num	1	160
cls_0x5a5c60	num	1	164
cls_0x5a5c60	num	1	168
cls_0x5a5c60	num	1	172
cls_0x5a5c60	num	1	176
cls_0x5a5c60	num	1	180
cls_0x5a5c60	num	1	184
cls_0x5a5c60	num	1	36
cls_0x5a5c60	num	1	40
cls_0x5a5c60	num	1	404
cls_0x5a5c60	num	1	408
cls_0x5a5c60	num	1	44
cls_0x5a5c60	num	1	440
cls_0x5a5c60	num	1	472
cls_0x5a5c60	num	1	476
cls_0x5a5c60	num	1	48
cls_0x5a5c60	num	1	484
cls_0x5a5c60	num	1	488
cls_0x5a5c60	num	1	492
cls_0x5a5c60	num	1	496
cls_0x5a5c60	num	1	52
cls_0x5a5c60	num	1	56
cls_0x5a5c60	num	1	60
cls_0x5a5c60	num	1	68
cls_0x5a5c60	num	1	88
cls_0x5a5c60	num	1	92
cls_0x5a5d18	sum	1	fields=6 methods=0 lines=249
cls_0x5a5d18	str	1	MenuExit
cls_0x5a5d18	str	1	MenuLoadGame
cls_0x5a5d18	str	1	MenuMulti
cls_0x5a5d18	str	1	MenuNewGame
cls_0x5a5d18	str	1	MenuOptions
cls_0x5a5d18	str	1	cursor
cls_0x5a5d18	str	1	menus_dat
cls_0x5a5d18	num	10	0x14
cls_0x5a5d18	num	5	0x148
cls_0x5a5d18	num	2	112
cls_0x5a5d18	num	1	0x17c
cls_0x5a5d18	num	1	0x30
cls_0x5a5d18	num	1	0x53a2ed
cls_0x5a5d18	num	1	0x53a2f2
cls_0x5a5d18	num	1	0x53a317
cls_0x5a5d18	num	1	0x53a31d
cls_0x5a5d18	num	1	0x60
cls_0x5a5d18	num	1	0x7c
cls_0x5a5d18	num	1	116
cls_0x5a5d18	num	1	120
cls_0x5a5d18	num	1	124
cls_0x5a5d18	num	1	136
cls_0x5a5d18	num	1	140
cls_0x5a5d18	num	1	20
cls_0x5a5d18	num	1	24
cls_0x5a5d18	num	1	28
cls_0x5a5d18	num	1	36
cls_0x5a5d18	num	1	40
cls_0x5a5d18	num	1	44
cls_0x5a5d18	num	1	48
cls_0x5a5d18	num	1	52
cls_0x5a5d18	num	1	56
cls_0x5a5d18	num	1	60
cls_0x5a5d18	num	1	68
cls_0x5a5d18	num	1	72
cls_0x5a5d18	num	1	76
cls_0x5a5d64	sum	1	fields=28 methods=8 lines=987
cls_0x5a5d64	str	1	BuySellActivate
cls_0x5a5d64	str	1	BuySellDown
cls_0x5a5d64	str	1	BuySellExit
cls_0x5a5d64	str	1	BuySellUp
cls_0x5a5d64	str	1	SaleType
cls_0x5a5d64	str	1	buysell_dat
cls_0x5a5d64	num	13	0x48
cls_0x5a5d64	num	9	0x12
cls_0x5a5d64	num	4	0x148
cls_0x5a5d64	num	4	0x1c
cls_0x5a5d64	num	4	0xffffffdf
cls_0x5a5d64	num	3	400
cls_0x5a5d64	num	2	0x11
cls_0x5a5d64	num	2	0x12e
cls_0x5a5d64	num	2	0x15
cls_0x5a5d64	num	2	0x1c4
cls_0x5a5d64	num	2	0xb2
cls_0x5a5d64	num	2	18
cls_0x5a5d64	num	2	20
cls_0x5a5d64	num	2	24
cls_0x5a5d64	num	2	28
cls_0x5a5d64	num	2	72
cls_0x5a5d64	num	2	76
cls_0x5a5d64	num	2	80
cls_0x5a5d64	num	2	84
cls_0x5a5d64	num	1	00489070
cls_0x5a5d64	num	1	00530600
cls_0x5a5d64	num	1	00530670
cls_0x5a5d64	num	1	00533040
cls_0x5a5d64	num	1	00588400
cls_0x5a5d64	num	1	0x100
cls_0x5a5d64	num	1	0x18
cls_0x5a5d64	num	1	0x198
cls_0x5a5d64	num	1	0x1f
cls_0x5a5d64	num	1	0x26
cls_0x5a5d64	num	1	0x28
cls_0x5a5d64	num	1	0x2b
cls_0x5a5d64	num	1	0x31
cls_0x5a5d64	num	1	0x32
cls_0x5a5d64	num	1	0x33
cls_0x5a5d64	num	1	0x41
cls_0x5a5d64	num	1	0x42
cls_0x5a5d64	num	1	0x45
cls_0x5a5d64	num	1	0x55
cls_0x5a5d64	num	1	0x56
cls_0x5a5d64	num	1	0x57
cls_0x5a5d64	num	1	0x62
cls_0x5a5d64	num	1	0x76
cls_0x5a5d64	num	1	0x78
cls_0x5a5d64	num	1	0x7f
cls_0x5a5d64	num	1	0x81
cls_0x5a5d64	num	1	0x82
cls_0x5a5d64	num	1	0xae
cls_0x5a5d64	num	1	0xd4
cls_0x5a5d64	num	1	104
cls_0x5a5d64	num	1	108
cls_0x5a5d64	num	1	112
cls_0x5a5d64	num	1	116
cls_0x5a5d64	num	1	120
cls_0x5a5d64	num	1	124
cls_0x5a5d64	num	1	132
cls_0x5a5d64	num	1	136
cls_0x5a5d64	num	1	140
cls_0x5a5d64	num	1	144
cls_0x5a5d64	num	1	148
cls_0x5a5d64	num	1	152
cls_0x5a5d64	num	1	156
cls_0x5a5d64	num	1	160
cls_0x5a5d64	num	1	164
cls_0x5a5d64	num	1	168
cls_0x5a5d64	num	1	172
cls_0x5a5d64	num	1	176
cls_0x5a5d64	num	1	180
cls_0x5a5d64	num	1	184
cls_0x5a5d64	num	1	199
cls_0x5a5d64	num	1	36
cls_0x5a5d64	num	1	380
cls_0x5a5d64	num	1	384
cls_0x5a5d64	num	1	388
cls_0x5a5d64	num	1	392
cls_0x5a5d64	num	1	396
cls_0x5a5d64	num	1	40
cls_0x5a5d64	num	1	404
cls_0x5a5d64	num	1	406
cls_0x5a5d64	num	1	408
cls_0x5a5d64	num	1	412
cls_0x5a5d64	num	1	416
cls_0x5a5d64	num	1	420
cls_0x5a5d64	num	1	424
cls_0x5a5d64	num	1	428
cls_0x5a5d64	num	1	432
cls_0x5a5d64	num	1	436
cls_0x5a5d64	num	1	44
cls_0x5a5d64	num	1	440
cls_0x5a5d64	num	1	48
cls_0x5a5d64	num	1	52
cls_0x5a5d64	num	1	56
cls_0x5a5d64	num	1	60
cls_0x5a5d64	num	1	68
cls_0x5a5d64	num	1	88
cls_0x5a5d64	num	1	92
cls_0x5a5d64	num	1	96
cls_0x5a5d64	meth	1	meth_0x530670:v(d):225
cls_0x5a5d64	meth	1	meth_0x531d70:v():133
cls_0x5a5d64	meth	1	meth_0x532fb0:v(d):15
cls_0x5a5d64	meth	1	meth_0x532fe0:v():54
cls_0x5a5d64	meth	1	meth_0x533040:v():54
cls_0x5a5d64	meth	1	meth_0x5883e0:v():13
cls_0x5a5d64	meth	1	meth_0x5883f0:v():13
cls_0x5a5d64	meth	1	meth_0x588400:d():10
cls_0x5a5e1c	sum	1	fields=39 methods=0 lines=318
cls_0x5a5e1c	str	1	mpingame
cls_0x5a5e1c	str	1	playlistpanel
cls_0x5a5e1c	num	3	0x1e0
cls_0x5a5e1c	num	3	0x280
cls_0x5a5e1c	num	2	0x14
cls_0x5a5e1c	num	2	0x1c
cls_0x5a5e1c	num	2	0x3001f
cls_0x5a5e1c	num	2	0x38
cls_0x5a5e1c	num	2	20
cls_0x5a5e1c	num	2	24
cls_0x5a5e1c	num	2	28
cls_0x5a5e1c	num	2	72
cls_0x5a5e1c	num	2	76
cls_0x5a5e1c	num	2	80
cls_0x5a5e1c	num	2	84
cls_0x5a5e1c	num	1	00465760
cls_0x5a5e1c	num	1	00465850
cls_0x5a5e1c	num	1	00489110
cls_0x5a5e1c	num	1	00489150
cls_0x5a5e1c	num	1	0x11
cls_0x5a5e1c	num	1	0x18
cls_0x5a5e1c	num	1	0x1c2
cls_0x5a5e1c	num	1	0x41
cls_0x5a5e1c	num	1	0xa0
cls_0x5a5e1c	num	1	0xd4
cls_0x5a5e1c	num	1	104
cls_0x5a5e1c	num	1	108
cls_0x5a5e1c	num	1	112
cls_0x5a5e1c	num	1	116
cls_0x5a5e1c	num	1	120
cls_0x5a5e1c	num	1	124
cls_0x5a5e1c	num	1	132
cls_0x5a5e1c	num	1	136
cls_0x5a5e1c	num	1	140
cls_0x5a5e1c	num	1	144
cls_0x5a5e1c	num	1	148
cls_0x5a5e1c	num	1	152
cls_0x5a5e1c	num	1	156
cls_0x5a5e1c	num	1	160
cls_0x5a5e1c	num	1	164
cls_0x5a5e1c	num	1	168
cls_0x5a5e1c	num	1	172
cls_0x5a5e1c	num	1	176
cls_0x5a5e1c	num	1	180
cls_0x5a5e1c	num	1	184
cls_0x5a5e1c	num	1	36
cls_0x5a5e1c	num	1	380
cls_0x5a5e1c	num	1	384
cls_0x5a5e1c	num	1	388
cls_0x5a5e1c	num	1	392
cls_0x5a5e1c	num	1	40
cls_0x5a5e1c	num	1	44
cls_0x5a5e1c	num	1	441
cls_0x5a5e1c	num	1	442
cls_0x5a5e1c	num	1	457
cls_0x5a5e1c	num	1	460
cls_0x5a5e1c	num	1	464
cls_0x5a5e1c	num	1	48
cls_0x5a5e1c	num	1	484
cls_0x5a5e1c	num	1	500
cls_0x5a5e1c	num	1	52
cls_0x5a5e1c	num	1	532
cls_0x5a5e1c	num	1	56
cls_0x5a5e1c	num	1	596
cls_0x5a5e1c	num	1	60
cls_0x5a5e1c	num	1	636
cls_0x5a5e1c	num	1	68
cls_0x5a5e1c	num	1	680
cls_0x5a5e1c	num	1	684
cls_0x5a5e1c	num	1	688
cls_0x5a5e1c	num	1	692
cls_0x5a5e1c	num	1	696
cls_0x5a5e1c	num	1	700
cls_0x5a5e1c	num	1	704
cls_0x5a5e1c	num	1	708
cls_0x5a5e1c	num	1	712
cls_0x5a5e1c	num	1	716
cls_0x5a5e1c	num	1	720
cls_0x5a5e1c	num	1	724
cls_0x5a5e1c	num	1	728
cls_0x5a5e1c	num	1	732
cls_0x5a5e1c	num	1	88
cls_0x5a5e1c	num	1	92
cls_0x5a5e1c	num	1	96
cls_0x5a5ed4	sum	1	fields=13 methods=9 lines=1194
cls_0x5a5ed4	num	45	0x24
cls_0x5a5ed4	num	16	0x11
cls_0x5a5ed4	num	16	0x3c
cls_0x5a5ed4	num	8	0x1c
cls_0x5a5ed4	num	7	0x18
cls_0x5a5ed4	num	4	0x44
cls_0x5a5ed4	num	2	0x14
cls_0x5a5ed4	num	2	0x28
cls_0x5a5ed4	num	2	0x2c
cls_0x5a5ed4	num	2	0x4c
cls_0x5a5ed4	num	2	0x50
cls_0x5a5ed4	num	2	0x58
cls_0x5a5ed4	num	2	0x5c
cls_0x5a5ed4	num	2	0x6c
cls_0x5a5ed4	num	2	0x70
cls_0x5a5ed4	num	2	0x74
cls_0x5a5ed4	num	2	24
cls_0x5a5ed4	num	2	28
cls_0x5a5ed4	num	2	68
cls_0x5a5ed4	num	2	72
cls_0x5a5ed4	num	2	76
cls_0x5a5ed4	num	1	00487460
cls_0x5a5ed4	num	1	00490030
cls_0x5a5ed4	num	1	00490660
cls_0x5a5ed4	num	1	00490760
cls_0x5a5ed4	num	1	00490860
cls_0x5a5ed4	num	1	00490960
cls_0x5a5ed4	num	1	00491870
cls_0x5a5ed4	num	1	00492060
cls_0x5a5ed4	num	1	0x100000
cls_0x5a5ed4	num	1	0x103
cls_0x5a5ed4	num	1	0x2800080
cls_0x5a5ed4	num	1	0x77
cls_0x5a5ed4	num	1	0x78
cls_0x5a5ed4	num	1	104
cls_0x5a5ed4	num	1	108
cls_0x5a5ed4	num	1	112
cls_0x5a5ed4	num	1	20
cls_0x5a5ed4	num	1	36
cls_0x5a5ed4	num	1	40
cls_0x5a5ed4	num	1	44
cls_0x5a5ed4	num	1	48
cls_0x5a5ed4	num	1	52
cls_0x5a5ed4	num	1	56
cls_0x5a5ed4	num	1	60
cls_0x5a5ed4	num	1	80
cls_0x5a5ed4	num	1	84
cls_0x5a5ed4	num	1	88
cls_0x5a5ed4	num	1	92
cls_0x5a5ed4	num	1	96
cls_0x5a5ed4	meth	1	meth_0x48f0f0:v():22
cls_0x5a5ed4	meth	1	meth_0x48f180:v():85
cls_0x5a5ed4	meth	1	meth_0x48f340:v():52
cls_0x5a5ed4	meth	1	meth_0x48f450:v():51
cls_0x5a5ed4	meth	1	meth_0x48f560:v():54
cls_0x5a5ed4	meth	1	meth_0x48f680:v():42
cls_0x5a5ed4	meth	1	meth_0x48f760:v():61
cls_0x5a5ed4	meth	1	meth_0x48f950:v(d,d):45
cls_0x5a5ed4	meth	1	meth_0x48fcc0:v(d):575
cls_0x5a5ff0	sum	1	fields=4 methods=7 lines=252
cls_0x5a5ff0	str	1	Output_Stream_Overrun
cls_0x5a5ff0	api	1	_strncpy
cls_0x5a5ff0	num	1	20
cls_0x5a5ff0	meth	1	meth_0x4779d0:v():15
cls_0x5a5ff0	meth	1	meth_0x477c90:p():19
cls_0x5a5ff0	meth	1	meth_0x477cd0:p():54
cls_0x5a5ff0	meth	1	meth_0x49cc70:v():21
cls_0x5a5ff0	meth	1	meth_0x49ccc0:p():41
cls_0x5a5ff0	meth	1	meth_0x49cd50:d(p):38
cls_0x5a5ff0	meth	1	meth_0x49cdd0:d():36
cls_0x5a67e8	sum	1	fields=2 methods=0 lines=247
cls_0x5a67e8	str	2	d__revenant_Display_cpp
cls_0x5a67e8	num	2	0x60
cls_0x5a67e8	num	2	0x6c
cls_0x5a67e8	num	2	0x7789fe3e
cls_0x5a67e8	num	2	0x7f7f
cls_0x5a67e8	num	2	0x80000000
cls_0x5a67e8	num	2	144
cls_0x5a67e8	num	1	0x168
cls_0x5a67e8	num	1	0x16f
cls_0x5a67e8	num	1	0x66a2f8
cls_0x5a67e8	num	1	104
cls_0x5a67e8	num	1	108
cls_0x5a67e8	num	1	112
cls_0x5a67e8	num	1	148
cls_0x5a67e8	num	1	152
cls_0x5a67e8	num	1	20
cls_0x5a67e8	num	1	24
cls_0x5a67e8	num	1	28
cls_0x5a67e8	num	1	36
cls_0x5a67e8	num	1	40
cls_0x5a67e8	num	1	44
cls_0x5a67e8	num	1	48
cls_0x5a67e8	num	1	52
cls_0x5a67e8	num	1	56
cls_0x5a67e8	num	1	60
cls_0x5a67e8	num	1	68
cls_0x5a67e8	num	1	72
cls_0x5a67e8	num	1	76
cls_0x5a67e8	num	1	80
cls_0x5a67e8	num	1	84
cls_0x5a67e8	num	1	88
cls_0x5a67e8	num	1	92
cls_0x5a67e8	num	1	96
cls_0x5a6858	sum	1	fields=0 methods=4 lines=655
cls_0x5a6858	str	2	Multisurface_sizes_don_t_match
cls_0x5a6858	num	6	0x48
cls_0x5a6858	num	5	0x78
cls_0x5a6858	num	3	0x44
cls_0x5a6858	num	3	0x8000
cls_0x5a6858	num	2	0x18
cls_0x5a6858	num	2	0x200000
cls_0x5a6858	num	2	0x80000
cls_0x5a6858	num	2	144
cls_0x5a6858	num	1	0x1000
cls_0x5a6858	num	1	0x10000
cls_0x5a6858	num	1	0x1e
cls_0x5a6858	num	1	0x200
cls_0x5a6858	num	1	0x20000
cls_0x5a6858	num	1	0x200e00
cls_0x5a6858	num	1	0x2c
cls_0x5a6858	num	1	0x30000
cls_0x5a6858	num	1	0x38
cls_0x5a6858	num	1	0x400
cls_0x5a6858	num	1	0x40000
cls_0x5a6858	num	1	0x400000
cls_0x5a6858	num	1	0x40000000
cls_0x5a6858	num	1	0x6c
cls_0x5a6858	num	1	0x800
cls_0x5a6858	num	1	0x800000
cls_0x5a6858	num	1	0xfff87fff
cls_0x5a6858	num	1	0xfffdffff
cls_0x5a6858	num	1	0xffffe19a
cls_0x5a6858	num	1	0xfffff7ff
cls_0x5a6858	num	1	104
cls_0x5a6858	num	1	20
cls_0x5a6858	num	1	24
cls_0x5a6858	num	1	28
cls_0x5a6858	num	1	36
cls_0x5a6858	num	1	40
cls_0x5a6858	num	1	44
cls_0x5a6858	num	1	48
cls_0x5a6858	num	1	52
cls_0x5a6858	num	1	56
cls_0x5a6858	num	1	60
cls_0x5a6858	num	1	68
cls_0x5a6858	num	1	72
cls_0x5a6858	num	1	76
cls_0x5a6858	num	1	80
cls_0x5a6858	num	1	84
cls_0x5a6858	num	1	88
cls_0x5a6858	num	1	92
cls_0x5a6858	num	1	96
cls_0x5a6858	meth	1	meth_0x4a5fe0:v():62
cls_0x5a6858	meth	1	meth_0x4bad80:d(d,d,p,p):280
cls_0x5a6858	meth	1	meth_0x4bb440:d(d,d,d,d,d,d):241
cls_0x5a6858	meth	1	meth_0x4bcb50:v():23
cls_0x5a68d8	sum	1	fields=34 methods=20 lines=2350
cls_0x5a68d8	str	2	d__revenant_DDSurface_cpp
cls_0x5a68d8	str	2	d__revenant_Surface_cpp
cls_0x5a68d8	str	1	Can_t_clear_a_video_surface_text
cls_0x5a68d8	str	1	Can_t_create_DDSurface_with_non_p
cls_0x5a68d8	str	1	Can_t_draw_text_in_video_surface
cls_0x5a68d8	str	1	Couldn_t_allocate_video_surface
cls_0x5a68d8	str	1	Invalid_TDDSurface_initialize_fl
cls_0x5a68d8	str	1	Non_16_bit_z_buffers_not_support
cls_0x5a68d8	str	1	Not_enough_video_memory_for_text
cls_0x5a68d8	str	1	Unable_to_allocate_surface
cls_0x5a68d8	str	1	Unable_to_blit_from_different_si
cls_0x5a68d8	api	16	_param_3
cls_0x5a68d8	api	6	_param_1
cls_0x5a68d8	api	6	_param_5
cls_0x5a68d8	api	5	_param_2
cls_0x5a68d8	api	4	DrawTextA
cls_0x5a68d8	api	4	LPRECT
cls_0x5a68d8	api	1	LPPOINT
cls_0x5a68d8	api	1	UINT
cls_0x5a68d8	num	12	0x1f
cls_0x5a68d8	num	10	0x400
cls_0x5a68d8	num	9	0x18
cls_0x5a68d8	num	9	0x38
cls_0x5a68d8	num	8	0x1000
cls_0x5a68d8	num	8	0x200
cls_0x5a68d8	num	8	0x30
cls_0x5a68d8	num	8	0x80000000
cls_0x5a68d8	num	7	0x24
cls_0x5a68d8	num	7	0x800
cls_0x5a68d8	num	6	0x14
cls_0x5a68d8	num	6	0x54
cls_0x5a68d8	num	5	0x78
cls_0x5a68d8	num	4	0x100
cls_0x5a68d8	num	4	0x200000
cls_0x5a68d8	num	4	0x34
cls_0x5a68d8	num	4	0x80000
cls_0x5a68d8	num	3	0x15
cls_0x5a68d8	num	3	0x20000
cls_0x5a68d8	num	3	0x2c
cls_0x5a68d8	num	3	0x4000
cls_0x5a68d8	num	3	0x400000
cls_0x5a68d8	num	3	0x41
cls_0x5a68d8	num	3	0x6c
cls_0x5a68d8	num	3	0x8000
cls_0x5a68d8	num	3	0xffffffdf
cls_0x5a68d8	num	3	24
cls_0x5a68d8	num	3	36
cls_0x5a68d8	num	2	0x10000
cls_0x5a68d8	num	2	0x100000
cls_0x5a68d8	num	2	0x12
cls_0x5a68d8	num	2	0x16
cls_0x5a68d8	num	2	0x17
cls_0x5a68d8	num	2	0x19
cls_0x5a68d8	num	2	0x2000
cls_0x5a68d8	num	2	0x28
cls_0x5a68d8	num	2	0x3001f
cls_0x5a68d8	num	2	0x3e0
cls_0x5a68d8	num	2	0x40000
cls_0x5a68d8	num	2	0x44
cls_0x5a68d8	num	2	0x48
cls_0x5a68d8	num	2	0x50
cls_0x5a68d8	num	2	0x5c
cls_0x5a68d8	num	2	0x60
cls_0x5a68d8	num	2	0x68
cls_0x5a68d8	num	2	0x7c
cls_0x5a68d8	num	2	0x7c00
cls_0x5a68d8	num	2	0x7f7f
cls_0x5a68d8	num	2	0x800000
cls_0x5a68d8	num	2	0xf000
cls_0x5a68d8	num	2	0xf800
cls_0x5a68d8	num	2	0xff00
cls_0x5a68d8	num	2	0xff0000
cls_0x5a68d8	num	2	0xffffc3ff
cls_0x5a68d8	num	2	0xffffdfef
cls_0x5a68d8	num	2	0xffffff7f
cls_0x5a68d8	num	2	10000
cls_0x5a68d8	num	2	104
cls_0x5a68d8	num	2	108
cls_0x5a68d8	num	2	20
cls_0x5a68d8	num	2	28
cls_0x5a68d8	num	2	40
cls_0x5a68d8	num	2	44
cls_0x5a68d8	num	2	48
cls_0x5a68d8	num	2	52
cls_0x5a68d8	num	2	56
cls_0x5a68d8	num	2	60
cls_0x5a68d8	num	2	68
cls_0x5a68d8	num	2	72
cls_0x5a68d8	num	2	76
cls_0x5a68d8	num	2	80
cls_0x5a68d8	num	2	84
cls_0x5a68d8	num	2	88
cls_0x5a68d8	num	2	92
cls_0x5a68d8	num	2	96
cls_0x5a68d8	num	1	0x10000000
cls_0x5a68d8	num	1	0x100007
cls_0x5a68d8	num	1	0x10e
cls_0x5a68d8	num	1	0x11
cls_0x5a68d8	num	1	0x18000
cls_0x5a68d8	num	1	0x19a
cls_0x5a68d8	num	1	0x1c
cls_0x5a68d8	num	1	0x20000000
cls_0x5a68d8	num	1	0x270
cls_0x5a68d8	num	1	0x2810
cls_0x5a68d8	num	1	0x2811
cls_0x5a68d8	num	1	0x2812
cls_0x5a68d8	num	1	0x3000
cls_0x5a68d8	num	1	0x30006
cls_0x5a68d8	num	1	0x38f
cls_0x5a68d8	num	1	0x3cc
cls_0x5a68d8	num	1	0x40000000
cls_0x5a68d8	num	1	0x4001000
cls_0x5a68d8	num	1	0x4be30c
cls_0x5a68d8	num	1	0x4be32b
cls_0x5a68d8	num	1	0x4be385
cls_0x5a68d8	num	1	0x4be420
cls_0x5a68d8	num	1	0x4be6f1
cls_0x5a68d8	num	1	0x4beb4b
cls_0x5a68d8	num	1	0x4bec6c
cls_0x5a68d8	num	1	0x4befbd
cls_0x5a68d8	num	1	0x58
cls_0x5a68d8	num	1	0x70
cls_0x5a68d8	num	1	0x7789fde4
cls_0x5a68d8	num	1	0x7789fe3e
cls_0x5a68d8	num	1	0x7e0
cls_0x5a68d8	num	1	0x7f
cls_0x5a68d8	num	1	0x7fffffff
cls_0x5a68d8	num	1	0x8000000
cls_0x5a68d8	num	1	0x800400
cls_0x5a68d8	num	1	0x9c
cls_0x5a68d8	num	1	0xcfffbfff
cls_0x5a68d8	num	1	0xdc
cls_0x5a68d8	num	1	0xf0
cls_0x5a68d8	num	1	0xf00
cls_0x5a68d8	num	1	0xff000000
cls_0x5a68d8	num	1	0xfffe
cls_0x5a68d8	num	1	0xffffbfff
cls_0x5a68d8	num	1	0xffffcfff
cls_0x5a68d8	num	1	0xffffefff
cls_0x5a68d8	num	1	0xfffffbff
cls_0x5a68d8	num	1	0xfffffebf
cls_0x5a68d8	num	1	0xffffffbf
cls_0x5a68d8	num	1	112
cls_0x5a68d8	num	1	116
cls_0x5a68d8	num	1	120
cls_0x5a68d8	num	1	132
cls_0x5a68d8	num	1	136
cls_0x5a68d8	num	1	140
cls_0x5a68d8	num	1	144
cls_0x5a68d8	num	1	17
cls_0x5a68d8	num	1	82
cls_0x5a68d8	meth	1	meth_0x438df0:v(d,d,d,d,d,d,d,d,d):60
cls_0x5a68d8	meth	1	meth_0x438ed0:v(d,d,d,b,d,d):20
cls_0x5a68d8	meth	1	meth_0x4a39a0:v(d,d):50
cls_0x5a68d8	meth	1	meth_0x4a3a40:v():45
cls_0x5a68d8	meth	1	meth_0x4a5740:v(d,d):259
cls_0x5a68d8	meth	1	meth_0x4a5ca0:v(p):50
cls_0x5a68d8	meth	1	meth_0x4a5dc0:v():104
cls_0x5a68d8	meth	1	meth_0x4a9b50:v():14
cls_0x5a68d8	meth	1	meth_0x4a9c90:v():45
cls_0x5a68d8	meth	1	meth_0x4a9ee0:d():43
cls_0x5a68d8	meth	1	meth_0x4bb5c0:v(d,d):101
cls_0x5a68d8	meth	1	meth_0x4bb870:d(p):23
cls_0x5a68d8	meth	1	meth_0x4bb950:d(d):126
cls_0x5a68d8	meth	1	meth_0x4bc7e0:v(p,d):495
cls_0x5a68d8	meth	1	meth_0x4bd5e0:v(d,d,d,d,d,d,d):14
cls_0x5a68d8	meth	1	meth_0x4bd680:v(d,d,p,d):25
cls_0x5a68d8	meth	1	meth_0x4bda20:v(d,d,p,d):17
cls_0x5a68d8	meth	1	meth_0x4bdc50:v(d,w,d,p,d):35
cls_0x5a68d8	meth	1	meth_0x4be110:d(p,d,d,d,d,d,d,d,d,d,d):65
cls_0x5a68d8	meth	1	meth_0x4be2b0:d(d,d,d,p,d,p):607
cls_0x5a6b68	sum	1	fields=0 methods=0 lines=737
cls_0x5a6b68	num	12	0x1e
cls_0x5a6b68	num	12	0x1f
cls_0x5a6b68	num	6	0x66a938
cls_0x5a6b68	num	6	0x66b99c
cls_0x5a6b68	num	6	0x80000000
cls_0x5a6b68	num	6	0x8000000f
cls_0x5a6b68	num	6	0xfffffff0
cls_0x5a6b68	num	3	276
cls_0x5a6b68	num	1	0x8008
cls_0x5a6b68	num	1	0xe0
cls_0x5a6b68	num	1	104
cls_0x5a6b68	num	1	108
cls_0x5a6b68	num	1	112
cls_0x5a6b68	num	1	116
cls_0x5a6b68	num	1	120
cls_0x5a6b68	num	1	124
cls_0x5a6b68	num	1	132
cls_0x5a6b68	num	1	136
cls_0x5a6b68	num	1	140
cls_0x5a6b68	num	1	144
cls_0x5a6b68	num	1	148
cls_0x5a6b68	num	1	152
cls_0x5a6b68	num	1	156
cls_0x5a6b68	num	1	160
cls_0x5a6b68	num	1	164
cls_0x5a6b68	num	1	168
cls_0x5a6b68	num	1	172
cls_0x5a6b68	num	1	176
cls_0x5a6b68	num	1	180
cls_0x5a6b68	num	1	184
cls_0x5a6b68	num	1	188
cls_0x5a6b68	num	1	192
cls_0x5a6b68	num	1	196
cls_0x5a6b68	num	1	20
cls_0x5a6b68	num	1	200
cls_0x5a6b68	num	1	204
cls_0x5a6b68	num	1	208
cls_0x5a6b68	num	1	212
cls_0x5a6b68	num	1	216
cls_0x5a6b68	num	1	220
cls_0x5a6b68	num	1	224
cls_0x5a6b68	num	1	228
cls_0x5a6b68	num	1	232
cls_0x5a6b68	num	1	236
cls_0x5a6b68	num	1	24
cls_0x5a6b68	num	1	240
cls_0x5a6b68	num	1	244
cls_0x5a6b68	num	1	248
cls_0x5a6b68	num	1	252
cls_0x5a6b68	num	1	260
cls_0x5a6b68	num	1	264
cls_0x5a6b68	num	1	268
cls_0x5a6b68	num	1	272
cls_0x5a6b68	num	1	28
cls_0x5a6b68	num	1	280
cls_0x5a6b68	num	1	284
cls_0x5a6b68	num	1	288
cls_0x5a6b68	num	1	292
cls_0x5a6b68	num	1	296
cls_0x5a6b68	num	1	300
cls_0x5a6b68	num	1	304
cls_0x5a6b68	num	1	308
cls_0x5a6b68	num	1	312
cls_0x5a6b68	num	1	316
cls_0x5a6b68	num	1	320
cls_0x5a6b68	num	1	324
cls_0x5a6b68	num	1	328
cls_0x5a6b68	num	1	332
cls_0x5a6b68	num	1	336
cls_0x5a6b68	num	1	340
cls_0x5a6b68	num	1	344
cls_0x5a6b68	num	1	348
cls_0x5a6b68	num	1	352
cls_0x5a6b68	num	1	356
cls_0x5a6b68	num	1	36
cls_0x5a6b68	num	1	360
cls_0x5a6b68	num	1	364
cls_0x5a6b68	num	1	368
cls_0x5a6b68	num	1	372
cls_0x5a6b68	num	1	376
cls_0x5a6b68	num	1	380
cls_0x5a6b68	num	1	384
cls_0x5a6b68	num	1	388
cls_0x5a6b68	num	1	392
cls_0x5a6b68	num	1	396
cls_0x5a6b68	num	1	40
cls_0x5a6b68	num	1	400
cls_0x5a6b68	num	1	404
cls_0x5a6b68	num	1	408
cls_0x5a6b68	num	1	412
cls_0x5a6b68	num	1	416
cls_0x5a6b68	num	1	420
cls_0x5a6b68	num	1	424
cls_0x5a6b68	num	1	428
cls_0x5a6b68	num	1	432
cls_0x5a6b68	num	1	436
cls_0x5a6b68	num	1	44
cls_0x5a6b68	num	1	440
cls_0x5a6b68	num	1	444
cls_0x5a6b68	num	1	448
cls_0x5a6b68	num	1	452
cls_0x5a6b68	num	1	456
cls_0x5a6b68	num	1	460
cls_0x5a6b68	num	1	464
cls_0x5a6b68	num	1	468
cls_0x5a6b68	num	1	472
cls_0x5a6b68	num	1	476
cls_0x5a6b68	num	1	48
cls_0x5a6b68	num	1	480
cls_0x5a6b68	num	1	484
cls_0x5a6b68	num	1	488
cls_0x5a6b68	num	1	492
cls_0x5a6b68	num	1	496
cls_0x5a6b68	num	1	500
cls_0x5a6b68	num	1	504
cls_0x5a6b68	num	1	508
cls_0x5a6b68	num	1	516
cls_0x5a6b68	num	1	52
cls_0x5a6b68	num	1	520
cls_0x5a6b68	num	1	524
cls_0x5a6b68	num	1	528
cls_0x5a6b68	num	1	532
cls_0x5a6b68	num	1	536
cls_0x5a6b68	num	1	540
cls_0x5a6b68	num	1	544
cls_0x5a6b68	num	1	548
cls_0x5a6b68	num	1	56
cls_0x5a6b68	num	1	60
cls_0x5a6b68	num	1	68
cls_0x5a6b68	num	1	72
cls_0x5a6b68	num	1	76
cls_0x5a6b68	num	1	80
cls_0x5a6b68	num	1	84
cls_0x5a6b68	num	1	88
cls_0x5a6b68	num	1	92
cls_0x5a6b68	num	1	96
cls_0x5a761c	sum	1	fields=6 methods=0 lines=311
cls_0x5a761c	num	2	0xcc
cls_0x5a761c	num	2	252
cls_0x5a761c	num	2	368
cls_0x5a761c	num	2	372
cls_0x5a761c	num	2	384
cls_0x5a761c	num	1	0x24
cls_0x5a761c	num	1	0x2a
cls_0x5a761c	num	1	0x2a0
cls_0x5a761c	num	1	0x3fffffff
cls_0x5a761c	num	1	0x800000
cls_0x5a761c	num	1	104
cls_0x5a761c	num	1	108
cls_0x5a761c	num	1	112
cls_0x5a761c	num	1	116
cls_0x5a761c	num	1	120
cls_0x5a761c	num	1	124
cls_0x5a761c	num	1	132
cls_0x5a761c	num	1	136
cls_0x5a761c	num	1	140
cls_0x5a761c	num	1	144
cls_0x5a761c	num	1	148
cls_0x5a761c	num	1	152
cls_0x5a761c	num	1	156
cls_0x5a761c	num	1	160
cls_0x5a761c	num	1	164
cls_0x5a761c	num	1	168
cls_0x5a761c	num	1	172
cls_0x5a761c	num	1	176
cls_0x5a761c	num	1	180
cls_0x5a761c	num	1	184
cls_0x5a761c	num	1	188
cls_0x5a761c	num	1	192
cls_0x5a761c	num	1	196
cls_0x5a761c	num	1	20
cls_0x5a761c	num	1	200
cls_0x5a761c	num	1	204
cls_0x5a761c	num	1	208
cls_0x5a761c	num	1	212
cls_0x5a761c	num	1	216
cls_0x5a761c	num	1	220
cls_0x5a761c	num	1	224
cls_0x5a761c	num	1	228
cls_0x5a761c	num	1	232
cls_0x5a761c	num	1	236
cls_0x5a761c	num	1	24
cls_0x5a761c	num	1	240
cls_0x5a761c	num	1	244
cls_0x5a761c	num	1	248
cls_0x5a761c	num	1	260
cls_0x5a761c	num	1	264
cls_0x5a761c	num	1	268
cls_0x5a761c	num	1	272
cls_0x5a761c	num	1	276
cls_0x5a761c	num	1	28
cls_0x5a761c	num	1	280
cls_0x5a761c	num	1	284
cls_0x5a761c	num	1	288
cls_0x5a761c	num	1	292
cls_0x5a761c	num	1	296
cls_0x5a761c	num	1	300
cls_0x5a761c	num	1	304
cls_0x5a761c	num	1	308
cls_0x5a761c	num	1	312
cls_0x5a761c	num	1	316
cls_0x5a761c	num	1	320
cls_0x5a761c	num	1	324
cls_0x5a761c	num	1	328
cls_0x5a761c	num	1	332
cls_0x5a761c	num	1	336
cls_0x5a761c	num	1	340
cls_0x5a761c	num	1	344
cls_0x5a761c	num	1	348
cls_0x5a761c	num	1	352
cls_0x5a761c	num	1	356
cls_0x5a761c	num	1	36
cls_0x5a761c	num	1	360
cls_0x5a761c	num	1	364
cls_0x5a761c	num	1	376
cls_0x5a761c	num	1	380
cls_0x5a761c	num	1	388
cls_0x5a761c	num	1	392
cls_0x5a761c	num	1	396
cls_0x5a761c	num	1	40
cls_0x5a761c	num	1	400
cls_0x5a761c	num	1	404
cls_0x5a761c	num	1	408
cls_0x5a761c	num	1	412
cls_0x5a761c	num	1	416
cls_0x5a761c	num	1	420
cls_0x5a761c	num	1	424
cls_0x5a761c	num	1	428
cls_0x5a761c	num	1	432
cls_0x5a761c	num	1	436
cls_0x5a761c	num	1	44
cls_0x5a761c	num	1	440
cls_0x5a761c	num	1	444
cls_0x5a761c	num	1	448
cls_0x5a761c	num	1	452
cls_0x5a761c	num	1	456
cls_0x5a761c	num	1	460
cls_0x5a761c	num	1	464
cls_0x5a761c	num	1	468
cls_0x5a761c	num	1	472
cls_0x5a761c	num	1	476
cls_0x5a761c	num	1	48
cls_0x5a761c	num	1	480
cls_0x5a761c	num	1	484
cls_0x5a761c	num	1	488
cls_0x5a761c	num	1	492
cls_0x5a761c	num	1	496
cls_0x5a761c	num	1	500
cls_0x5a761c	num	1	504
cls_0x5a761c	num	1	508
cls_0x5a761c	num	1	516
cls_0x5a761c	num	1	52
cls_0x5a761c	num	1	520
cls_0x5a761c	num	1	524
cls_0x5a761c	num	1	528
cls_0x5a761c	num	1	532
cls_0x5a761c	num	1	536
cls_0x5a761c	num	1	540
cls_0x5a761c	num	1	544
cls_0x5a761c	num	1	548
cls_0x5a761c	num	1	552
cls_0x5a761c	num	1	556
cls_0x5a761c	num	1	56
cls_0x5a761c	num	1	60
cls_0x5a761c	num	1	644
cls_0x5a761c	num	1	660
cls_0x5a761c	num	1	664
cls_0x5a761c	num	1	68
cls_0x5a761c	num	1	72
cls_0x5a761c	num	1	76
cls_0x5a761c	num	1	80
cls_0x5a761c	num	1	84
cls_0x5a761c	num	1	88
cls_0x5a761c	num	1	92
cls_0x5a761c	num	1	96
cls_0x5a7b98	sum	1	fields=84 methods=106 lines=16582
cls_0x5a7b98	str	12	bowrun
cls_0x5a7b98	str	12	combat
cls_0x5a7b98	str	11	combatrun
cls_0x5a7b98	str	11	fakedead
cls_0x5a7b98	str	11	handrun
cls_0x5a7b98	str	8	combat_to_fakedead
cls_0x5a7b98	str	8	sneak
cls_0x5a7b98	str	6	combat_to_stunned
cls_0x5a7b98	str	5	blood
cls_0x5a7b98	str	4	fakedead_to_walk
cls_0x5a7b98	str	4	skywalk
cls_0x5a7b98	str	4	sleeping
cls_0x5a7b98	str	4	stunned
cls_0x5a7b98	str	3	INITIALIZE
cls_0x5a7b98	str	3	String
cls_0x5a7b98	str	3	combat_to_cdead
cls_0x5a7b98	str	3	combatf
cls_0x5a7b98	str	3	pissedoff
cls_0x5a7b98	str	3	s__s
cls_0x5a7b98	str	3	skywalk_to_combat
cls_0x5a7b98	str	3	skywalkf
cls_0x5a7b98	str	3	sleeping_to_combat
cls_0x5a7b98	str	3	walkf
cls_0x5a7b98	str	2	BASEGLANCE
cls_0x5a7b98	str	2	EqSlot
cls_0x5a7b98	str	2	Value
cls_0x5a7b98	str	2	cdead
cls_0x5a7b98	str	2	combat_to_skywalk
cls_0x5a7b98	str	2	i__s__s
cls_0x5a7b98	str	2	impact
cls_0x5a7b98	str	2	onfire
cls_0x5a7b98	str	2	sidestep
cls_0x5a7b98	str	2	stunned_to_combat
cls_0x5a7b98	str	2	sunsetflipper
cls_0x5a7b98	str	2	waypoint
cls_0x5a7b98	str	1	Appear_Error___s__s
cls_0x5a7b98	str	1	Arakna
cls_0x5a7b98	str	1	Araknid
cls_0x5a7b98	str	1	Armor
cls_0x5a7b98	str	1	Artikulid
cls_0x5a7b98	str	1	BASEDOUBLE
cls_0x5a7b98	str	1	BASEFATIGUE
cls_0x5a7b98	str	1	BASEHIT
cls_0x5a7b98	str	1	BASEMINOR
cls_0x5a7b98	str	1	BASESMALL
cls_0x5a7b98	str	1	Blood
cls_0x5a7b98	str	1	EFFECT
cls_0x5a7b98	str	1	ForBreakTable
cls_0x5a7b98	str	1	Interactive
cls_0x5a7b98	str	1	Invalid_fighting_action
cls_0x5a7b98	str	1	Jhaga
cls_0x5a7b98	str	1	Locke
cls_0x5a7b98	str	1	Recluse
cls_0x5a7b98	str	1	SPLCASTFAIL
cls_0x5a7b98	str	1	SPLCASTOK
cls_0x5a7b98	str	1	STATCFG_s
cls_0x5a7b98	str	1	Solifuge
cls_0x5a7b98	str	1	Yhagoro
cls_0x5a7b98	str	1	armor
cls_0x5a7b98	str	1	atkimpale
cls_0x5a7b98	str	1	atkimpale_to_walk
cls_0x5a7b98	str	1	attackpct
cls_0x5a7b98	str	1	blockimpact
cls_0x5a7b98	str	1	bowshoot
cls_0x5a7b98	str	1	cheera
cls_0x5a7b98	str	1	cheerb
cls_0x5a7b98	str	1	cheerc
cls_0x5a7b98	str	1	cinv2
cls_0x5a7b98	str	1	collapse
cls_0x5a7b98	str	1	combat_to_dead
cls_0x5a7b98	str	1	combat_to_ripinhalfed
cls_0x5a7b98	str	1	combatflash
cls_0x5a7b98	str	1	damage
cls_0x5a7b98	str	1	decapdeath
cls_0x5a7b98	str	1	defensepct
cls_0x5a7b98	str	1	enemy
cls_0x5a7b98	str	1	eqslot
cls_0x5a7b98	str	1	equipeffect
cls_0x5a7b98	str	1	impale
cls_0x5a7b98	str	1	impimpale
cls_0x5a7b98	str	1	jtele
cls_0x5a7b98	str	1	jteled
cls_0x5a7b98	str	1	maxfatigue
cls_0x5a7b98	str	1	maxhealth
cls_0x5a7b98	str	1	maxmana
cls_0x5a7b98	str	1	pouch
cls_0x5a7b98	str	1	ringwall
cls_0x5a7b98	str	1	ripkilldeath
cls_0x5a7b98	str	1	s_INITIALIZE
cls_0x5a7b98	str	1	s_____s___d
cls_0x5a7b98	str	1	s_____s___d______s___d
cls_0x5a7b98	str	1	s__s___s__s
cls_0x5a7b98	str	1	s__s__s
cls_0x5a7b98	str	1	s__s__s__d__s__d__s__d
cls_0x5a7b98	str	1	sparks
cls_0x5a7b98	str	1	stealth
cls_0x5a7b98	str	1	walk_to_dead
cls_0x5a7b98	str	1	watcha
cls_0x5a7b98	str	1	watchb
cls_0x5a7b98	str	1	watchc
cls_0x5a7b98	api	9	_param_1
cls_0x5a7b98	api	7	_param_3
cls_0x5a7b98	api	3	_param_4
cls_0x5a7b98	api	3	_strncpy
cls_0x5a7b98	num	99	0x60
cls_0x5a7b98	num	79	0x19
cls_0x5a7b98	num	70	0x24
cls_0x5a7b98	num	47	0x1f
cls_0x5a7b98	num	45	0x44
cls_0x5a7b98	num	45	0x48
cls_0x5a7b98	num	39	0x14
cls_0x5a7b98	num	35	0x4c
cls_0x5a7b98	num	34	0x18
cls_0x5a7b98	num	32	0x80000
cls_0x5a7b98	num	29	0x2000000
cls_0x5a7b98	num	29	0x28
cls_0x5a7b98	num	28	0x11
cls_0x5a7b98	num	27	0x2c
cls_0x5a7b98	num	25	0x5c
cls_0x5a7b98	num	24	0x1a
cls_0x5a7b98	num	24	10000
cls_0x5a7b98	num	23	0x30
cls_0x5a7b98	num	22	0x100
cls_0x5a7b98	num	21	0xffffffef
cls_0x5a7b98	num	19	0x38
cls_0x5a7b98	num	18	0x17
cls_0x5a7b98	num	17	0x13
cls_0x5a7b98	num	17	0x1c
cls_0x5a7b98	num	17	0x36
cls_0x5a7b98	num	16	0x15
cls_0x5a7b98	num	16	0x32
cls_0x5a7b98	num	15	0x7f
cls_0x5a7b98	num	13	0x200
cls_0x5a7b98	num	13	0x8c
cls_0x5a7b98	num	12	0x1e
cls_0x5a7b98	num	12	0x54
cls_0x5a7b98	num	10	0x3c
cls_0x5a7b98	num	10	0x400
cls_0x5a7b98	num	10	0x50
cls_0x5a7b98	num	10	0x58
cls_0x5a7b98	num	10	0xcc
cls_0x5a7b98	num	9	0x12
cls_0x5a7b98	num	9	0x16
cls_0x5a7b98	num	9	0x208
cls_0x5a7b98	num	8	0x10000
cls_0x5a7b98	num	8	0x21
cls_0x5a7b98	num	8	0x90
cls_0x5a7b98	num	8	0xe0
cls_0x5a7b98	num	8	200
cls_0x5a7b98	num	7	0x40000
cls_0x5a7b98	num	7	0xfffffffe
cls_0x5a7b98	num	6	0x2000
cls_0x5a7b98	num	6	0x214
cls_0x5a7b98	num	6	0x800
cls_0x5a7b98	num	6	0xfffffdff
cls_0x5a7b98	num	6	50000
cls_0x5a7b98	num	5	0x1f0
cls_0x5a7b98	num	5	0x2800000
cls_0x5a7b98	num	5	0x34
cls_0x5a7b98	num	5	0x3a
cls_0x5a7b98	num	5	0x4000
cls_0x5a7b98	num	5	0x41
cls_0x5a7b98	num	5	0x7c
cls_0x5a7b98	num	5	0x7ffff
cls_0x5a7b98	num	5	0x8000
cls_0x5a7b98	num	5	0xf0
cls_0x5a7b98	num	5	0xffffffdf
cls_0x5a7b98	num	5	0xfffffffb
cls_0x5a7b98	num	5	0xfffffffd
cls_0x5a7b98	num	4	0x1000
cls_0x5a7b98	num	4	0x1b8
cls_0x5a7b98	num	4	0x1c0
cls_0x5a7b98	num	4	0x218
cls_0x5a7b98	num	4	0x27
cls_0x5a7b98	num	4	0x66cad8
cls_0x5a7b98	num	4	0x69
cls_0x5a7b98	num	4	0x70
cls_0x5a7b98	num	4	0x800000
cls_0x5a7b98	num	4	0xa0
cls_0x5a7b98	num	4	0xc0
cls_0x5a7b98	num	4	0xd8
cls_0x5a7b98	num	3	0x1000000
cls_0x5a7b98	num	3	0x164
cls_0x5a7b98	num	3	0x1c4
cls_0x5a7b98	num	3	0x1e0
cls_0x5a7b98	num	3	0x1ec
cls_0x5a7b98	num	3	0x26
cls_0x5a7b98	num	3	0x33
cls_0x5a7b98	num	3	0x3f000000
cls_0x5a7b98	num	3	0x40400000
cls_0x5a7b98	num	3	0x4b
cls_0x5a7b98	num	3	0x5a0
cls_0x5a7b98	num	3	0x5b
cls_0x5a7b98	num	3	0x65d878
cls_0x5a7b98	num	3	0x78
cls_0x5a7b98	num	3	0x88
cls_0x5a7b98	num	3	0xa5
cls_0x5a7b98	num	3	0xdc
cls_0x5a7b98	num	3	0xffff7fff
cls_0x5a7b98	num	3	0xffffffbf
cls_0x5a7b98	num	3	0xffffffcf
cls_0x5a7b98	num	3	20
cls_0x5a7b98	num	3	276
cls_0x5a7b98	num	3	40
cls_0x5a7b98	num	3	400
cls_0x5a7b98	num	2	0x10000000
cls_0x5a7b98	num	2	0x10b
cls_0x5a7b98	num	2	0x110
cls_0x5a7b98	num	2	0x114
cls_0x5a7b98	num	2	0x158
cls_0x5a7b98	num	2	0x188
cls_0x5a7b98	num	2	0x1a8
cls_0x5a7b98	num	2	0x1d
cls_0x5a7b98	num	2	0x1e4
cls_0x5a7b98	num	2	0x1e8
cls_0x5a7b98	num	2	0x20000
cls_0x5a7b98	num	2	0x210
cls_0x5a7b98	num	2	0x22
cls_0x5a7b98	num	2	0x23
cls_0x5a7b98	num	2	0x29
cls_0x5a7b98	num	2	0x2f
cls_0x5a7b98	num	2	0x300
cls_0x5a7b98	num	2	0x3d
cls_0x5a7b98	num	2	0x3dcccccd
cls_0x5a7b98	num	2	0x3e4ccccd
cls_0x5a7b98	num	2	0x3f800000
cls_0x5a7b98	num	2	0x42
cls_0x5a7b98	num	2	0x420
cls_0x5a7b98	num	2	0x43
cls_0x5a7b98	num	2	0x464
cls_0x5a7b98	num	2	0x478
cls_0x5a7b98	num	2	0x65
cls_0x5a7b98	num	2	0x7fffffff
cls_0x5a7b98	num	2	0x82
cls_0x5a7b98	num	2	0x84
cls_0x5a7b98	num	2	0x98
cls_0x5a7b98	num	2	0xc4
cls_0x5a7b98	num	2	0xe8
cls_0x5a7b98	num	2	0xf8
cls_0x5a7b98	num	2	0xfffbffff
cls_0x5a7b98	num	2	0xffffff7f
cls_0x5a7b98	num	2	0xffffffe0
cls_0x5a7b98	num	2	0xfffffff9
cls_0x5a7b98	num	2	104
cls_0x5a7b98	num	2	2000
cls_0x5a7b98	num	2	24
cls_0x5a7b98	num	2	280
cls_0x5a7b98	num	2	284
cls_0x5a7b98	num	2	288
cls_0x5a7b98	num	2	292
cls_0x5a7b98	num	2	296
cls_0x5a7b98	num	2	300
cls_0x5a7b98	num	2	304
cls_0x5a7b98	num	2	308
cls_0x5a7b98	num	2	312
cls_0x5a7b98	num	2	316
cls_0x5a7b98	num	2	320
cls_0x5a7b98	num	2	324
cls_0x5a7b98	num	2	328
cls_0x5a7b98	num	2	332
cls_0x5a7b98	num	2	336
cls_0x5a7b98	num	2	340
cls_0x5a7b98	num	2	344
cls_0x5a7b98	num	2	348
cls_0x5a7b98	num	2	352
cls_0x5a7b98	num	2	356
cls_0x5a7b98	num	2	36
cls_0x5a7b98	num	2	360
cls_0x5a7b98	num	2	364
cls_0x5a7b98	num	2	368
cls_0x5a7b98	num	2	392
cls_0x5a7b98	num	2	404
cls_0x5a7b98	num	2	408
cls_0x5a7b98	num	2	412
cls_0x5a7b98	num	2	416
cls_0x5a7b98	num	2	420
cls_0x5a7b98	num	2	424
cls_0x5a7b98	num	2	428
cls_0x5a7b98	num	2	432
cls_0x5a7b98	num	2	436
cls_0x5a7b98	num	2	44
cls_0x5a7b98	num	2	440
cls_0x5a7b98	num	2	444
cls_0x5a7b98	num	2	448
cls_0x5a7b98	num	2	452
cls_0x5a7b98	num	2	456
cls_0x5a7b98	num	2	500
cls_0x5a7b98	num	2	544
cls_0x5a7b98	num	2	548
cls_0x5a7b98	num	2	600
cls_0x5a7b98	num	2	800
cls_0x5a7b98	num	1	00429990
cls_0x5a7b98	num	1	00470040
cls_0x5a7b98	num	1	00470110
cls_0x5a7b98	num	1	00473900
cls_0x5a7b98	num	1	00473990
cls_0x5a7b98	num	1	00519230
cls_0x5a7b98	num	1	00519300
cls_0x5a7b98	num	1	00519500
cls_0x5a7b98	num	1	0x004ca445
cls_0x5a7b98	num	1	0x004cc031
cls_0x5a7b98	num	1	0x004cc0bc
cls_0x5a7b98	num	1	0x004cc230
cls_0x5a7b98	num	1	0x004ce00b
cls_0x5a7b98	num	1	0x004ce019
cls_0x5a7b98	num	1	0x004d66b5
cls_0x5a7b98	num	1	0x100000
cls_0x5a7b98	num	1	0x10a
cls_0x5a7b98	num	1	0x11c
cls_0x5a7b98	num	1	0x12f
cls_0x5a7b98	num	1	0x15c
cls_0x5a7b98	num	1	0x15e
cls_0x5a7b98	num	1	0x186a0
cls_0x5a7b98	num	1	0x198
cls_0x5a7b98	num	1	0x19c
cls_0x5a7b98	num	1	0x1ac
cls_0x5a7b98	num	1	0x1b
cls_0x5a7b98	num	1	0x1b0
cls_0x5a7b98	num	1	0x1c8
cls_0x5a7b98	num	1	0x1cc
cls_0x5a7b98	num	1	0x1f8
cls_0x5a7b98	num	1	0x1fc
cls_0x5a7b98	num	1	0x23c
cls_0x5a7b98	num	1	0x244
cls_0x5a7b98	num	1	0x28000
cls_0x5a7b98	num	1	0x2a0
cls_0x5a7b98	num	1	0x2b
cls_0x5a7b98	num	1	0x2d
cls_0x5a7b98	num	1	0x2f8
cls_0x5a7b98	num	1	0x31ffff
cls_0x5a7b98	num	1	0x35
cls_0x5a7b98	num	1	0x37
cls_0x5a7b98	num	1	0x39
cls_0x5a7b98	num	1	0x3b
cls_0x5a7b98	num	1	0x3e
cls_0x5a7b98	num	1	0x3e800000
cls_0x5a7b98	num	1	0x3ec
cls_0x5a7b98	num	1	0x3fffffff
cls_0x5a7b98	num	1	0x400000
cls_0x5a7b98	num	1	0x4000000
cls_0x5a7b98	num	1	0x418
cls_0x5a7b98	num	1	0x438
cls_0x5a7b98	num	1	0x440
cls_0x5a7b98	num	1	0x448
cls_0x5a7b98	num	1	0x44c
cls_0x5a7b98	num	1	0x450
cls_0x5a7b98	num	1	0x458
cls_0x5a7b98	num	1	0x45c
cls_0x5a7b98	num	1	0x46
cls_0x5a7b98	num	1	0x48c
cls_0x5a7b98	num	1	0x49
cls_0x5a7b98	num	1	0x4a0
cls_0x5a7b98	num	1	0x4c665a
cls_0x5a7b98	num	1	0x4c66ff
cls_0x5a7b98	num	1	0x4c6776
cls_0x5a7b98	num	1	0x4ce760
cls_0x5a7b98	num	1	0x4db593
cls_0x5a7b98	num	1	0x4db5a2
cls_0x5a7b98	num	1	0x51
cls_0x5a7b98	num	1	0x5f
cls_0x5a7b98	num	1	0x60000
cls_0x5a7b98	num	1	0x620
cls_0x5a7b98	num	1	0x664
cls_0x5a7b98	num	1	0x66cadc
cls_0x5a7b98	num	1	0x72
cls_0x5a7b98	num	1	0x73
cls_0x5a7b98	num	1	0x77
cls_0x5a7b98	num	1	0x7e
cls_0x5a7b98	num	1	0x8000000
cls_0x5a7b98	num	1	0x80000000
cls_0x5a7b98	num	1	0x80000001
cls_0x5a7b98	num	1	0x800c
cls_0x5a7b98	num	1	0x81
cls_0x5a7b98	num	1	0x820
cls_0x5a7b98	num	1	0x830
cls_0x5a7b98	num	1	0x87
cls_0x5a7b98	num	1	0x96
cls_0x5a7b98	num	1	0x9f
cls_0x5a7b98	num	1	0xa8
cls_0x5a7b98	num	1	0xb4
cls_0x5a7b98	num	1	0xb8
cls_0x5a7b98	num	1	0xbc
cls_0x5a7b98	num	1	0xc000
cls_0x5a7b98	num	1	0xc028
cls_0x5a7b98	num	1	0xd0
cls_0x5a7b98	num	1	0xd4
cls_0x5a7b98	num	1	0xdb
cls_0x5a7b98	num	1	0xef
cls_0x5a7b98	num	1	0xfd5fef3f
cls_0x5a7b98	num	1	0xfd7fef3f
cls_0x5a7b98	num	1	0xff7fffff
cls_0x5a7b98	num	1	0xffce0000
cls_0x5a7b98	num	1	0xffefffff
cls_0x5a7b98	num	1	0xfffdffff
cls_0x5a7b98	num	1	0xffff7fef
cls_0x5a7b98	num	1	0xffff7ff7
cls_0x5a7b98	num	1	0xffff7ffb
cls_0x5a7b98	num	1	0xffffefff
cls_0x5a7b98	num	1	0xffffff80
cls_0x5a7b98	num	1	0xffffffb0
cls_0x5a7b98	num	1	0xffffffc0
cls_0x5a7b98	num	1	0xffffffd9
cls_0x5a7b98	num	1	0xffffffed
cls_0x5a7b98	num	1	0xfffffff3
cls_0x5a7b98	num	1	0xfffffff7
cls_0x5a7b98	num	1	108
cls_0x5a7b98	num	1	112
cls_0x5a7b98	num	1	116
cls_0x5a7b98	num	1	1172
cls_0x5a7b98	num	1	120
cls_0x5a7b98	num	1	124
cls_0x5a7b98	num	1	132
cls_0x5a7b98	num	1	136
cls_0x5a7b98	num	1	140
cls_0x5a7b98	num	1	144
cls_0x5a7b98	num	1	148
cls_0x5a7b98	num	1	152
cls_0x5a7b98	num	1	156
cls_0x5a7b98	num	1	160
cls_0x5a7b98	num	1	1632
cls_0x5a7b98	num	1	1636
cls_0x5a7b98	num	1	164
cls_0x5a7b98	num	1	168
cls_0x5a7b98	num	1	172
cls_0x5a7b98	num	1	176
cls_0x5a7b98	num	1	180
cls_0x5a7b98	num	1	184
cls_0x5a7b98	num	1	188
cls_0x5a7b98	num	1	192
cls_0x5a7b98	num	1	196
cls_0x5a7b98	num	1	204
cls_0x5a7b98	num	1	208
cls_0x5a7b98	num	1	212
cls_0x5a7b98	num	1	216
cls_0x5a7b98	num	1	220
cls_0x5a7b98	num	1	224
cls_0x5a7b98	num	1	228
cls_0x5a7b98	num	1	232
cls_0x5a7b98	num	1	236
cls_0x5a7b98	num	1	240
cls_0x5a7b98	num	1	240000
cls_0x5a7b98	num	1	244
cls_0x5a7b98	num	1	248
cls_0x5a7b98	num	1	25
cls_0x5a7b98	num	1	252
cls_0x5a7b98	num	1	26
cls_0x5a7b98	num	1	260
cls_0x5a7b98	num	1	264
cls_0x5a7b98	num	1	268
cls_0x5a7b98	num	1	272
cls_0x5a7b98	num	1	28
cls_0x5a7b98	num	1	372
cls_0x5a7b98	num	1	376
cls_0x5a7b98	num	1	380
cls_0x5a7b98	num	1	384
cls_0x5a7b98	num	1	388
cls_0x5a7b98	num	1	396
cls_0x5a7b98	num	1	460
cls_0x5a7b98	num	1	464
cls_0x5a7b98	num	1	468
cls_0x5a7b98	num	1	472
cls_0x5a7b98	num	1	476
cls_0x5a7b98	num	1	48
cls_0x5a7b98	num	1	480
cls_0x5a7b98	num	1	484
cls_0x5a7b98	num	1	488
cls_0x5a7b98	num	1	492
cls_0x5a7b98	num	1	496
cls_0x5a7b98	num	1	504
cls_0x5a7b98	num	1	508
cls_0x5a7b98	num	1	516
cls_0x5a7b98	num	1	52
cls_0x5a7b98	num	1	520
cls_0x5a7b98	num	1	524
cls_0x5a7b98	num	1	528
cls_0x5a7b98	num	1	532
cls_0x5a7b98	num	1	536
cls_0x5a7b98	num	1	540
cls_0x5a7b98	num	1	552
cls_0x5a7b98	num	1	556
cls_0x5a7b98	num	1	56
cls_0x5a7b98	num	1	560
cls_0x5a7b98	num	1	564
cls_0x5a7b98	num	1	568
cls_0x5a7b98	num	1	572
cls_0x5a7b98	num	1	576
cls_0x5a7b98	num	1	580
cls_0x5a7b98	num	1	584
cls_0x5a7b98	num	1	588
cls_0x5a7b98	num	1	592
cls_0x5a7b98	num	1	596
cls_0x5a7b98	num	1	60
cls_0x5a7b98	num	1	604
cls_0x5a7b98	num	1	612
cls_0x5a7b98	num	1	616
cls_0x5a7b98	num	1	620
cls_0x5a7b98	num	1	624
cls_0x5a7b98	num	1	640
cls_0x5a7b98	num	1	644
cls_0x5a7b98	num	1	648
cls_0x5a7b98	num	1	652
cls_0x5a7b98	num	1	656
cls_0x5a7b98	num	1	660
cls_0x5a7b98	num	1	664
cls_0x5a7b98	num	1	668
cls_0x5a7b98	num	1	672
cls_0x5a7b98	num	1	68
cls_0x5a7b98	num	1	700
cls_0x5a7b98	num	1	704
cls_0x5a7b98	num	1	72
cls_0x5a7b98	num	1	76
cls_0x5a7b98	num	1	80
cls_0x5a7b98	num	1	84
cls_0x5a7b98	num	1	844
cls_0x5a7b98	num	1	848
cls_0x5a7b98	num	1	852
cls_0x5a7b98	num	1	856
cls_0x5a7b98	num	1	858
cls_0x5a7b98	num	1	860
cls_0x5a7b98	num	1	876
cls_0x5a7b98	num	1	88
cls_0x5a7b98	num	1	92
cls_0x5a7b98	num	1	928
cls_0x5a7b98	num	1	932
cls_0x5a7b98	num	1	936
cls_0x5a7b98	num	1	940
cls_0x5a7b98	num	1	944
cls_0x5a7b98	num	1	96
cls_0x5a7b98	num	1	99
cls_0x5a7b98	meth	1	meth_0x4111a0:v():43
cls_0x5a7b98	meth	1	meth_0x429990:d():41
cls_0x5a7b98	meth	1	meth_0x45f770:b():17
cls_0x5a7b98	meth	1	meth_0x46e7d0:v(d):11
cls_0x5a7b98	meth	1	meth_0x46e8a0:d():10
cls_0x5a7b98	meth	1	meth_0x46ea90:v():19
cls_0x5a7b98	meth	1	meth_0x46ead0:d():29
cls_0x5a7b98	meth	1	meth_0x46eb40:v(p):34
cls_0x5a7b98	meth	1	meth_0x46ff80:v():43
cls_0x5a7b98	meth	1	meth_0x470040:d():24
cls_0x5a7b98	meth	1	meth_0x470110:d():25
cls_0x5a7b98	meth	1	meth_0x470bc0:v():35
cls_0x5a7b98	meth	1	meth_0x470c30:v():28
cls_0x5a7b98	meth	1	meth_0x470f50:v():43
cls_0x5a7b98	meth	1	meth_0x471b60:v():19
cls_0x5a7b98	meth	1	meth_0x473900:d():51
cls_0x5a7b98	meth	1	meth_0x473990:d(d,d):77
cls_0x5a7b98	meth	1	meth_0x4c18a0:v():114
cls_0x5a7b98	meth	1	meth_0x4c1af0:v():1241
cls_0x5a7b98	meth	1	meth_0x4c39d0:d(d,d,d,p):105
cls_0x5a7b98	meth	1	meth_0x4c3bc0:d():1358
cls_0x5a7b98	meth	1	meth_0x4c5880:v():16
cls_0x5a7b98	meth	1	meth_0x4c58b0:v():15
cls_0x5a7b98	meth	1	meth_0x4c58d0:v():15
cls_0x5a7b98	meth	1	meth_0x4c5940:v():38
cls_0x5a7b98	meth	1	meth_0x4c5ad0:v(d,d):60
cls_0x5a7b98	meth	1	meth_0x4c62b0:d():865
cls_0x5a7b98	meth	1	meth_0x4c8500:v():60
cls_0x5a7b98	meth	1	meth_0x4c85d0:v(d):155
cls_0x5a7b98	meth	1	meth_0x4c89c0:d():89
cls_0x5a7b98	meth	1	meth_0x4c9460:b():74
cls_0x5a7b98	meth	1	meth_0x4c95e0:p():230
cls_0x5a7b98	meth	1	meth_0x4c9b70:d():2350
cls_0x5a7b98	meth	1	meth_0x4cd540:d(p):67
cls_0x5a7b98	meth	1	meth_0x4cd690:d(p,d,d,d,d):131
cls_0x5a7b98	meth	1	meth_0x4cd990:d():86
cls_0x5a7b98	meth	1	meth_0x4cdbb0:v():135
cls_0x5a7b98	meth	1	meth_0x4ce1b0:v(p):111
cls_0x5a7b98	meth	1	meth_0x4ce350:d():391
cls_0x5a7b98	meth	1	meth_0x4cedb0:d(d,d):40
cls_0x5a7b98	meth	1	meth_0x4cee70:d():56
cls_0x5a7b98	meth	1	meth_0x4cf000:d():162
cls_0x5a7b98	meth	1	meth_0x4cf490:d():430
cls_0x5a7b98	meth	1	meth_0x4cfba0:d():266
cls_0x5a7b98	meth	1	meth_0x4cfef0:d():134
cls_0x5a7b98	meth	1	meth_0x4d0e00:d():88
cls_0x5a7b98	meth	1	meth_0x4d1120:d(d):752
cls_0x5a7b98	meth	1	meth_0x4d1eb0:d():39
cls_0x5a7b98	meth	1	meth_0x4d1ff0:d():41
cls_0x5a7b98	meth	1	meth_0x4d2120:d():165
cls_0x5a7b98	meth	1	meth_0x4d2900:d():43
cls_0x5a7b98	meth	1	meth_0x4d2a60:d():55
cls_0x5a7b98	meth	1	meth_0x4d2e30:d():137
cls_0x5a7b98	meth	1	meth_0x4d3590:d():81
cls_0x5a7b98	meth	1	meth_0x4d3750:d(d):132
cls_0x5a7b98	meth	1	meth_0x4d39f0:p(d,d,p,p):58
cls_0x5a7b98	meth	1	meth_0x4d3b90:d():190
cls_0x5a7b98	meth	1	meth_0x4d3fd0:d():123
cls_0x5a7b98	meth	1	meth_0x4d4220:d():180
cls_0x5a7b98	meth	1	meth_0x4d4460:d():93
cls_0x5a7b98	meth	1	meth_0x4d4790:d():452
cls_0x5a7b98	meth	1	meth_0x4d57a0:v():59
cls_0x5a7b98	meth	1	meth_0x4d5b90:d():38
cls_0x5a7b98	meth	1	meth_0x4d5c20:d():99
cls_0x5a7b98	meth	1	meth_0x4d5e50:d():54
cls_0x5a7b98	meth	1	meth_0x4d5fc0:v():21
cls_0x5a7b98	meth	1	meth_0x4d6220:v():82
cls_0x5a7b98	meth	1	meth_0x4d63b0:v():124
cls_0x5a7b98	meth	1	meth_0x4d6570:v():205
cls_0x5a7b98	meth	1	meth_0x4d6a30:v():59
cls_0x5a7b98	meth	1	meth_0x4d6b40:v():101
cls_0x5a7b98	meth	1	meth_0x4d7000:v():17
cls_0x5a7b98	meth	1	meth_0x4d7020:v():14
cls_0x5a7b98	meth	1	meth_0x4d7040:d():17
cls_0x5a7b98	meth	1	meth_0x4d7060:d():17
cls_0x5a7b98	meth	1	meth_0x4d7080:d():51
cls_0x5a7b98	meth	1	meth_0x4d7400:v():13
cls_0x5a7b98	meth	1	meth_0x4d7420:v():67
cls_0x5a7b98	meth	1	meth_0x4db000:v():867
cls_0x5a7b98	meth	1	meth_0x4dd480:d(p):166
cls_0x5a7b98	meth	1	meth_0x4de7d0:v():17
cls_0x5a7b98	meth	1	meth_0x4def90:v(d,d,d):28
cls_0x5a7b98	meth	1	meth_0x50d2b0:d():47
cls_0x5a7b98	meth	1	meth_0x50d530:v():68
cls_0x5a7b98	meth	1	meth_0x519230:v():42
cls_0x5a7b98	meth	1	meth_0x519300:d():93
cls_0x5a7b98	meth	1	meth_0x519500:v(p):195
cls_0x5a7b98	meth	1	meth_0x5199b0:d(p):258
cls_0x5a7b98	meth	1	meth_0x519ff0:d():57
cls_0x5a7b98	meth	1	meth_0x51a120:d():72
cls_0x5a7b98	meth	1	meth_0x51b560:p():15
cls_0x5a7b98	meth	1	meth_0x51b580:v(d):21
cls_0x5a7b98	meth	1	meth_0x51b5d0:d():69
cls_0x5a7b98	meth	1	meth_0x51b7c0:d():117
cls_0x5a7b98	meth	1	meth_0x51c2c0:v():212
cls_0x5a7b98	meth	1	meth_0x51c550:v():102
cls_0x5a7b98	meth	1	meth_0x51c660:v():313
cls_0x5a7b98	meth	1	meth_0x51cc40:v(d):363
cls_0x5a7b98	meth	1	meth_0x51d390:v():31
cls_0x5a7b98	meth	1	meth_0x51d840:v():60
cls_0x5a7b98	meth	1	meth_0x51e480:d():16
cls_0x5a7b98	meth	1	meth_0x51e4a0:d():20
cls_0x5a7b98	meth	1	meth_0x526fd0:d():39
cls_0x5a7b98	meth	1	meth_0x587ec0:d():10
cls_0x5a7b98	meth	1	meth_0x587f50:d():10
cls_0x5a7b98	meth	1	meth_0x58eb90:v():19
cls_0x5a7dd8	sum	1	fields=0 methods=0 lines=77
cls_0x5a7dd8	num	1	20
cls_0x5a7dd8	num	1	24
cls_0x5a7dd8	num	1	28
cls_0x5a7dd8	num	1	36
cls_0x5a7dd8	num	1	40
cls_0x5a7dd8	num	1	44
cls_0x5a7dd8	num	1	48
cls_0x5a7dd8	num	1	52
cls_0x5a7dd8	num	1	56
cls_0x5a7dd8	num	1	60
cls_0x5a7dd8	num	1	68
cls_0x5a7dd8	num	1	72
cls_0x5a7dd8	num	1	76
cls_0x5a7dd8	num	1	80
cls_0x5a7dd8	num	1	84
cls_0x5a7dd8	num	1	88
cls_0x5a7dd8	num	1	92
cls_0x5a7dd8	num	1	96
cls_0x5a7e38	sum	1	fields=57 methods=25 lines=1984
cls_0x5a7e38	str	1	CharUtility
cls_0x5a7e38	str	1	SwipeFull
cls_0x5a7e38	str	1	comflash
cls_0x5a7e38	str	1	comring
cls_0x5a7e38	str	1	deleteeffect
cls_0x5a7e38	str	1	effect
cls_0x5a7e38	str	1	flamef
cls_0x5a7e38	str	1	shadow
cls_0x5a7e38	str	1	still
cls_0x5a7e38	str	1	vision
cls_0x5a7e38	str	1	weapon
cls_0x5a7e38	api	13	_rand
cls_0x5a7e38	num	16	0xa4
cls_0x5a7e38	num	15	0xac
cls_0x5a7e38	num	7	0x36
cls_0x5a7e38	num	7	0x3f800000
cls_0x5a7e38	num	6	0x28
cls_0x5a7e38	num	5	0x300
cls_0x5a7e38	num	4	0x100
cls_0x5a7e38	num	4	0x14
cls_0x5a7e38	num	4	0x168
cls_0x5a7e38	num	4	0x169
cls_0x5a7e38	num	4	0x16a
cls_0x5a7e38	num	4	0x2b
cls_0x5a7e38	num	4	0x2c
cls_0x5a7e38	num	3	0x167
cls_0x5a7e38	num	3	0x17
cls_0x5a7e38	num	3	0x461c3c00
cls_0x5a7e38	num	3	0x47c35000
cls_0x5a7e38	num	3	0x50
cls_0x5a7e38	num	3	0x54
cls_0x5a7e38	num	3	0xc61c3c00
cls_0x5a7e38	num	3	0xd3
cls_0x5a7e38	num	3	0xfffffff1
cls_0x5a7e38	num	3	60
cls_0x5a7e38	num	2	0x11
cls_0x5a7e38	num	2	0x16
cls_0x5a7e38	num	2	0x18
cls_0x5a7e38	num	2	0x19
cls_0x5a7e38	num	2	0x2a
cls_0x5a7e38	num	2	0x2b0
cls_0x5a7e38	num	2	0x2d8
cls_0x5a7e38	num	2	0x38
cls_0x5a7e38	num	2	0x58
cls_0x5a7e38	num	2	0x60
cls_0x5a7e38	num	2	0xa8
cls_0x5a7e38	num	2	0xe0
cls_0x5a7e38	num	2	24
cls_0x5a7e38	num	2	600
cls_0x5a7e38	num	2	68
cls_0x5a7e38	num	1	00526040
cls_0x5a7e38	num	1	0x0040e36a
cls_0x5a7e38	num	1	0x0040e379
cls_0x5a7e38	num	1	0x0040e3ae
cls_0x5a7e38	num	1	0x0040e3c0
cls_0x5a7e38	num	1	0x0040e407
cls_0x5a7e38	num	1	0x0040e414
cls_0x5a7e38	num	1	0x12
cls_0x5a7e38	num	1	0x13
cls_0x5a7e38	num	1	0x140
cls_0x5a7e38	num	1	0x154
cls_0x5a7e38	num	1	0x158
cls_0x5a7e38	num	1	0x16c
cls_0x5a7e38	num	1	0x224
cls_0x5a7e38	num	1	0x2800000
cls_0x5a7e38	num	1	0x2d
cls_0x5a7e38	num	1	0x32
cls_0x5a7e38	num	1	0x3f
cls_0x5a7e38	num	1	0x40000
cls_0x5a7e38	num	1	0x42c80000
cls_0x5a7e38	num	1	0x4c
cls_0x5a7e38	num	1	0x4d
cls_0x5a7e38	num	1	0x4e
cls_0x5a7e38	num	1	0x58c
cls_0x5a7e38	num	1	0x5a100
cls_0x5a7e38	num	1	0x7f7f
cls_0x5a7e38	num	1	0x84
cls_0x5a7e38	num	1	0xd4
cls_0x5a7e38	num	1	0xfc
cls_0x5a7e38	num	1	0xfff8ffff
cls_0x5a7e38	num	1	112
cls_0x5a7e38	num	1	116
cls_0x5a7e38	num	1	120
cls_0x5a7e38	num	1	124
cls_0x5a7e38	num	1	1272
cls_0x5a7e38	num	1	1276
cls_0x5a7e38	num	1	132
cls_0x5a7e38	num	1	1320
cls_0x5a7e38	num	1	1348
cls_0x5a7e38	num	1	136
cls_0x5a7e38	num	1	1372
cls_0x5a7e38	num	1	1380
cls_0x5a7e38	num	1	1384
cls_0x5a7e38	num	1	1388
cls_0x5a7e38	num	1	1392
cls_0x5a7e38	num	1	1396
cls_0x5a7e38	num	1	140
cls_0x5a7e38	num	1	1400
cls_0x5a7e38	num	1	1404
cls_0x5a7e38	num	1	1408
cls_0x5a7e38	num	1	1412
cls_0x5a7e38	num	1	1416
cls_0x5a7e38	num	1	1420
cls_0x5a7e38	num	1	1428
cls_0x5a7e38	num	1	1432
cls_0x5a7e38	num	1	144
cls_0x5a7e38	num	1	148
cls_0x5a7e38	num	1	1516
cls_0x5a7e38	num	1	152
cls_0x5a7e38	num	1	156
cls_0x5a7e38	num	1	1592
cls_0x5a7e38	num	1	1600
cls_0x5a7e38	num	1	17
cls_0x5a7e38	num	1	172
cls_0x5a7e38	num	1	20
cls_0x5a7e38	num	1	2272
cls_0x5a7e38	num	1	23
cls_0x5a7e38	num	1	236
cls_0x5a7e38	num	1	240
cls_0x5a7e38	num	1	2436
cls_0x5a7e38	num	1	244
cls_0x5a7e38	num	1	2444
cls_0x5a7e38	num	1	248
cls_0x5a7e38	num	1	252
cls_0x5a7e38	num	1	260
cls_0x5a7e38	num	1	264
cls_0x5a7e38	num	1	268
cls_0x5a7e38	num	1	272
cls_0x5a7e38	num	1	276
cls_0x5a7e38	num	1	28
cls_0x5a7e38	num	1	3280
cls_0x5a7e38	num	1	3288
cls_0x5a7e38	num	1	36
cls_0x5a7e38	num	1	3960
cls_0x5a7e38	num	1	3964
cls_0x5a7e38	num	1	40
cls_0x5a7e38	num	1	400
cls_0x5a7e38	num	1	41
cls_0x5a7e38	num	1	420
cls_0x5a7e38	num	1	424
cls_0x5a7e38	num	1	44
cls_0x5a7e38	num	1	48
cls_0x5a7e38	num	1	52
cls_0x5a7e38	num	1	56
cls_0x5a7e38	num	1	592
cls_0x5a7e38	num	1	72
cls_0x5a7e38	num	1	76
cls_0x5a7e38	num	1	80
cls_0x5a7e38	num	1	84
cls_0x5a7e38	num	1	88
cls_0x5a7e38	num	1	92
cls_0x5a7e38	num	1	96
cls_0x5a7e38	meth	1	meth_0x40e210:v():153
cls_0x5a7e38	meth	1	meth_0x40e670:v():23
cls_0x5a7e38	meth	1	meth_0x40e710:v():21
cls_0x5a7e38	meth	1	meth_0x40e740:v():70
cls_0x5a7e38	meth	1	meth_0x40edc0:d():75
cls_0x5a7e38	meth	1	meth_0x40eef0:d():17
cls_0x5a7e38	meth	1	meth_0x40ef80:d(d):28
cls_0x5a7e38	meth	1	meth_0x40efc0:d(d,d):53
cls_0x5a7e38	meth	1	meth_0x4459c0:v():36
cls_0x5a7e38	meth	1	meth_0x445a50:v():220
cls_0x5a7e38	meth	1	meth_0x4d7da0:v():35
cls_0x5a7e38	meth	1	meth_0x4d7f20:v():129
cls_0x5a7e38	meth	1	meth_0x4d82a0:v():36
cls_0x5a7e38	meth	1	meth_0x4d83b0:v():37
cls_0x5a7e38	meth	1	meth_0x4d84b0:v():94
cls_0x5a7e38	meth	1	meth_0x4d86c0:v():78
cls_0x5a7e38	meth	1	meth_0x4d8bd0:d():140
cls_0x5a7e38	meth	1	meth_0x4d8e60:v(p):46
cls_0x5a7e38	meth	1	meth_0x4d8f10:v():104
cls_0x5a7e38	meth	1	meth_0x4d9ea0:v():140
cls_0x5a7e38	meth	1	meth_0x4da1c0:v():61
cls_0x5a7e38	meth	1	meth_0x4da6f0:v():57
cls_0x5a7e38	meth	1	meth_0x4e7c60:v():33
cls_0x5a7e38	meth	1	meth_0x4f6e20:v():20
cls_0x5a7e38	meth	1	meth_0x526040:v():55
cls_0x5a7e98	sum	1	fields=36 methods=10 lines=668
cls_0x5a7e98	str	1	d__revenant_CharAnimator_cpp
cls_0x5a7e98	num	6	0xa0
cls_0x5a7e98	num	6	0xac
cls_0x5a7e98	num	5	0xa4
cls_0x5a7e98	num	3	0xa8
cls_0x5a7e98	num	3	0xec
cls_0x5a7e98	num	2	0x1f
cls_0x5a7e98	num	2	0x36
cls_0x5a7e98	num	2	0x58
cls_0x5a7e98	num	2	0xf0
cls_0x5a7e98	num	1	0x134
cls_0x5a7e98	num	1	0x16
cls_0x5a7e98	num	1	0x17
cls_0x5a7e98	num	1	0x18
cls_0x5a7e98	num	1	0x1e2
cls_0x5a7e98	num	1	0x1fc
cls_0x5a7e98	num	1	0x28
cls_0x5a7e98	num	1	0x2b0
cls_0x5a7e98	num	1	0x38
cls_0x5a7e98	num	1	0x48
cls_0x5a7e98	num	1	0x5a110
cls_0x5a7e98	num	1	0x67e
cls_0x5a7e98	num	1	0x98
cls_0x5a7e98	num	1	0x9c
cls_0x5a7e98	num	1	0xb0
cls_0x5a7e98	num	1	0xd3
cls_0x5a7e98	num	1	156
cls_0x5a7e98	num	1	160
cls_0x5a7e98	num	1	164
cls_0x5a7e98	num	1	168
cls_0x5a7e98	num	1	172
cls_0x5a7e98	num	1	176
cls_0x5a7e98	num	1	180
cls_0x5a7e98	num	1	312
cls_0x5a7e98	num	1	848
cls_0x5a7e98	num	1	852
cls_0x5a7e98	num	1	856
cls_0x5a7e98	num	1	860
cls_0x5a7e98	num	1	864
cls_0x5a7e98	num	1	868
cls_0x5a7e98	num	1	872
cls_0x5a7e98	num	1	876
cls_0x5a7e98	num	1	880
cls_0x5a7e98	num	1	884
cls_0x5a7e98	num	1	888
cls_0x5a7e98	num	1	892
cls_0x5a7e98	num	1	896
cls_0x5a7e98	num	1	900
cls_0x5a7e98	num	1	904
cls_0x5a7e98	num	1	908
cls_0x5a7e98	num	1	912
cls_0x5a7e98	num	1	916
cls_0x5a7e98	num	1	920
cls_0x5a7e98	num	1	924
cls_0x5a7e98	num	1	928
cls_0x5a7e98	num	1	932
cls_0x5a7e98	num	1	936
cls_0x5a7e98	num	1	940
cls_0x5a7e98	num	1	944
cls_0x5a7e98	num	1	948
cls_0x5a7e98	num	1	952
cls_0x5a7e98	num	1	956
cls_0x5a7e98	meth	1	meth_0x4d90b0:v():106
cls_0x5a7e98	meth	1	meth_0x4d92d0:v():43
cls_0x5a7e98	meth	1	meth_0x4d9380:v():85
cls_0x5a7e98	meth	1	meth_0x4d95b0:v():43
cls_0x5a7e98	meth	1	meth_0x4d96c0:v():65
cls_0x5a7e98	meth	1	meth_0x4d9820:v():58
cls_0x5a7e98	meth	1	meth_0x4d9ae0:v():38
cls_0x5a7e98	meth	1	meth_0x4d9b60:v():44
cls_0x5a7e98	meth	1	meth_0x4d9c60:v():57
cls_0x5a7e98	meth	1	meth_0x4d9d50:v():69
cls_0x5a85ac	sum	1	fields=4 methods=0 lines=192
cls_0x5a85ac	num	2	276
cls_0x5a85ac	num	2	288
cls_0x5a85ac	num	2	304
cls_0x5a85ac	num	2	332
cls_0x5a85ac	num	2	348
cls_0x5a85ac	num	1	0x48001
cls_0x5a85ac	num	1	104
cls_0x5a85ac	num	1	108
cls_0x5a85ac	num	1	112
cls_0x5a85ac	num	1	116
cls_0x5a85ac	num	1	120
cls_0x5a85ac	num	1	124
cls_0x5a85ac	num	1	132
cls_0x5a85ac	num	1	136
cls_0x5a85ac	num	1	140
cls_0x5a85ac	num	1	144
cls_0x5a85ac	num	1	148
cls_0x5a85ac	num	1	152
cls_0x5a85ac	num	1	156
cls_0x5a85ac	num	1	160
cls_0x5a85ac	num	1	164
cls_0x5a85ac	num	1	168
cls_0x5a85ac	num	1	172
cls_0x5a85ac	num	1	176
cls_0x5a85ac	num	1	180
cls_0x5a85ac	num	1	184
cls_0x5a85ac	num	1	188
cls_0x5a85ac	num	1	192
cls_0x5a85ac	num	1	196
cls_0x5a85ac	num	1	20
cls_0x5a85ac	num	1	200
cls_0x5a85ac	num	1	204
cls_0x5a85ac	num	1	208
cls_0x5a85ac	num	1	212
cls_0x5a85ac	num	1	216
cls_0x5a85ac	num	1	220
cls_0x5a85ac	num	1	224
cls_0x5a85ac	num	1	228
cls_0x5a85ac	num	1	232
cls_0x5a85ac	num	1	236
cls_0x5a85ac	num	1	24
cls_0x5a85ac	num	1	240
cls_0x5a85ac	num	1	244
cls_0x5a85ac	num	1	248
cls_0x5a85ac	num	1	252
cls_0x5a85ac	num	1	260
cls_0x5a85ac	num	1	264
cls_0x5a85ac	num	1	268
cls_0x5a85ac	num	1	272
cls_0x5a85ac	num	1	28
cls_0x5a85ac	num	1	280
cls_0x5a85ac	num	1	284
cls_0x5a85ac	num	1	292
cls_0x5a85ac	num	1	296
cls_0x5a85ac	num	1	300
cls_0x5a85ac	num	1	308
cls_0x5a85ac	num	1	312
cls_0x5a85ac	num	1	316
cls_0x5a85ac	num	1	320
cls_0x5a85ac	num	1	324
cls_0x5a85ac	num	1	328
cls_0x5a85ac	num	1	336
cls_0x5a85ac	num	1	340
cls_0x5a85ac	num	1	344
cls_0x5a85ac	num	1	349
cls_0x5a85ac	num	1	352
cls_0x5a85ac	num	1	356
cls_0x5a85ac	num	1	36
cls_0x5a85ac	num	1	360
cls_0x5a85ac	num	1	364
cls_0x5a85ac	num	1	368
cls_0x5a85ac	num	1	372
cls_0x5a85ac	num	1	376
cls_0x5a85ac	num	1	380
cls_0x5a85ac	num	1	384
cls_0x5a85ac	num	1	388
cls_0x5a85ac	num	1	392
cls_0x5a85ac	num	1	396
cls_0x5a85ac	num	1	40
cls_0x5a85ac	num	1	400
cls_0x5a85ac	num	1	404
cls_0x5a85ac	num	1	408
cls_0x5a85ac	num	1	412
cls_0x5a85ac	num	1	416
cls_0x5a85ac	num	1	420
cls_0x5a85ac	num	1	424
cls_0x5a85ac	num	1	428
cls_0x5a85ac	num	1	432
cls_0x5a85ac	num	1	436
cls_0x5a85ac	num	1	44
cls_0x5a85ac	num	1	440
cls_0x5a85ac	num	1	444
cls_0x5a85ac	num	1	448
cls_0x5a85ac	num	1	452
cls_0x5a85ac	num	1	456
cls_0x5a85ac	num	1	460
cls_0x5a85ac	num	1	464
cls_0x5a85ac	num	1	468
cls_0x5a85ac	num	1	472
cls_0x5a85ac	num	1	476
cls_0x5a85ac	num	1	48
cls_0x5a85ac	num	1	480
cls_0x5a85ac	num	1	484
cls_0x5a85ac	num	1	488
cls_0x5a85ac	num	1	492
cls_0x5a85ac	num	1	496
cls_0x5a85ac	num	1	500
cls_0x5a85ac	num	1	504
cls_0x5a85ac	num	1	508
cls_0x5a85ac	num	1	52
cls_0x5a85ac	num	1	56
cls_0x5a85ac	num	1	60
cls_0x5a85ac	num	1	68
cls_0x5a85ac	num	1	72
cls_0x5a85ac	num	1	76
cls_0x5a85ac	num	1	80
cls_0x5a85ac	num	1	84
cls_0x5a85ac	num	1	88
cls_0x5a85ac	num	1	92
cls_0x5a85ac	num	1	96
cls_0x5a89b4	sum	1	fields=36 methods=0 lines=217
cls_0x5a89b4	num	2	20
cls_0x5a89b4	num	2	60
cls_0x5a89b4	num	1	0x2c
cls_0x5a89b4	num	1	0x2d
cls_0x5a89b4	num	1	0x2e
cls_0x5a89b4	num	1	0x7c8
cls_0x5a89b4	num	1	156
cls_0x5a89b4	num	1	172
cls_0x5a89b4	num	1	216
cls_0x5a89b4	num	1	236
cls_0x5a89b4	num	1	24
cls_0x5a89b4	num	1	252
cls_0x5a89b4	num	1	260
cls_0x5a89b4	num	1	28
cls_0x5a89b4	num	1	36
cls_0x5a89b4	num	1	388
cls_0x5a89b4	num	1	392
cls_0x5a89b4	num	1	40
cls_0x5a89b4	num	1	432
cls_0x5a89b4	num	1	436
cls_0x5a89b4	num	1	44
cls_0x5a89b4	num	1	440
cls_0x5a89b4	num	1	48
cls_0x5a89b4	num	1	52
cls_0x5a89b4	num	1	56
cls_0x5a89b4	num	1	612
cls_0x5a89b4	num	1	616
cls_0x5a89b4	num	1	620
cls_0x5a89b4	num	1	624
cls_0x5a89b4	num	1	628
cls_0x5a89b4	num	1	632
cls_0x5a89b4	num	1	636
cls_0x5a89b4	num	1	640
cls_0x5a89b4	num	1	644
cls_0x5a89b4	num	1	648
cls_0x5a89b4	num	1	652
cls_0x5a89b4	num	1	656
cls_0x5a89b4	num	1	660
cls_0x5a89b4	num	1	664
cls_0x5a89b4	num	1	668
cls_0x5a89b4	num	1	672
cls_0x5a89b4	num	1	676
cls_0x5a89b4	num	1	68
cls_0x5a89b4	num	1	680
cls_0x5a89b4	num	1	688
cls_0x5a89b4	num	1	692
cls_0x5a89b4	num	1	72
cls_0x5a89b4	num	1	76
cls_0x5a89b4	num	1	80
cls_0x5a89b4	num	1	84
cls_0x5a89b4	num	1	88
cls_0x5a89b4	num	1	92
cls_0x5a89b4	num	1	96
cls_0x5a8a20	sum	1	fields=20 methods=0 lines=107
cls_0x5a8a20	num	2	20
cls_0x5a8a20	num	2	60
cls_0x5a8a20	num	1	1452
cls_0x5a8a20	num	1	1456
cls_0x5a8a20	num	1	156
cls_0x5a8a20	num	1	1692
cls_0x5a8a20	num	1	1696
cls_0x5a8a20	num	1	1700
cls_0x5a8a20	num	1	1704
cls_0x5a8a20	num	1	1708
cls_0x5a8a20	num	1	172
cls_0x5a8a20	num	1	236
cls_0x5a8a20	num	1	24
cls_0x5a8a20	num	1	252
cls_0x5a8a20	num	1	260
cls_0x5a8a20	num	1	272
cls_0x5a8a20	num	1	28
cls_0x5a8a20	num	1	36
cls_0x5a8a20	num	1	40
cls_0x5a8a20	num	1	44
cls_0x5a8a20	num	1	48
cls_0x5a8a20	num	1	52
cls_0x5a8a20	num	1	56
cls_0x5a8a20	num	1	68
cls_0x5a8a20	num	1	72
cls_0x5a8a20	num	1	76
cls_0x5a8a20	num	1	80
cls_0x5a8a20	num	1	84
cls_0x5a8a20	num	1	88
cls_0x5a8a20	num	1	92
cls_0x5a8a20	num	1	96
cls_0x5a8a20	num	1	972
cls_0x5a8a20	num	1	976
cls_0x5a8aa4	sum	1	fields=49 methods=0 lines=177
cls_0x5a8aa4	num	2	20
cls_0x5a8aa4	num	2	60
cls_0x5a8aa4	num	1	0x18c
cls_0x5a8aa4	num	1	0x48001
cls_0x5a8aa4	num	1	12340
cls_0x5a8aa4	num	1	12344
cls_0x5a8aa4	num	1	12348
cls_0x5a8aa4	num	1	12352
cls_0x5a8aa4	num	1	12356
cls_0x5a8aa4	num	1	12360
cls_0x5a8aa4	num	1	156
cls_0x5a8aa4	num	1	172
cls_0x5a8aa4	num	1	236
cls_0x5a8aa4	num	1	24
cls_0x5a8aa4	num	1	252
cls_0x5a8aa4	num	1	264
cls_0x5a8aa4	num	1	268
cls_0x5a8aa4	num	1	272
cls_0x5a8aa4	num	1	276
cls_0x5a8aa4	num	1	28
cls_0x5a8aa4	num	1	280
cls_0x5a8aa4	num	1	284
cls_0x5a8aa4	num	1	288
cls_0x5a8aa4	num	1	292
cls_0x5a8aa4	num	1	296
cls_0x5a8aa4	num	1	300
cls_0x5a8aa4	num	1	308
cls_0x5a8aa4	num	1	312
cls_0x5a8aa4	num	1	316
cls_0x5a8aa4	num	1	320
cls_0x5a8aa4	num	1	328
cls_0x5a8aa4	num	1	332
cls_0x5a8aa4	num	1	336
cls_0x5a8aa4	num	1	340
cls_0x5a8aa4	num	1	348
cls_0x5a8aa4	num	1	352
cls_0x5a8aa4	num	1	356
cls_0x5a8aa4	num	1	36
cls_0x5a8aa4	num	1	360
cls_0x5a8aa4	num	1	372
cls_0x5a8aa4	num	1	376
cls_0x5a8aa4	num	1	380
cls_0x5a8aa4	num	1	384
cls_0x5a8aa4	num	1	388
cls_0x5a8aa4	num	1	392
cls_0x5a8aa4	num	1	396
cls_0x5a8aa4	num	1	40
cls_0x5a8aa4	num	1	400
cls_0x5a8aa4	num	1	404
cls_0x5a8aa4	num	1	408
cls_0x5a8aa4	num	1	412
cls_0x5a8aa4	num	1	416
cls_0x5a8aa4	num	1	44
cls_0x5a8aa4	num	1	48
cls_0x5a8aa4	num	1	52
cls_0x5a8aa4	num	1	56
cls_0x5a8aa4	num	1	68
cls_0x5a8aa4	num	1	72
cls_0x5a8aa4	num	1	76
cls_0x5a8aa4	num	1	80
cls_0x5a8aa4	num	1	84
cls_0x5a8aa4	num	1	88
cls_0x5a8aa4	num	1	92
cls_0x5a8aa4	num	1	96
cls_0x5a8f20	sum	1	fields=43 methods=0 lines=178
cls_0x5a8f20	num	2	20
cls_0x5a8f20	num	2	60
cls_0x5a8f20	num	1	0x1cf4
cls_0x5a8f20	num	1	156
cls_0x5a8f20	num	1	172
cls_0x5a8f20	num	1	216
cls_0x5a8f20	num	1	236
cls_0x5a8f20	num	1	24
cls_0x5a8f20	num	1	252
cls_0x5a8f20	num	1	260
cls_0x5a8f20	num	1	264
cls_0x5a8f20	num	1	268
cls_0x5a8f20	num	1	272
cls_0x5a8f20	num	1	276
cls_0x5a8f20	num	1	28
cls_0x5a8f20	num	1	292
cls_0x5a8f20	num	1	296
cls_0x5a8f20	num	1	300
cls_0x5a8f20	num	1	304
cls_0x5a8f20	num	1	308
cls_0x5a8f20	num	1	312
cls_0x5a8f20	num	1	328
cls_0x5a8f20	num	1	332
cls_0x5a8f20	num	1	36
cls_0x5a8f20	num	1	388
cls_0x5a8f20	num	1	40
cls_0x5a8f20	num	1	44
cls_0x5a8f20	num	1	48
cls_0x5a8f20	num	1	52
cls_0x5a8f20	num	1	56
cls_0x5a8f20	num	1	68
cls_0x5a8f20	num	1	6976
cls_0x5a8f20	num	1	6984
cls_0x5a8f20	num	1	6988
cls_0x5a8f20	num	1	6992
cls_0x5a8f20	num	1	7012
cls_0x5a8f20	num	1	7016
cls_0x5a8f20	num	1	7020
cls_0x5a8f20	num	1	7024
cls_0x5a8f20	num	1	7028
cls_0x5a8f20	num	1	7032
cls_0x5a8f20	num	1	7036
cls_0x5a8f20	num	1	7040
cls_0x5a8f20	num	1	7044
cls_0x5a8f20	num	1	7052
cls_0x5a8f20	num	1	7056
cls_0x5a8f20	num	1	72
cls_0x5a8f20	num	1	7396
cls_0x5a8f20	num	1	7400
cls_0x5a8f20	num	1	7408
cls_0x5a8f20	num	1	7412
cls_0x5a8f20	num	1	76
cls_0x5a8f20	num	1	80
cls_0x5a8f20	num	1	84
cls_0x5a8f20	num	1	88
cls_0x5a8f20	num	1	92
cls_0x5a8f20	num	1	96
cls_0x5a9194	sum	1	fields=38 methods=0 lines=240
cls_0x5a9194	num	2	0x11c
cls_0x5a9194	num	2	20
cls_0x5a9194	num	2	60
cls_0x5a9194	num	1	0x1000
cls_0x5a9194	num	1	0x11
cls_0x5a9194	num	1	0x19
cls_0x5a9194	num	1	0x1b4
cls_0x5a9194	num	1	0x34c0
cls_0x5a9194	num	1	0x8000
cls_0x5a9194	num	1	0xe0
cls_0x5a9194	num	1	13500
cls_0x5a9194	num	1	13504
cls_0x5a9194	num	1	156
cls_0x5a9194	num	1	172
cls_0x5a9194	num	1	200
cls_0x5a9194	num	1	216
cls_0x5a9194	num	1	236
cls_0x5a9194	num	1	24
cls_0x5a9194	num	1	264
cls_0x5a9194	num	1	268
cls_0x5a9194	num	1	272
cls_0x5a9194	num	1	276
cls_0x5a9194	num	1	28
cls_0x5a9194	num	1	280
cls_0x5a9194	num	1	284
cls_0x5a9194	num	1	288
cls_0x5a9194	num	1	292
cls_0x5a9194	num	1	300
cls_0x5a9194	num	1	308
cls_0x5a9194	num	1	312
cls_0x5a9194	num	1	316
cls_0x5a9194	num	1	320
cls_0x5a9194	num	1	336
cls_0x5a9194	num	1	340
cls_0x5a9194	num	1	344
cls_0x5a9194	num	1	348
cls_0x5a9194	num	1	352
cls_0x5a9194	num	1	356
cls_0x5a9194	num	1	36
cls_0x5a9194	num	1	360
cls_0x5a9194	num	1	364
cls_0x5a9194	num	1	368
cls_0x5a9194	num	1	372
cls_0x5a9194	num	1	376
cls_0x5a9194	num	1	380
cls_0x5a9194	num	1	388
cls_0x5a9194	num	1	40
cls_0x5a9194	num	1	44
cls_0x5a9194	num	1	48
cls_0x5a9194	num	1	52
cls_0x5a9194	num	1	56
cls_0x5a9194	num	1	68
cls_0x5a9194	num	1	72
cls_0x5a9194	num	1	76
cls_0x5a9194	num	1	80
cls_0x5a9194	num	1	84
cls_0x5a9194	num	1	88
cls_0x5a9194	num	1	92
cls_0x5a9194	num	1	96
cls_0x5a9194	num	1	99
cls_0x5a9404	sum	1	fields=55 methods=0 lines=190
cls_0x5a9404	num	2	20
cls_0x5a9404	num	2	24
cls_0x5a9404	num	2	60
cls_0x5a9404	num	1	0x9130
cls_0x5a9404	num	1	156
cls_0x5a9404	num	1	172
cls_0x5a9404	num	1	216
cls_0x5a9404	num	1	236
cls_0x5a9404	num	1	264
cls_0x5a9404	num	1	268
cls_0x5a9404	num	1	272
cls_0x5a9404	num	1	276
cls_0x5a9404	num	1	28
cls_0x5a9404	num	1	280
cls_0x5a9404	num	1	284
cls_0x5a9404	num	1	292
cls_0x5a9404	num	1	296
cls_0x5a9404	num	1	304
cls_0x5a9404	num	1	308
cls_0x5a9404	num	1	312
cls_0x5a9404	num	1	316
cls_0x5a9404	num	1	320
cls_0x5a9404	num	1	324
cls_0x5a9404	num	1	328
cls_0x5a9404	num	1	332
cls_0x5a9404	num	1	336
cls_0x5a9404	num	1	352
cls_0x5a9404	num	1	356
cls_0x5a9404	num	1	36
cls_0x5a9404	num	1	360
cls_0x5a9404	num	1	364
cls_0x5a9404	num	1	368
cls_0x5a9404	num	1	37116
cls_0x5a9404	num	1	37120
cls_0x5a9404	num	1	37124
cls_0x5a9404	num	1	37128
cls_0x5a9404	num	1	37132
cls_0x5a9404	num	1	37136
cls_0x5a9404	num	1	37140
cls_0x5a9404	num	1	37144
cls_0x5a9404	num	1	37148
cls_0x5a9404	num	1	37152
cls_0x5a9404	num	1	37156
cls_0x5a9404	num	1	37160
cls_0x5a9404	num	1	37164
cls_0x5a9404	num	1	37168
cls_0x5a9404	num	1	372
cls_0x5a9404	num	1	376
cls_0x5a9404	num	1	380
cls_0x5a9404	num	1	384
cls_0x5a9404	num	1	388
cls_0x5a9404	num	1	392
cls_0x5a9404	num	1	396
cls_0x5a9404	num	1	40
cls_0x5a9404	num	1	404
cls_0x5a9404	num	1	44
cls_0x5a9404	num	1	48
cls_0x5a9404	num	1	52
cls_0x5a9404	num	1	56
cls_0x5a9404	num	1	68
cls_0x5a9404	num	1	72
cls_0x5a9404	num	1	76
cls_0x5a9404	num	1	80
cls_0x5a9404	num	1	84
cls_0x5a9404	num	1	88
cls_0x5a9404	num	1	92
cls_0x5a9404	num	1	96
cls_0x5a9674	sum	1	fields=14 methods=0 lines=290
cls_0x5a9674	num	4	0x46
cls_0x5a9674	num	2	0x11c
cls_0x5a9674	num	2	0x16
cls_0x5a9674	num	2	0x1810
cls_0x5a9674	num	2	0x54
cls_0x5a9674	num	1	0x1000
cls_0x5a9674	num	1	0x158
cls_0x5a9674	num	1	0x1b4
cls_0x5a9674	num	1	0x1b8
cls_0x5a9674	num	1	0x1bc
cls_0x5a9674	num	1	0x44
cls_0x5a9674	num	1	0x8000
cls_0x5a9674	num	1	0x80000
cls_0x5a9674	num	1	20
cls_0x5a9674	num	1	200
cls_0x5a9674	num	1	216
cls_0x5a9674	num	1	24
cls_0x5a9674	num	1	252
cls_0x5a9674	num	1	28
cls_0x5a9674	num	1	280
cls_0x5a9674	num	1	292
cls_0x5a9674	num	1	296
cls_0x5a9674	num	1	320
cls_0x5a9674	num	1	332
cls_0x5a9674	num	1	336
cls_0x5a9674	num	1	340
cls_0x5a9674	num	1	36
cls_0x5a9674	num	1	388
cls_0x5a9674	num	1	392
cls_0x5a9674	num	1	396
cls_0x5a9674	num	1	40
cls_0x5a9674	num	1	44
cls_0x5a9674	num	1	48
cls_0x5a9674	num	1	52
cls_0x5a9674	num	1	56
cls_0x5a9674	num	1	60
cls_0x5a9674	num	1	68
cls_0x5a9674	num	1	72
cls_0x5a9674	num	1	76
cls_0x5a9674	num	1	80
cls_0x5a9674	num	1	84
cls_0x5a9674	num	1	88
cls_0x5a9674	num	1	92
cls_0x5a9674	num	1	96
cls_0x5a96d8	sum	1	fields=9 methods=0 lines=69
cls_0x5a96d8	num	2	20
cls_0x5a96d8	num	2	24
cls_0x5a96d8	num	1	28
cls_0x5a96d8	num	1	36
cls_0x5a96d8	num	1	40
cls_0x5a9900	sum	1	fields=14 methods=0 lines=251
cls_0x5a9900	num	2	20
cls_0x5a9900	num	2	24
cls_0x5a9900	num	1	0x130
cls_0x5a9900	num	1	0x16
cls_0x5a9900	num	1	0x1f0
cls_0x5a9900	num	1	0x2260
cls_0x5a9900	num	1	0x44
cls_0x5a9900	num	1	0x54
cls_0x5a9900	num	1	0x80000
cls_0x5a9900	num	1	0xffffff00
cls_0x5a9900	num	1	216
cls_0x5a9900	num	1	252
cls_0x5a9900	num	1	28
cls_0x5a9900	num	1	280
cls_0x5a9900	num	1	292
cls_0x5a9900	num	1	296
cls_0x5a9900	num	1	300
cls_0x5a9900	num	1	36
cls_0x5a9900	num	1	388
cls_0x5a9900	num	1	392
cls_0x5a9900	num	1	396
cls_0x5a9900	num	1	40
cls_0x5a9900	num	1	44
cls_0x5a9900	num	1	48
cls_0x5a9900	num	1	52
cls_0x5a9900	num	1	56
cls_0x5a9900	num	1	60
cls_0x5a9900	num	1	68
cls_0x5a9900	num	1	72
cls_0x5a9900	num	1	76
cls_0x5a9900	num	1	80
cls_0x5a9900	num	1	84
cls_0x5a9900	num	1	88
cls_0x5a9900	num	1	92
cls_0x5a9900	num	1	96
cls_0x5a9d04	sum	1	fields=28 methods=0 lines=163
cls_0x5a9d04	num	2	20
cls_0x5a9d04	num	2	60
cls_0x5a9d04	num	1	0x4e8
cls_0x5a9d04	num	1	1092
cls_0x5a9d04	num	1	1212
cls_0x5a9d04	num	1	1216
cls_0x5a9d04	num	1	1220
cls_0x5a9d04	num	1	1224
cls_0x5a9d04	num	1	1236
cls_0x5a9d04	num	1	1240
cls_0x5a9d04	num	1	1244
cls_0x5a9d04	num	1	1248
cls_0x5a9d04	num	1	1252
cls_0x5a9d04	num	1	1256
cls_0x5a9d04	num	1	156
cls_0x5a9d04	num	1	172
cls_0x5a9d04	num	1	216
cls_0x5a9d04	num	1	236
cls_0x5a9d04	num	1	24
cls_0x5a9d04	num	1	252
cls_0x5a9d04	num	1	260
cls_0x5a9d04	num	1	28
cls_0x5a9d04	num	1	36
cls_0x5a9d04	num	1	388
cls_0x5a9d04	num	1	392
cls_0x5a9d04	num	1	396
cls_0x5a9d04	num	1	40
cls_0x5a9d04	num	1	400
cls_0x5a9d04	num	1	44
cls_0x5a9d04	num	1	48
cls_0x5a9d04	num	1	52
cls_0x5a9d04	num	1	56
cls_0x5a9d04	num	1	620
cls_0x5a9d04	num	1	68
cls_0x5a9d04	num	1	72
cls_0x5a9d04	num	1	76
cls_0x5a9d04	num	1	80
cls_0x5a9d04	num	1	84
cls_0x5a9d04	num	1	88
cls_0x5a9d04	num	1	92
cls_0x5a9d04	num	1	96
cls_0x5a9d04	num	1	972
cls_0x5a9d88	sum	1	fields=11 methods=0 lines=189
cls_0x5a9d88	num	3	0x40000000
cls_0x5a9d88	num	2	0x100
cls_0x5a9d88	num	2	20
cls_0x5a9d88	num	2	44
cls_0x5a9d88	num	2	60
cls_0x5a9d88	num	1	0x11
cls_0x5a9d88	num	1	0x12
cls_0x5a9d88	num	1	0x16
cls_0x5a9d88	num	1	0x42200000
cls_0x5a9d88	num	1	0xbf490fdb
cls_0x5a9d88	num	1	0xbf860a92
cls_0x5a9d88	num	1	156
cls_0x5a9d88	num	1	172
cls_0x5a9d88	num	1	236
cls_0x5a9d88	num	1	24
cls_0x5a9d88	num	1	252
cls_0x5a9d88	num	1	260
cls_0x5a9d88	num	1	264
cls_0x5a9d88	num	1	28
cls_0x5a9d88	num	1	36
cls_0x5a9d88	num	1	40
cls_0x5a9d88	num	1	48
cls_0x5a9d88	num	1	52
cls_0x5a9d88	num	1	56
cls_0x5a9d88	num	1	68
cls_0x5a9d88	num	1	72
cls_0x5a9d88	num	1	76
cls_0x5a9d88	num	1	80
cls_0x5a9d88	num	1	84
cls_0x5a9d88	num	1	88
cls_0x5a9d88	num	1	92
cls_0x5a9d88	num	1	96
cls_0x5a9e50	sum	1	fields=12 methods=0 lines=225
cls_0x5a9e50	num	2	0x11
cls_0x5a9e50	num	2	0x3fb33333
cls_0x5a9e50	num	2	20
cls_0x5a9e50	num	2	60
cls_0x5a9e50	num	1	0x10c
cls_0x5a9e50	num	1	0x12
cls_0x5a9e50	num	1	0x18
cls_0x5a9e50	num	1	0x2040
cls_0x5a9e50	num	1	0x28
cls_0x5a9e50	num	1	0x29
cls_0x5a9e50	num	1	156
cls_0x5a9e50	num	1	172
cls_0x5a9e50	num	1	236
cls_0x5a9e50	num	1	24
cls_0x5a9e50	num	1	252
cls_0x5a9e50	num	1	260
cls_0x5a9e50	num	1	264
cls_0x5a9e50	num	1	268
cls_0x5a9e50	num	1	28
cls_0x5a9e50	num	1	36
cls_0x5a9e50	num	1	40
cls_0x5a9e50	num	1	44
cls_0x5a9e50	num	1	48
cls_0x5a9e50	num	1	52
cls_0x5a9e50	num	1	56
cls_0x5a9e50	num	1	68
cls_0x5a9e50	num	1	72
cls_0x5a9e50	num	1	76
cls_0x5a9e50	num	1	80
cls_0x5a9e50	num	1	84
cls_0x5a9e50	num	1	88
cls_0x5a9e50	num	1	92
cls_0x5a9e50	num	1	96
cls_0x5a9f2c	sum	1	fields=44 methods=0 lines=337
cls_0x5a9f2c	num	4	0x3f800000
cls_0x5a9f2c	num	2	0x3dcccccd
cls_0x5a9f2c	num	2	0x3e99999a
cls_0x5a9f2c	num	2	0x40a00000
cls_0x5a9f2c	num	2	0x41a00000
cls_0x5a9f2c	num	2	0x42340000
cls_0x5a9f2c	num	2	0xc0a00000
cls_0x5a9f2c	num	2	20
cls_0x5a9f2c	num	2	60
cls_0x5a9f2c	num	2	68
cls_0x5a9f2c	num	1	0x154
cls_0x5a9f2c	num	1	0x158
cls_0x5a9f2c	num	1	0x18
cls_0x5a9f2c	num	1	0x2c
cls_0x5a9f2c	num	1	0x32
cls_0x5a9f2c	num	1	0x36
cls_0x5a9f2c	num	1	0xb0
cls_0x5a9f2c	num	1	0xe0
cls_0x5a9f2c	num	1	0xffffffe0
cls_0x5a9f2c	num	1	156
cls_0x5a9f2c	num	1	172
cls_0x5a9f2c	num	1	200
cls_0x5a9f2c	num	1	236
cls_0x5a9f2c	num	1	24
cls_0x5a9f2c	num	1	252
cls_0x5a9f2c	num	1	260
cls_0x5a9f2c	num	1	264
cls_0x5a9f2c	num	1	268
cls_0x5a9f2c	num	1	272
cls_0x5a9f2c	num	1	276
cls_0x5a9f2c	num	1	28
cls_0x5a9f2c	num	1	280
cls_0x5a9f2c	num	1	292
cls_0x5a9f2c	num	1	296
cls_0x5a9f2c	num	1	300
cls_0x5a9f2c	num	1	308
cls_0x5a9f2c	num	1	312
cls_0x5a9f2c	num	1	316
cls_0x5a9f2c	num	1	320
cls_0x5a9f2c	num	1	324
cls_0x5a9f2c	num	1	328
cls_0x5a9f2c	num	1	332
cls_0x5a9f2c	num	1	336
cls_0x5a9f2c	num	1	340
cls_0x5a9f2c	num	1	344
cls_0x5a9f2c	num	1	348
cls_0x5a9f2c	num	1	352
cls_0x5a9f2c	num	1	356
cls_0x5a9f2c	num	1	36
cls_0x5a9f2c	num	1	360
cls_0x5a9f2c	num	1	40
cls_0x5a9f2c	num	1	412
cls_0x5a9f2c	num	1	416
cls_0x5a9f2c	num	1	420
cls_0x5a9f2c	num	1	424
cls_0x5a9f2c	num	1	428
cls_0x5a9f2c	num	1	432
cls_0x5a9f2c	num	1	436
cls_0x5a9f2c	num	1	44
cls_0x5a9f2c	num	1	440
cls_0x5a9f2c	num	1	444
cls_0x5a9f2c	num	1	448
cls_0x5a9f2c	num	1	452
cls_0x5a9f2c	num	1	48
cls_0x5a9f2c	num	1	52
cls_0x5a9f2c	num	1	56
cls_0x5a9f2c	num	1	72
cls_0x5a9f2c	num	1	76
cls_0x5a9f2c	num	1	80
cls_0x5a9f2c	num	1	84
cls_0x5a9f2c	num	1	88
cls_0x5a9f2c	num	1	92
cls_0x5a9f2c	num	1	96
cls_0x5aa400	sum	1	fields=25 methods=0 lines=232
cls_0x5aa400	num	2	0x41a00000
cls_0x5aa400	num	2	20
cls_0x5aa400	num	2	24
cls_0x5aa400	num	2	60
cls_0x5aa400	num	1	0x158
cls_0x5aa400	num	1	0x160
cls_0x5aa400	num	1	0x18
cls_0x5aa400	num	1	0x36
cls_0x5aa400	num	1	0x3dcccccd
cls_0x5aa400	num	1	0x3e99999a
cls_0x5aa400	num	1	0x40a00000
cls_0x5aa400	num	1	0xb0
cls_0x5aa400	num	1	0xc0a00000
cls_0x5aa400	num	1	0xe0
cls_0x5aa400	num	1	0xffffffe0
cls_0x5aa400	num	1	156
cls_0x5aa400	num	1	172
cls_0x5aa400	num	1	216
cls_0x5aa400	num	1	236
cls_0x5aa400	num	1	260
cls_0x5aa400	num	1	264
cls_0x5aa400	num	1	268
cls_0x5aa400	num	1	28
cls_0x5aa400	num	1	280
cls_0x5aa400	num	1	316
cls_0x5aa400	num	1	320
cls_0x5aa400	num	1	324
cls_0x5aa400	num	1	344
cls_0x5aa400	num	1	348
cls_0x5aa400	num	1	36
cls_0x5aa400	num	1	388
cls_0x5aa400	num	1	392
cls_0x5aa400	num	1	396
cls_0x5aa400	num	1	40
cls_0x5aa400	num	1	400
cls_0x5aa400	num	1	404
cls_0x5aa400	num	1	408
cls_0x5aa400	num	1	44
cls_0x5aa400	num	1	48
cls_0x5aa400	num	1	52
cls_0x5aa400	num	1	56
cls_0x5aa400	num	1	68
cls_0x5aa400	num	1	72
cls_0x5aa400	num	1	76
cls_0x5aa400	num	1	80
cls_0x5aa400	num	1	84
cls_0x5aa400	num	1	88
cls_0x5aa400	num	1	92
cls_0x5aa400	num	1	96
cls_0x5aa46c	sum	1	fields=24 methods=0 lines=156
cls_0x5aa46c	num	2	20
cls_0x5aa46c	num	2	60
cls_0x5aa46c	num	1	0x100
cls_0x5aa46c	num	1	0x4dc
cls_0x5aa46c	num	1	1092
cls_0x5aa46c	num	1	1212
cls_0x5aa46c	num	1	1216
cls_0x5aa46c	num	1	1220
cls_0x5aa46c	num	1	1224
cls_0x5aa46c	num	1	1228
cls_0x5aa46c	num	1	1232
cls_0x5aa46c	num	1	1236
cls_0x5aa46c	num	1	1240
cls_0x5aa46c	num	1	1244
cls_0x5aa46c	num	1	156
cls_0x5aa46c	num	1	172
cls_0x5aa46c	num	1	236
cls_0x5aa46c	num	1	24
cls_0x5aa46c	num	1	252
cls_0x5aa46c	num	1	260
cls_0x5aa46c	num	1	28
cls_0x5aa46c	num	1	36
cls_0x5aa46c	num	1	40
cls_0x5aa46c	num	1	44
cls_0x5aa46c	num	1	48
cls_0x5aa46c	num	1	52
cls_0x5aa46c	num	1	56
cls_0x5aa46c	num	1	612
cls_0x5aa46c	num	1	616
cls_0x5aa46c	num	1	620
cls_0x5aa46c	num	1	68
cls_0x5aa46c	num	1	72
cls_0x5aa46c	num	1	76
cls_0x5aa46c	num	1	80
cls_0x5aa46c	num	1	84
cls_0x5aa46c	num	1	88
cls_0x5aa46c	num	1	92
cls_0x5aa46c	num	1	96
cls_0x5aa46c	num	1	972
cls_0x5aa4e4	sum	1	fields=15 methods=0 lines=150
cls_0x5aa4e4	num	3	0x36
cls_0x5aa4e4	num	2	0x11c
cls_0x5aa4e4	num	2	0x3e4ccccd
cls_0x5aa4e4	num	2	20
cls_0x5aa4e4	num	2	60
cls_0x5aa4e4	num	1	0x1000
cls_0x5aa4e4	num	1	0x1b4
cls_0x5aa4e4	num	1	0x32
cls_0x5aa4e4	num	1	0x3c
cls_0x5aa4e4	num	1	0x8000
cls_0x5aa4e4	num	1	156
cls_0x5aa4e4	num	1	172
cls_0x5aa4e4	num	1	200
cls_0x5aa4e4	num	1	236
cls_0x5aa4e4	num	1	24
cls_0x5aa4e4	num	1	252
cls_0x5aa4e4	num	1	260
cls_0x5aa4e4	num	1	264
cls_0x5aa4e4	num	1	268
cls_0x5aa4e4	num	1	272
cls_0x5aa4e4	num	1	28
cls_0x5aa4e4	num	1	308
cls_0x5aa4e4	num	1	312
cls_0x5aa4e4	num	1	36
cls_0x5aa4e4	num	1	40
cls_0x5aa4e4	num	1	44
cls_0x5aa4e4	num	1	48
cls_0x5aa4e4	num	1	52
cls_0x5aa4e4	num	1	56
cls_0x5aa4e4	num	1	68
cls_0x5aa4e4	num	1	72
cls_0x5aa4e4	num	1	76
cls_0x5aa4e4	num	1	80
cls_0x5aa4e4	num	1	84
cls_0x5aa4e4	num	1	88
cls_0x5aa4e4	num	1	92
cls_0x5aa4e4	num	1	96
cls_0x5aa754	sum	1	fields=4 methods=0 lines=158
cls_0x5aa754	num	2	0x14
cls_0x5aa754	num	1	0x124
cls_0x5aa754	num	1	0x16
cls_0x5aa754	num	1	0x54
cls_0x5aa754	num	1	0x6e0
cls_0x5aa754	num	1	0xffffff00
cls_0x5aa754	num	1	20
cls_0x5aa754	num	1	24
cls_0x5aa754	num	1	252
cls_0x5aa754	num	1	28
cls_0x5aa754	num	1	280
cls_0x5aa754	num	1	284
cls_0x5aa754	num	1	36
cls_0x5aa754	num	1	40
cls_0x5aa754	num	1	44
cls_0x5aa754	num	1	48
cls_0x5aa754	num	1	52
cls_0x5aa754	num	1	56
cls_0x5aa754	num	1	60
cls_0x5aa754	num	1	68
cls_0x5aa754	num	1	72
cls_0x5aa754	num	1	76
cls_0x5aa754	num	1	80
cls_0x5aa754	num	1	84
cls_0x5aa754	num	1	88
cls_0x5aa754	num	1	92
cls_0x5aa754	num	1	96
cls_0x5aa820	sum	1	fields=24 methods=0 lines=159
cls_0x5aa820	num	2	20
cls_0x5aa820	num	2	24
cls_0x5aa820	num	2	60
cls_0x5aa820	num	1	0xfc
cls_0x5aa820	num	1	1404
cls_0x5aa820	num	1	1408
cls_0x5aa820	num	1	1412
cls_0x5aa820	num	1	156
cls_0x5aa820	num	1	172
cls_0x5aa820	num	1	1836
cls_0x5aa820	num	1	1980
cls_0x5aa820	num	1	1984
cls_0x5aa820	num	1	236
cls_0x5aa820	num	1	240
cls_0x5aa820	num	1	244
cls_0x5aa820	num	1	248
cls_0x5aa820	num	1	252
cls_0x5aa820	num	1	28
cls_0x5aa820	num	1	36
cls_0x5aa820	num	1	40
cls_0x5aa820	num	1	44
cls_0x5aa820	num	1	48
cls_0x5aa820	num	1	52
cls_0x5aa820	num	1	540
cls_0x5aa820	num	1	544
cls_0x5aa820	num	1	548
cls_0x5aa820	num	1	56
cls_0x5aa820	num	1	68
cls_0x5aa820	num	1	72
cls_0x5aa820	num	1	76
cls_0x5aa820	num	1	80
cls_0x5aa820	num	1	84
cls_0x5aa820	num	1	88
cls_0x5aa820	num	1	92
cls_0x5aa820	num	1	96
cls_0x5aa820	num	1	972
cls_0x5aa820	num	1	976
cls_0x5aa820	num	1	980
cls_0x5aacac	sum	1	fields=11 methods=0 lines=123
cls_0x5aacac	num	1	20
cls_0x5aacac	num	1	24
cls_0x5aacac	num	1	252
cls_0x5aacac	num	1	28
cls_0x5aacac	num	1	292
cls_0x5aacac	num	1	296
cls_0x5aacac	num	1	332
cls_0x5aacac	num	1	336
cls_0x5aacac	num	1	340
cls_0x5aacac	num	1	344
cls_0x5aacac	num	1	348
cls_0x5aacac	num	1	36
cls_0x5aacac	num	1	372
cls_0x5aacac	num	1	376
cls_0x5aacac	num	1	40
cls_0x5aacac	num	1	44
cls_0x5aacac	num	1	48
cls_0x5aacac	num	1	52
cls_0x5aacac	num	1	56
cls_0x5aacac	num	1	60
cls_0x5aacac	num	1	68
cls_0x5aacac	num	1	72
cls_0x5aacac	num	1	76
cls_0x5aacac	num	1	80
cls_0x5aacac	num	1	84
cls_0x5aacac	num	1	88
cls_0x5aacac	num	1	92
cls_0x5aacac	num	1	96
cls_0x5aaf28	sum	1	fields=11 methods=0 lines=238
cls_0x5aaf28	num	4	300
cls_0x5aaf28	num	2	0x16
cls_0x5aaf28	num	2	0x54
cls_0x5aaf28	num	2	0x6720
cls_0x5aaf28	num	1	0x154
cls_0x5aaf28	num	1	0x18c
cls_0x5aaf28	num	1	0x48001
cls_0x5aaf28	num	1	176
cls_0x5aaf28	num	1	20
cls_0x5aaf28	num	1	228
cls_0x5aaf28	num	1	24
cls_0x5aaf28	num	1	252
cls_0x5aaf28	num	1	28
cls_0x5aaf28	num	1	280
cls_0x5aaf28	num	1	292
cls_0x5aaf28	num	1	296
cls_0x5aaf28	num	1	332
cls_0x5aaf28	num	1	336
cls_0x5aaf28	num	1	340
cls_0x5aaf28	num	1	36
cls_0x5aaf28	num	1	40
cls_0x5aaf28	num	1	44
cls_0x5aaf28	num	1	48
cls_0x5aaf28	num	1	52
cls_0x5aaf28	num	1	54
cls_0x5aaf28	num	1	56
cls_0x5aaf28	num	1	60
cls_0x5aaf28	num	1	68
cls_0x5aaf28	num	1	72
cls_0x5aaf28	num	1	76
cls_0x5aaf28	num	1	80
cls_0x5aaf28	num	1	84
cls_0x5aaf28	num	1	88
cls_0x5aaf28	num	1	92
cls_0x5aaf28	num	1	96
cls_0x5ab460	sum	1	fields=22 methods=0 lines=267
cls_0x5ab460	num	3	0xf0
cls_0x5ab460	num	2	20
cls_0x5ab460	num	2	60
cls_0x5ab460	num	1	0x1c0
cls_0x5ab460	num	1	0x234
cls_0x5ab460	num	1	0x44
cls_0x5ab460	num	1	0x48001
cls_0x5ab460	num	1	0x80000
cls_0x5ab460	num	1	0x884
cls_0x5ab460	num	1	0xfdffffff
cls_0x5ab460	num	1	0xff7fffff
cls_0x5ab460	num	1	156
cls_0x5ab460	num	1	1700
cls_0x5ab460	num	1	1704
cls_0x5ab460	num	1	1708
cls_0x5ab460	num	1	172
cls_0x5ab460	num	1	2060
cls_0x5ab460	num	1	2064
cls_0x5ab460	num	1	236
cls_0x5ab460	num	1	24
cls_0x5ab460	num	1	252
cls_0x5ab460	num	1	260
cls_0x5ab460	num	1	264
cls_0x5ab460	num	1	268
cls_0x5ab460	num	1	28
cls_0x5ab460	num	1	36
cls_0x5ab460	num	1	388
cls_0x5ab460	num	1	392
cls_0x5ab460	num	1	40
cls_0x5ab460	num	1	44
cls_0x5ab460	num	1	48
cls_0x5ab460	num	1	52
cls_0x5ab460	num	1	56
cls_0x5ab460	num	1	68
cls_0x5ab460	num	1	72
cls_0x5ab460	num	1	76
cls_0x5ab460	num	1	80
cls_0x5ab460	num	1	84
cls_0x5ab460	num	1	88
cls_0x5ab460	num	1	92
cls_0x5ab460	num	1	96
cls_0x5ab460	num	1	980
cls_0x5ab460	num	1	984
cls_0x5ab460	num	1	988
cls_0x5ab6c8	sum	1	fields=17 methods=0 lines=193
cls_0x5ab6c8	num	2	20
cls_0x5ab6c8	num	2	24
cls_0x5ab6c8	num	2	88
cls_0x5ab6c8	num	1	0x100
cls_0x5ab6c8	num	1	0x184
cls_0x5ab6c8	num	1	0x48001
cls_0x5ab6c8	num	1	104
cls_0x5ab6c8	num	1	216
cls_0x5ab6c8	num	1	252
cls_0x5ab6c8	num	1	28
cls_0x5ab6c8	num	1	36
cls_0x5ab6c8	num	1	388
cls_0x5ab6c8	num	1	396
cls_0x5ab6c8	num	1	40
cls_0x5ab6c8	num	1	400
cls_0x5ab6c8	num	1	44
cls_0x5ab6c8	num	1	440
cls_0x5ab6c8	num	1	444
cls_0x5ab6c8	num	1	448
cls_0x5ab6c8	num	1	452
cls_0x5ab6c8	num	1	456
cls_0x5ab6c8	num	1	48
cls_0x5ab6c8	num	1	52
cls_0x5ab6c8	num	1	56
cls_0x5ab6c8	num	1	60
cls_0x5ab6c8	num	1	68
cls_0x5ab6c8	num	1	72
cls_0x5ab6c8	num	1	76
cls_0x5ab6c8	num	1	80
cls_0x5ab6c8	num	1	84
cls_0x5ab6c8	num	1	92
cls_0x5ab6c8	num	1	96
cls_0x5ab930	sum	1	fields=4 methods=0 lines=139
cls_0x5ab930	num	1	0x108
cls_0x5ab930	num	1	20
cls_0x5ab930	num	1	24
cls_0x5ab930	num	1	252
cls_0x5ab930	num	1	260
cls_0x5ab930	num	1	264
cls_0x5ab930	num	1	28
cls_0x5ab930	num	1	36
cls_0x5ab930	num	1	40
cls_0x5ab930	num	1	44
cls_0x5ab930	num	1	48
cls_0x5ab930	num	1	52
cls_0x5ab930	num	1	56
cls_0x5ab930	num	1	60
cls_0x5ab930	num	1	68
cls_0x5ab930	num	1	72
cls_0x5ab930	num	1	76
cls_0x5ab930	num	1	80
cls_0x5ab930	num	1	84
cls_0x5ab930	num	1	88
cls_0x5ab930	num	1	92
cls_0x5ab930	num	1	96
cls_0x5abbb0	sum	1	fields=17 methods=0 lines=190
cls_0x5abbb0	num	2	20
cls_0x5abbb0	num	2	24
cls_0x5abbb0	num	2	60
cls_0x5abbb0	num	2	88
cls_0x5abbb0	num	1	0x10c
cls_0x5abbb0	num	1	104
cls_0x5abbb0	num	1	108
cls_0x5abbb0	num	1	156
cls_0x5abbb0	num	1	172
cls_0x5abbb0	num	1	216
cls_0x5abbb0	num	1	236
cls_0x5abbb0	num	1	252
cls_0x5abbb0	num	1	260
cls_0x5abbb0	num	1	264
cls_0x5abbb0	num	1	28
cls_0x5abbb0	num	1	36
cls_0x5abbb0	num	1	388
cls_0x5abbb0	num	1	392
cls_0x5abbb0	num	1	40
cls_0x5abbb0	num	1	44
cls_0x5abbb0	num	1	48
cls_0x5abbb0	num	1	52
cls_0x5abbb0	num	1	56
cls_0x5abbb0	num	1	68
cls_0x5abbb0	num	1	72
cls_0x5abbb0	num	1	76
cls_0x5abbb0	num	1	80
cls_0x5abbb0	num	1	84
cls_0x5abbb0	num	1	92
cls_0x5abbb0	num	1	96
cls_0x5abe4c	sum	1	fields=18 methods=0 lines=266
cls_0x5abe4c	num	3	0x32
cls_0x5abe4c	num	3	0x36
cls_0x5abe4c	num	2	0x11c
cls_0x5abe4c	num	2	20
cls_0x5abe4c	num	2	60
cls_0x5abe4c	num	1	0x1000
cls_0x5abe4c	num	1	0x14
cls_0x5abe4c	num	1	0x158
cls_0x5abe4c	num	1	0x170
cls_0x5abe4c	num	1	0x1b4
cls_0x5abe4c	num	1	0x3c
cls_0x5abe4c	num	1	0x8000
cls_0x5abe4c	num	1	104
cls_0x5abe4c	num	1	156
cls_0x5abe4c	num	1	172
cls_0x5abe4c	num	1	200
cls_0x5abe4c	num	1	216
cls_0x5abe4c	num	1	236
cls_0x5abe4c	num	1	24
cls_0x5abe4c	num	1	252
cls_0x5abe4c	num	1	28
cls_0x5abe4c	num	1	288
cls_0x5abe4c	num	1	304
cls_0x5abe4c	num	1	320
cls_0x5abe4c	num	1	352
cls_0x5abe4c	num	1	356
cls_0x5abe4c	num	1	36
cls_0x5abe4c	num	1	360
cls_0x5abe4c	num	1	364
cls_0x5abe4c	num	1	388
cls_0x5abe4c	num	1	392
cls_0x5abe4c	num	1	40
cls_0x5abe4c	num	1	44
cls_0x5abe4c	num	1	48
cls_0x5abe4c	num	1	52
cls_0x5abe4c	num	1	56
cls_0x5abe4c	num	1	68
cls_0x5abe4c	num	1	72
cls_0x5abe4c	num	1	76
cls_0x5abe4c	num	1	80
cls_0x5abe4c	num	1	84
cls_0x5abe4c	num	1	88
cls_0x5abe4c	num	1	92
cls_0x5abe4c	num	1	96
cls_0x5ac0cc	sum	1	fields=12 methods=0 lines=254
cls_0x5ac0cc	num	3	0x36
cls_0x5ac0cc	num	2	0x11c
cls_0x5ac0cc	num	2	20
cls_0x5ac0cc	num	2	60
cls_0x5ac0cc	num	1	0x1000
cls_0x5ac0cc	num	1	0x10c
cls_0x5ac0cc	num	1	0x158
cls_0x5ac0cc	num	1	0x18c
cls_0x5ac0cc	num	1	0x1b4
cls_0x5ac0cc	num	1	0x3c
cls_0x5ac0cc	num	1	0x3ecccccd
cls_0x5ac0cc	num	1	0x41f00000
cls_0x5ac0cc	num	1	0x48001
cls_0x5ac0cc	num	1	0x4b
cls_0x5ac0cc	num	1	0x8000
cls_0x5ac0cc	num	1	156
cls_0x5ac0cc	num	1	172
cls_0x5ac0cc	num	1	200
cls_0x5ac0cc	num	1	236
cls_0x5ac0cc	num	1	24
cls_0x5ac0cc	num	1	252
cls_0x5ac0cc	num	1	260
cls_0x5ac0cc	num	1	264
cls_0x5ac0cc	num	1	268
cls_0x5ac0cc	num	1	28
cls_0x5ac0cc	num	1	36
cls_0x5ac0cc	num	1	40
cls_0x5ac0cc	num	1	44
cls_0x5ac0cc	num	1	48
cls_0x5ac0cc	num	1	52
cls_0x5ac0cc	num	1	56
cls_0x5ac0cc	num	1	68
cls_0x5ac0cc	num	1	72
cls_0x5ac0cc	num	1	76
cls_0x5ac0cc	num	1	80
cls_0x5ac0cc	num	1	84
cls_0x5ac0cc	num	1	88
cls_0x5ac0cc	num	1	92
cls_0x5ac0cc	num	1	96
cls_0x5ac340	sum	1	fields=12 methods=0 lines=200
cls_0x5ac340	num	2	20
cls_0x5ac340	num	2	60
cls_0x5ac340	num	1	0x104
cls_0x5ac340	num	1	0x188
cls_0x5ac340	num	1	0x48001
cls_0x5ac340	num	1	156
cls_0x5ac340	num	1	172
cls_0x5ac340	num	1	236
cls_0x5ac340	num	1	24
cls_0x5ac340	num	1	252
cls_0x5ac340	num	1	28
cls_0x5ac340	num	1	36
cls_0x5ac340	num	1	388
cls_0x5ac340	num	1	392
cls_0x5ac340	num	1	396
cls_0x5ac340	num	1	40
cls_0x5ac340	num	1	44
cls_0x5ac340	num	1	48
cls_0x5ac340	num	1	52
cls_0x5ac340	num	1	56
cls_0x5ac340	num	1	68
cls_0x5ac340	num	1	72
cls_0x5ac340	num	1	76
cls_0x5ac340	num	1	80
cls_0x5ac340	num	1	84
cls_0x5ac340	num	1	88
cls_0x5ac340	num	1	92
cls_0x5ac340	num	1	96
cls_0x5ac5b0	sum	1	fields=16 methods=0 lines=177
cls_0x5ac5b0	num	2	20
cls_0x5ac5b0	num	2	60
cls_0x5ac5b0	num	1	0x118
cls_0x5ac5b0	num	1	0x200
cls_0x5ac5b0	num	1	0x3f000000
cls_0x5ac5b0	num	1	156
cls_0x5ac5b0	num	1	172
cls_0x5ac5b0	num	1	236
cls_0x5ac5b0	num	1	24
cls_0x5ac5b0	num	1	252
cls_0x5ac5b0	num	1	260
cls_0x5ac5b0	num	1	264
cls_0x5ac5b0	num	1	268
cls_0x5ac5b0	num	1	272
cls_0x5ac5b0	num	1	276
cls_0x5ac5b0	num	1	28
cls_0x5ac5b0	num	1	36
cls_0x5ac5b0	num	1	388
cls_0x5ac5b0	num	1	392
cls_0x5ac5b0	num	1	40
cls_0x5ac5b0	num	1	44
cls_0x5ac5b0	num	1	48
cls_0x5ac5b0	num	1	52
cls_0x5ac5b0	num	1	56
cls_0x5ac5b0	num	1	68
cls_0x5ac5b0	num	1	72
cls_0x5ac5b0	num	1	76
cls_0x5ac5b0	num	1	80
cls_0x5ac5b0	num	1	84
cls_0x5ac5b0	num	1	88
cls_0x5ac5b0	num	1	92
cls_0x5ac5b0	num	1	96
cls_0x5ac83c	sum	1	fields=22 methods=0 lines=248
cls_0x5ac83c	num	3	0x3e99999a
cls_0x5ac83c	num	2	20
cls_0x5ac83c	num	2	60
cls_0x5ac83c	num	1	0x100
cls_0x5ac83c	num	1	0x11
cls_0x5ac83c	num	1	0x12
cls_0x5ac83c	num	1	0x128
cls_0x5ac83c	num	1	0x16
cls_0x5ac83c	num	1	0x184
cls_0x5ac83c	num	1	0x30
cls_0x5ac83c	num	1	0x48001
cls_0x5ac83c	num	1	104
cls_0x5ac83c	num	1	156
cls_0x5ac83c	num	1	172
cls_0x5ac83c	num	1	236
cls_0x5ac83c	num	1	24
cls_0x5ac83c	num	1	252
cls_0x5ac83c	num	1	260
cls_0x5ac83c	num	1	264
cls_0x5ac83c	num	1	268
cls_0x5ac83c	num	1	272
cls_0x5ac83c	num	1	276
cls_0x5ac83c	num	1	28
cls_0x5ac83c	num	1	280
cls_0x5ac83c	num	1	284
cls_0x5ac83c	num	1	288
cls_0x5ac83c	num	1	292
cls_0x5ac83c	num	1	36
cls_0x5ac83c	num	1	388
cls_0x5ac83c	num	1	392
cls_0x5ac83c	num	1	396
cls_0x5ac83c	num	1	40
cls_0x5ac83c	num	1	400
cls_0x5ac83c	num	1	44
cls_0x5ac83c	num	1	48
cls_0x5ac83c	num	1	52
cls_0x5ac83c	num	1	56
cls_0x5ac83c	num	1	68
cls_0x5ac83c	num	1	72
cls_0x5ac83c	num	1	76
cls_0x5ac83c	num	1	80
cls_0x5ac83c	num	1	84
cls_0x5ac83c	num	1	88
cls_0x5ac83c	num	1	92
cls_0x5ac83c	num	1	96
cls_0x5acaa8	sum	1	fields=24 methods=1 lines=383
cls_0x5acaa8	num	2	0x1c
cls_0x5acaa8	num	2	20
cls_0x5acaa8	num	2	60
cls_0x5acaa8	num	1	00523490
cls_0x5acaa8	num	1	00523940
cls_0x5acaa8	num	1	0x110
cls_0x5acaa8	num	1	0x14
cls_0x5acaa8	num	1	0x19c
cls_0x5acaa8	num	1	0x3200
cls_0x5acaa8	num	1	0x48001
cls_0x5acaa8	num	1	0x70
cls_0x5acaa8	num	1	0xa0
cls_0x5acaa8	num	1	0xa4
cls_0x5acaa8	num	1	0xbf800000
cls_0x5acaa8	num	1	1016
cls_0x5acaa8	num	1	1020
cls_0x5acaa8	num	1	1028
cls_0x5acaa8	num	1	1032
cls_0x5acaa8	num	1	156
cls_0x5acaa8	num	1	172
cls_0x5acaa8	num	1	236
cls_0x5acaa8	num	1	24
cls_0x5acaa8	num	1	252
cls_0x5acaa8	num	1	268
cls_0x5acaa8	num	1	272
cls_0x5acaa8	num	1	276
cls_0x5acaa8	num	1	28
cls_0x5acaa8	num	1	36
cls_0x5acaa8	num	1	360
cls_0x5acaa8	num	1	40
cls_0x5acaa8	num	1	400
cls_0x5acaa8	num	1	44
cls_0x5acaa8	num	1	48
cls_0x5acaa8	num	1	52
cls_0x5acaa8	num	1	520
cls_0x5acaa8	num	1	56
cls_0x5acaa8	num	1	68
cls_0x5acaa8	num	1	72
cls_0x5acaa8	num	1	76
cls_0x5acaa8	num	1	80
cls_0x5acaa8	num	1	84
cls_0x5acaa8	num	1	88
cls_0x5acaa8	num	1	92
cls_0x5acaa8	num	1	920
cls_0x5acaa8	num	1	924
cls_0x5acaa8	num	1	928
cls_0x5acaa8	num	1	932
cls_0x5acaa8	num	1	936
cls_0x5acaa8	num	1	96
cls_0x5acaa8	meth	1	meth_0x40ed40:v():311
cls_0x5acd18	sum	1	fields=31 methods=0 lines=205
cls_0x5acd18	num	2	0x11c
cls_0x5acd18	num	2	20
cls_0x5acd18	num	2	60
cls_0x5acd18	num	1	0x1000
cls_0x5acd18	num	1	0x1b4
cls_0x5acd18	num	1	0x558
cls_0x5acd18	num	1	0x8000
cls_0x5acd18	num	1	1332
cls_0x5acd18	num	1	1336
cls_0x5acd18	num	1	1340
cls_0x5acd18	num	1	1344
cls_0x5acd18	num	1	1348
cls_0x5acd18	num	1	1352
cls_0x5acd18	num	1	1356
cls_0x5acd18	num	1	1360
cls_0x5acd18	num	1	1364
cls_0x5acd18	num	1	1368
cls_0x5acd18	num	1	156
cls_0x5acd18	num	1	172
cls_0x5acd18	num	1	200
cls_0x5acd18	num	1	216
cls_0x5acd18	num	1	236
cls_0x5acd18	num	1	24
cls_0x5acd18	num	1	252
cls_0x5acd18	num	1	264
cls_0x5acd18	num	1	268
cls_0x5acd18	num	1	272
cls_0x5acd18	num	1	276
cls_0x5acd18	num	1	28
cls_0x5acd18	num	1	280
cls_0x5acd18	num	1	284
cls_0x5acd18	num	1	36
cls_0x5acd18	num	1	388
cls_0x5acd18	num	1	392
cls_0x5acd18	num	1	396
cls_0x5acd18	num	1	40
cls_0x5acd18	num	1	400
cls_0x5acd18	num	1	404
cls_0x5acd18	num	1	408
cls_0x5acd18	num	1	44
cls_0x5acd18	num	1	48
cls_0x5acd18	num	1	52
cls_0x5acd18	num	1	56
cls_0x5acd18	num	1	68
cls_0x5acd18	num	1	72
cls_0x5acd18	num	1	76
cls_0x5acd18	num	1	80
cls_0x5acd18	num	1	84
cls_0x5acd18	num	1	88
cls_0x5acd18	num	1	92
cls_0x5acd18	num	1	96
cls_0x5acf9c	sum	1	fields=10 methods=0 lines=179
cls_0x5acf9c	num	2	20
cls_0x5acf9c	num	2	60
cls_0x5acf9c	num	1	0x104
cls_0x5acf9c	num	1	0x4f8
cls_0x5acf9c	num	1	104
cls_0x5acf9c	num	1	156
cls_0x5acf9c	num	1	172
cls_0x5acf9c	num	1	236
cls_0x5acf9c	num	1	24
cls_0x5acf9c	num	1	252
cls_0x5acf9c	num	1	260
cls_0x5acf9c	num	1	28
cls_0x5acf9c	num	1	36
cls_0x5acf9c	num	1	40
cls_0x5acf9c	num	1	44
cls_0x5acf9c	num	1	48
cls_0x5acf9c	num	1	52
cls_0x5acf9c	num	1	56
cls_0x5acf9c	num	1	68
cls_0x5acf9c	num	1	72
cls_0x5acf9c	num	1	76
cls_0x5acf9c	num	1	80
cls_0x5acf9c	num	1	84
cls_0x5acf9c	num	1	88
cls_0x5acf9c	num	1	92
cls_0x5acf9c	num	1	96
cls_0x5ad004	sum	1	fields=18 methods=0 lines=146
cls_0x5ad004	num	2	20
cls_0x5ad004	num	2	60
cls_0x5ad004	num	1	0x184
cls_0x5ad004	num	1	0x48001
cls_0x5ad004	num	1	156
cls_0x5ad004	num	1	172
cls_0x5ad004	num	1	236
cls_0x5ad004	num	1	24
cls_0x5ad004	num	1	252
cls_0x5ad004	num	1	260
cls_0x5ad004	num	1	264
cls_0x5ad004	num	1	268
cls_0x5ad004	num	1	272
cls_0x5ad004	num	1	276
cls_0x5ad004	num	1	28
cls_0x5ad004	num	1	280
cls_0x5ad004	num	1	304
cls_0x5ad004	num	1	308
cls_0x5ad004	num	1	312
cls_0x5ad004	num	1	36
cls_0x5ad004	num	1	40
cls_0x5ad004	num	1	44
cls_0x5ad004	num	1	48
cls_0x5ad004	num	1	52
cls_0x5ad004	num	1	56
cls_0x5ad004	num	1	68
cls_0x5ad004	num	1	72
cls_0x5ad004	num	1	76
cls_0x5ad004	num	1	80
cls_0x5ad004	num	1	84
cls_0x5ad004	num	1	88
cls_0x5ad004	num	1	92
cls_0x5ad004	num	1	96
cls_0x5ad26c	sum	1	fields=13 methods=0 lines=206
cls_0x5ad26c	num	2	20
cls_0x5ad26c	num	2	60
cls_0x5ad26c	num	1	0x110
cls_0x5ad26c	num	1	0x14
cls_0x5ad26c	num	1	0x158
cls_0x5ad26c	num	1	0x18
cls_0x5ad26c	num	1	104
cls_0x5ad26c	num	1	108
cls_0x5ad26c	num	1	156
cls_0x5ad26c	num	1	172
cls_0x5ad26c	num	1	236
cls_0x5ad26c	num	1	24
cls_0x5ad26c	num	1	252
cls_0x5ad26c	num	1	260
cls_0x5ad26c	num	1	264
cls_0x5ad26c	num	1	268
cls_0x5ad26c	num	1	272
cls_0x5ad26c	num	1	28
cls_0x5ad26c	num	1	36
cls_0x5ad26c	num	1	40
cls_0x5ad26c	num	1	4000
cls_0x5ad26c	num	1	44
cls_0x5ad26c	num	1	48
cls_0x5ad26c	num	1	52
cls_0x5ad26c	num	1	56
cls_0x5ad26c	num	1	68
cls_0x5ad26c	num	1	72
cls_0x5ad26c	num	1	76
cls_0x5ad26c	num	1	80
cls_0x5ad26c	num	1	84
cls_0x5ad26c	num	1	88
cls_0x5ad26c	num	1	92
cls_0x5ad26c	num	1	96
cls_0x5ad4e4	sum	1	fields=13 methods=0 lines=247
cls_0x5ad4e4	num	2	20
cls_0x5ad4e4	num	2	60
cls_0x5ad4e4	num	1	0x110
cls_0x5ad4e4	num	1	0x14
cls_0x5ad4e4	num	1	0x158
cls_0x5ad4e4	num	1	0x18
cls_0x5ad4e4	num	1	0x184
cls_0x5ad4e4	num	1	0x19
cls_0x5ad4e4	num	1	0x48001
cls_0x5ad4e4	num	1	104
cls_0x5ad4e4	num	1	108
cls_0x5ad4e4	num	1	112
cls_0x5ad4e4	num	1	156
cls_0x5ad4e4	num	1	172
cls_0x5ad4e4	num	1	236
cls_0x5ad4e4	num	1	24
cls_0x5ad4e4	num	1	252
cls_0x5ad4e4	num	1	260
cls_0x5ad4e4	num	1	264
cls_0x5ad4e4	num	1	268
cls_0x5ad4e4	num	1	272
cls_0x5ad4e4	num	1	28
cls_0x5ad4e4	num	1	36
cls_0x5ad4e4	num	1	40
cls_0x5ad4e4	num	1	44
cls_0x5ad4e4	num	1	48
cls_0x5ad4e4	num	1	52
cls_0x5ad4e4	num	1	56
cls_0x5ad4e4	num	1	68
cls_0x5ad4e4	num	1	72
cls_0x5ad4e4	num	1	76
cls_0x5ad4e4	num	1	80
cls_0x5ad4e4	num	1	84
cls_0x5ad4e4	num	1	88
cls_0x5ad4e4	num	1	92
cls_0x5ad4e4	num	1	96
cls_0x5ad758	sum	1	fields=13 methods=0 lines=167
cls_0x5ad758	num	2	20
cls_0x5ad758	num	2	60
cls_0x5ad758	num	1	0x110
cls_0x5ad758	num	1	156
cls_0x5ad758	num	1	172
cls_0x5ad758	num	1	236
cls_0x5ad758	num	1	24
cls_0x5ad758	num	1	252
cls_0x5ad758	num	1	260
cls_0x5ad758	num	1	264
cls_0x5ad758	num	1	268
cls_0x5ad758	num	1	272
cls_0x5ad758	num	1	28
cls_0x5ad758	num	1	36
cls_0x5ad758	num	1	40
cls_0x5ad758	num	1	44
cls_0x5ad758	num	1	48
cls_0x5ad758	num	1	52
cls_0x5ad758	num	1	56
cls_0x5ad758	num	1	68
cls_0x5ad758	num	1	72
cls_0x5ad758	num	1	76
cls_0x5ad758	num	1	80
cls_0x5ad758	num	1	84
cls_0x5ad758	num	1	88
cls_0x5ad758	num	1	92
cls_0x5ad758	num	1	96
cls_0x5ad9d4	sum	1	fields=9 methods=0 lines=229
cls_0x5ad9d4	num	6	0x1e
cls_0x5ad9d4	num	3	0x16
cls_0x5ad9d4	num	3	0x54
cls_0x5ad9d4	num	3	0xa50
cls_0x5ad9d4	num	1	0x17c
cls_0x5ad9d4	num	1	0x7f
cls_0x5ad9d4	num	1	20
cls_0x5ad9d4	num	1	24
cls_0x5ad9d4	num	1	252
cls_0x5ad9d4	num	1	28
cls_0x5ad9d4	num	1	292
cls_0x5ad9d4	num	1	296
cls_0x5ad9d4	num	1	332
cls_0x5ad9d4	num	1	336
cls_0x5ad9d4	num	1	36
cls_0x5ad9d4	num	1	372
cls_0x5ad9d4	num	1	376
cls_0x5ad9d4	num	1	380
cls_0x5ad9d4	num	1	40
cls_0x5ad9d4	num	1	44
cls_0x5ad9d4	num	1	48
cls_0x5ad9d4	num	1	52
cls_0x5ad9d4	num	1	56
cls_0x5ad9d4	num	1	60
cls_0x5ad9d4	num	1	68
cls_0x5ad9d4	num	1	72
cls_0x5ad9d4	num	1	76
cls_0x5ad9d4	num	1	80
cls_0x5ad9d4	num	1	84
cls_0x5ad9d4	num	1	88
cls_0x5ad9d4	num	1	92
cls_0x5ad9d4	num	1	96
cls_0x5b0074	sum	1	fields=98 methods=0 lines=2260
cls_0x5b0074	num	6	0x134
cls_0x5b0074	num	3	0x184
cls_0x5b0074	num	3	0x188
cls_0x5b0074	num	3	0x3f000000
cls_0x5b0074	num	2	0x11
cls_0x5b0074	num	2	0x12
cls_0x5b0074	num	2	0x1c
cls_0x5b0074	num	2	0x28
cls_0x5b0074	num	2	0x2e
cls_0x5b0074	num	2	0x7f
cls_0x5b0074	num	2	0x8001
cls_0x5b0074	num	2	0xf8
cls_0x5b0074	num	2	20
cls_0x5b0074	num	2	400
cls_0x5b0074	num	2	60
cls_0x5b0074	num	2	84
cls_0x5b0074	num	2	88
cls_0x5b0074	num	1	00500110
cls_0x5b0074	num	1	00500120
cls_0x5b0074	num	1	00500290
cls_0x5b0074	num	1	00500420
cls_0x5b0074	num	1	00500440
cls_0x5b0074	num	1	00500730
cls_0x5b0074	num	1	00500750
cls_0x5b0074	num	1	00500760
cls_0x5b0074	num	1	00501180
cls_0x5b0074	num	1	00501250
cls_0x5b0074	num	1	00501270
cls_0x5b0074	num	1	00501280
cls_0x5b0074	num	1	00501320
cls_0x5b0074	num	1	00501340
cls_0x5b0074	num	1	00501350
cls_0x5b0074	num	1	00501410
cls_0x5b0074	num	1	00501420
cls_0x5b0074	num	1	00501590
cls_0x5b0074	num	1	00501720
cls_0x5b0074	num	1	00501740
cls_0x5b0074	num	1	00509290
cls_0x5b0074	num	1	00509640
cls_0x5b0074	num	1	00509910
cls_0x5b0074	num	1	00509930
cls_0x5b0074	num	1	00516820
cls_0x5b0074	num	1	00523900
cls_0x5b0074	num	1	0x18c
cls_0x5b0074	num	1	0x194
cls_0x5b0074	num	1	0x198
cls_0x5b0074	num	1	0x19c
cls_0x5b0074	num	1	0x1a0
cls_0x5b0074	num	1	0x2000
cls_0x5b0074	num	1	0x29
cls_0x5b0074	num	1	0x2d
cls_0x5b0074	num	1	0x3dcccccd
cls_0x5b0074	num	1	0x3e800000
cls_0x5b0074	num	1	0x400048
cls_0x5b0074	num	1	0x48
cls_0x5b0074	num	1	0x48001
cls_0x5b0074	num	1	0x4c009
cls_0x5b0074	num	1	0x548
cls_0x5b0074	num	1	0x80000
cls_0x5b0074	num	1	0xa0
cls_0x5b0074	num	1	0xa4
cls_0x5b0074	num	1	0xbe800000
cls_0x5b0074	num	1	104
cls_0x5b0074	num	1	1112
cls_0x5b0074	num	1	120
cls_0x5b0074	num	1	1220
cls_0x5b0074	num	1	1224
cls_0x5b0074	num	1	1232
cls_0x5b0074	num	1	1236
cls_0x5b0074	num	1	124
cls_0x5b0074	num	1	1452
cls_0x5b0074	num	1	1504
cls_0x5b0074	num	1	156
cls_0x5b0074	num	1	172
cls_0x5b0074	num	1	1784
cls_0x5b0074	num	1	2064
cls_0x5b0074	num	1	2072
cls_0x5b0074	num	1	236
cls_0x5b0074	num	1	24
cls_0x5b0074	num	1	252
cls_0x5b0074	num	1	260
cls_0x5b0074	num	1	264
cls_0x5b0074	num	1	2652
cls_0x5b0074	num	1	268
cls_0x5b0074	num	1	272
cls_0x5b0074	num	1	276
cls_0x5b0074	num	1	28
cls_0x5b0074	num	1	280
cls_0x5b0074	num	1	284
cls_0x5b0074	num	1	288
cls_0x5b0074	num	1	2912
cls_0x5b0074	num	1	2916
cls_0x5b0074	num	1	292
cls_0x5b0074	num	1	2920
cls_0x5b0074	num	1	296
cls_0x5b0074	num	1	300
cls_0x5b0074	num	1	304
cls_0x5b0074	num	1	312
cls_0x5b0074	num	1	316
cls_0x5b0074	num	1	320
cls_0x5b0074	num	1	324
cls_0x5b0074	num	1	3252
cls_0x5b0074	num	1	3256
cls_0x5b0074	num	1	3260
cls_0x5b0074	num	1	328
cls_0x5b0074	num	1	340
cls_0x5b0074	num	1	348
cls_0x5b0074	num	1	352
cls_0x5b0074	num	1	356
cls_0x5b0074	num	1	36
cls_0x5b0074	num	1	360
cls_0x5b0074	num	1	372
cls_0x5b0074	num	1	3752
cls_0x5b0074	num	1	376
cls_0x5b0074	num	1	380
cls_0x5b0074	num	1	384
cls_0x5b0074	num	1	388
cls_0x5b0074	num	1	392
cls_0x5b0074	num	1	396
cls_0x5b0074	num	1	40
cls_0x5b0074	num	1	4032
cls_0x5b0074	num	1	428
cls_0x5b0074	num	1	4312
cls_0x5b0074	num	1	432
cls_0x5b0074	num	1	44
cls_0x5b0074	num	1	440
cls_0x5b0074	num	1	4512
cls_0x5b0074	num	1	4516
cls_0x5b0074	num	1	4520
cls_0x5b0074	num	1	4524
cls_0x5b0074	num	1	460
cls_0x5b0074	num	1	464
cls_0x5b0074	num	1	48
cls_0x5b0074	num	1	492
cls_0x5b0074	num	1	496
cls_0x5b0074	num	1	52
cls_0x5b0074	num	1	532
cls_0x5b0074	num	1	536
cls_0x5b0074	num	1	540
cls_0x5b0074	num	1	56
cls_0x5b0074	num	1	620
cls_0x5b0074	num	1	632
cls_0x5b0074	num	1	636
cls_0x5b0074	num	1	640
cls_0x5b0074	num	1	68
cls_0x5b0074	num	1	712
cls_0x5b0074	num	1	72
cls_0x5b0074	num	1	740
cls_0x5b0074	num	1	744
cls_0x5b0074	num	1	748
cls_0x5b0074	num	1	76
cls_0x5b0074	num	1	80
cls_0x5b0074	num	1	852
cls_0x5b0074	num	1	856
cls_0x5b0074	num	1	860
cls_0x5b0074	num	1	864
cls_0x5b0074	num	1	868
cls_0x5b0074	num	1	872
cls_0x5b0074	num	1	92
cls_0x5b0074	num	1	96
cls_0x5b0074	num	1	964
cls_0x5b0074	num	1	968
cls_0x5b0074	num	1	972
cls_0x5b0074	num	1	980
cls_0x5b0074	num	1	992
cls_0x5b0a28	sum	1	fields=28 methods=0 lines=200
cls_0x5b0a28	num	2	0x120
cls_0x5b0a28	num	2	20
cls_0x5b0a28	num	2	300
cls_0x5b0a28	num	1	00509360
cls_0x5b0a28	num	1	00509390
cls_0x5b0a28	num	1	00509430
cls_0x5b0a28	num	1	00509450
cls_0x5b0a28	num	1	0x19
cls_0x5b0a28	num	1	0x32
cls_0x5b0a28	num	1	0x3c
cls_0x5b0a28	num	1	0x54
cls_0x5b0a28	num	1	0x578
cls_0x5b0a28	num	1	0x58
cls_0x5b0a28	num	1	1196
cls_0x5b0a28	num	1	1296
cls_0x5b0a28	num	1	1396
cls_0x5b0a28	num	1	1400
cls_0x5b0a28	num	1	172
cls_0x5b0a28	num	1	216
cls_0x5b0a28	num	1	24
cls_0x5b0a28	num	1	252
cls_0x5b0a28	num	1	260
cls_0x5b0a28	num	1	264
cls_0x5b0a28	num	1	268
cls_0x5b0a28	num	1	272
cls_0x5b0a28	num	1	28
cls_0x5b0a28	num	1	356
cls_0x5b0a28	num	1	36
cls_0x5b0a28	num	1	388
cls_0x5b0a28	num	1	392
cls_0x5b0a28	num	1	40
cls_0x5b0a28	num	1	436
cls_0x5b0a28	num	1	44
cls_0x5b0a28	num	1	48
cls_0x5b0a28	num	1	516
cls_0x5b0a28	num	1	52
cls_0x5b0a28	num	1	56
cls_0x5b0a28	num	1	596
cls_0x5b0a28	num	1	60
cls_0x5b0a28	num	1	616
cls_0x5b0a28	num	1	636
cls_0x5b0a28	num	1	656
cls_0x5b0a28	num	1	68
cls_0x5b0a28	num	1	72
cls_0x5b0a28	num	1	736
cls_0x5b0a28	num	1	76
cls_0x5b0a28	num	1	80
cls_0x5b0a28	num	1	816
cls_0x5b0a28	num	1	84
cls_0x5b0a28	num	1	88
cls_0x5b0a28	num	1	92
cls_0x5b0a28	num	1	96
cls_0x5b0a28	num	1	996
cls_0x5b0cfc	sum	1	fields=17 methods=0 lines=183
cls_0x5b0cfc	num	2	20
cls_0x5b0cfc	num	2	60
cls_0x5b0cfc	num	1	00503740
cls_0x5b0cfc	num	1	00509620
cls_0x5b0cfc	num	1	00509650
cls_0x5b0cfc	num	1	00509710
cls_0x5b0cfc	num	1	0x104
cls_0x5b0cfc	num	1	0x42c80000
cls_0x5b0cfc	num	1	156
cls_0x5b0cfc	num	1	172
cls_0x5b0cfc	num	1	236
cls_0x5b0cfc	num	1	24
cls_0x5b0cfc	num	1	252
cls_0x5b0cfc	num	1	260
cls_0x5b0cfc	num	1	264
cls_0x5b0cfc	num	1	268
cls_0x5b0cfc	num	1	272
cls_0x5b0cfc	num	1	276
cls_0x5b0cfc	num	1	28
cls_0x5b0cfc	num	1	280
cls_0x5b0cfc	num	1	284
cls_0x5b0cfc	num	1	288
cls_0x5b0cfc	num	1	36
cls_0x5b0cfc	num	1	40
cls_0x5b0cfc	num	1	44
cls_0x5b0cfc	num	1	48
cls_0x5b0cfc	num	1	52
cls_0x5b0cfc	num	1	56
cls_0x5b0cfc	num	1	68
cls_0x5b0cfc	num	1	72
cls_0x5b0cfc	num	1	76
cls_0x5b0cfc	num	1	80
cls_0x5b0cfc	num	1	84
cls_0x5b0cfc	num	1	88
cls_0x5b0cfc	num	1	92
cls_0x5b0cfc	num	1	96
cls_0x5b1ab8	sum	1	fields=27 methods=0 lines=162
cls_0x5b1ab8	num	2	20
cls_0x5b1ab8	num	2	60
cls_0x5b1ab8	num	1	0x3c4
cls_0x5b1ab8	num	1	156
cls_0x5b1ab8	num	1	172
cls_0x5b1ab8	num	1	236
cls_0x5b1ab8	num	1	24
cls_0x5b1ab8	num	1	252
cls_0x5b1ab8	num	1	260
cls_0x5b1ab8	num	1	28
cls_0x5b1ab8	num	1	36
cls_0x5b1ab8	num	1	388
cls_0x5b1ab8	num	1	40
cls_0x5b1ab8	num	1	44
cls_0x5b1ab8	num	1	48
cls_0x5b1ab8	num	1	508
cls_0x5b1ab8	num	1	516
cls_0x5b1ab8	num	1	52
cls_0x5b1ab8	num	1	56
cls_0x5b1ab8	num	1	636
cls_0x5b1ab8	num	1	640
cls_0x5b1ab8	num	1	644
cls_0x5b1ab8	num	1	68
cls_0x5b1ab8	num	1	72
cls_0x5b1ab8	num	1	76
cls_0x5b1ab8	num	1	764
cls_0x5b1ab8	num	1	768
cls_0x5b1ab8	num	1	772
cls_0x5b1ab8	num	1	80
cls_0x5b1ab8	num	1	84
cls_0x5b1ab8	num	1	88
cls_0x5b1ab8	num	1	892
cls_0x5b1ab8	num	1	908
cls_0x5b1ab8	num	1	92
cls_0x5b1ab8	num	1	924
cls_0x5b1ab8	num	1	928
cls_0x5b1ab8	num	1	944
cls_0x5b1ab8	num	1	948
cls_0x5b1ab8	num	1	952
cls_0x5b1ab8	num	1	96
cls_0x5b1d28	sum	1	fields=55 methods=0 lines=224
cls_0x5b1d28	num	2	20
cls_0x5b1d28	num	2	24
cls_0x5b1d28	num	2	60
cls_0x5b1d28	num	1	0x1ac
cls_0x5b1d28	num	1	0x9130
cls_0x5b1d28	num	1	156
cls_0x5b1d28	num	1	172
cls_0x5b1d28	num	1	216
cls_0x5b1d28	num	1	236
cls_0x5b1d28	num	1	264
cls_0x5b1d28	num	1	268
cls_0x5b1d28	num	1	272
cls_0x5b1d28	num	1	276
cls_0x5b1d28	num	1	28
cls_0x5b1d28	num	1	280
cls_0x5b1d28	num	1	284
cls_0x5b1d28	num	1	292
cls_0x5b1d28	num	1	296
cls_0x5b1d28	num	1	304
cls_0x5b1d28	num	1	308
cls_0x5b1d28	num	1	312
cls_0x5b1d28	num	1	316
cls_0x5b1d28	num	1	320
cls_0x5b1d28	num	1	324
cls_0x5b1d28	num	1	328
cls_0x5b1d28	num	1	332
cls_0x5b1d28	num	1	336
cls_0x5b1d28	num	1	352
cls_0x5b1d28	num	1	356
cls_0x5b1d28	num	1	36
cls_0x5b1d28	num	1	360
cls_0x5b1d28	num	1	364
cls_0x5b1d28	num	1	368
cls_0x5b1d28	num	1	37116
cls_0x5b1d28	num	1	37120
cls_0x5b1d28	num	1	37124
cls_0x5b1d28	num	1	37128
cls_0x5b1d28	num	1	37132
cls_0x5b1d28	num	1	37136
cls_0x5b1d28	num	1	37140
cls_0x5b1d28	num	1	37144
cls_0x5b1d28	num	1	37148
cls_0x5b1d28	num	1	37152
cls_0x5b1d28	num	1	37156
cls_0x5b1d28	num	1	37160
cls_0x5b1d28	num	1	37164
cls_0x5b1d28	num	1	37168
cls_0x5b1d28	num	1	372
cls_0x5b1d28	num	1	376
cls_0x5b1d28	num	1	380
cls_0x5b1d28	num	1	384
cls_0x5b1d28	num	1	388
cls_0x5b1d28	num	1	392
cls_0x5b1d28	num	1	396
cls_0x5b1d28	num	1	40
cls_0x5b1d28	num	1	404
cls_0x5b1d28	num	1	44
cls_0x5b1d28	num	1	48
cls_0x5b1d28	num	1	52
cls_0x5b1d28	num	1	56
cls_0x5b1d28	num	1	68
cls_0x5b1d28	num	1	72
cls_0x5b1d28	num	1	76
cls_0x5b1d28	num	1	80
cls_0x5b1d28	num	1	84
cls_0x5b1d28	num	1	88
cls_0x5b1d28	num	1	92
cls_0x5b1d28	num	1	96
cls_0x5b2764	sum	1	fields=1 methods=0 lines=204
cls_0x5b2764	num	1	0x108
cls_0x5b2764	num	1	0x8001
cls_0x5b2764	num	1	0xfc
cls_0x5b2764	num	1	104
cls_0x5b2764	num	1	20
cls_0x5b2764	num	1	24
cls_0x5b2764	num	1	28
cls_0x5b2764	num	1	36
cls_0x5b2764	num	1	40
cls_0x5b2764	num	1	44
cls_0x5b2764	num	1	48
cls_0x5b2764	num	1	52
cls_0x5b2764	num	1	56
cls_0x5b2764	num	1	60
cls_0x5b2764	num	1	68
cls_0x5b2764	num	1	72
cls_0x5b2764	num	1	76
cls_0x5b2764	num	1	80
cls_0x5b2764	num	1	84
cls_0x5b2764	num	1	88
cls_0x5b2764	num	1	92
cls_0x5b2764	num	1	96
cls_0x5b30fc	sum	1	fields=8 methods=0 lines=274
cls_0x5b30fc	num	2	0xf0
cls_0x5b30fc	num	2	0xfc
cls_0x5b30fc	num	2	20
cls_0x5b30fc	num	2	60
cls_0x5b30fc	num	1	104
cls_0x5b30fc	num	1	156
cls_0x5b30fc	num	1	172
cls_0x5b30fc	num	1	236
cls_0x5b30fc	num	1	24
cls_0x5b30fc	num	1	240
cls_0x5b30fc	num	1	28
cls_0x5b30fc	num	1	36
cls_0x5b30fc	num	1	40
cls_0x5b30fc	num	1	44
cls_0x5b30fc	num	1	48
cls_0x5b30fc	num	1	52
cls_0x5b30fc	num	1	56
cls_0x5b30fc	num	1	68
cls_0x5b30fc	num	1	72
cls_0x5b30fc	num	1	76
cls_0x5b30fc	num	1	80
cls_0x5b30fc	num	1	84
cls_0x5b30fc	num	1	88
cls_0x5b30fc	num	1	92
cls_0x5b30fc	num	1	96
cls_0x5b3c18	sum	1	fields=6 methods=0 lines=301
cls_0x5b3c18	num	3	0x100000
cls_0x5b3c18	num	3	0x8000
cls_0x5b3c18	num	2	224
cls_0x5b3c18	num	2	388
cls_0x5b3c18	num	2	392
cls_0x5b3c18	num	2	396
cls_0x5b3c18	num	2	400
cls_0x5b3c18	num	2	404
cls_0x5b3c18	num	1	00510180
cls_0x5b3c18	num	1	00510400
cls_0x5b3c18	num	1	00510450
cls_0x5b3c18	num	1	00514950
cls_0x5b3c18	num	1	00515310
cls_0x5b3c18	num	1	00515330
cls_0x5b3c18	num	1	0x194
cls_0x5b3c18	num	1	0x7f
cls_0x5b3c18	num	1	104
cls_0x5b3c18	num	1	108
cls_0x5b3c18	num	1	112
cls_0x5b3c18	num	1	116
cls_0x5b3c18	num	1	120
cls_0x5b3c18	num	1	124
cls_0x5b3c18	num	1	132
cls_0x5b3c18	num	1	136
cls_0x5b3c18	num	1	140
cls_0x5b3c18	num	1	144
cls_0x5b3c18	num	1	148
cls_0x5b3c18	num	1	152
cls_0x5b3c18	num	1	156
cls_0x5b3c18	num	1	160
cls_0x5b3c18	num	1	164
cls_0x5b3c18	num	1	168
cls_0x5b3c18	num	1	172
cls_0x5b3c18	num	1	176
cls_0x5b3c18	num	1	180
cls_0x5b3c18	num	1	184
cls_0x5b3c18	num	1	188
cls_0x5b3c18	num	1	192
cls_0x5b3c18	num	1	196
cls_0x5b3c18	num	1	20
cls_0x5b3c18	num	1	200
cls_0x5b3c18	num	1	204
cls_0x5b3c18	num	1	208
cls_0x5b3c18	num	1	212
cls_0x5b3c18	num	1	216
cls_0x5b3c18	num	1	220
cls_0x5b3c18	num	1	228
cls_0x5b3c18	num	1	232
cls_0x5b3c18	num	1	236
cls_0x5b3c18	num	1	24
cls_0x5b3c18	num	1	240
cls_0x5b3c18	num	1	244
cls_0x5b3c18	num	1	248
cls_0x5b3c18	num	1	252
cls_0x5b3c18	num	1	260
cls_0x5b3c18	num	1	264
cls_0x5b3c18	num	1	268
cls_0x5b3c18	num	1	272
cls_0x5b3c18	num	1	276
cls_0x5b3c18	num	1	28
cls_0x5b3c18	num	1	280
cls_0x5b3c18	num	1	284
cls_0x5b3c18	num	1	288
cls_0x5b3c18	num	1	292
cls_0x5b3c18	num	1	296
cls_0x5b3c18	num	1	300
cls_0x5b3c18	num	1	304
cls_0x5b3c18	num	1	308
cls_0x5b3c18	num	1	312
cls_0x5b3c18	num	1	316
cls_0x5b3c18	num	1	320
cls_0x5b3c18	num	1	324
cls_0x5b3c18	num	1	328
cls_0x5b3c18	num	1	332
cls_0x5b3c18	num	1	336
cls_0x5b3c18	num	1	340
cls_0x5b3c18	num	1	344
cls_0x5b3c18	num	1	348
cls_0x5b3c18	num	1	352
cls_0x5b3c18	num	1	356
cls_0x5b3c18	num	1	36
cls_0x5b3c18	num	1	360
cls_0x5b3c18	num	1	364
cls_0x5b3c18	num	1	368
cls_0x5b3c18	num	1	372
cls_0x5b3c18	num	1	376
cls_0x5b3c18	num	1	380
cls_0x5b3c18	num	1	384
cls_0x5b3c18	num	1	40
cls_0x5b3c18	num	1	408
cls_0x5b3c18	num	1	412
cls_0x5b3c18	num	1	416
cls_0x5b3c18	num	1	420
cls_0x5b3c18	num	1	424
cls_0x5b3c18	num	1	428
cls_0x5b3c18	num	1	432
cls_0x5b3c18	num	1	436
cls_0x5b3c18	num	1	44
cls_0x5b3c18	num	1	440
cls_0x5b3c18	num	1	444
cls_0x5b3c18	num	1	448
cls_0x5b3c18	num	1	452
cls_0x5b3c18	num	1	456
cls_0x5b3c18	num	1	460
cls_0x5b3c18	num	1	464
cls_0x5b3c18	num	1	468
cls_0x5b3c18	num	1	472
cls_0x5b3c18	num	1	476
cls_0x5b3c18	num	1	48
cls_0x5b3c18	num	1	480
cls_0x5b3c18	num	1	484
cls_0x5b3c18	num	1	488
cls_0x5b3c18	num	1	492
cls_0x5b3c18	num	1	496
cls_0x5b3c18	num	1	500
cls_0x5b3c18	num	1	504
cls_0x5b3c18	num	1	508
cls_0x5b3c18	num	1	52
cls_0x5b3c18	num	1	56
cls_0x5b3c18	num	1	60
cls_0x5b3c18	num	1	68
cls_0x5b3c18	num	1	72
cls_0x5b3c18	num	1	76
cls_0x5b3c18	num	1	80
cls_0x5b3c18	num	1	84
cls_0x5b3c18	num	1	88
cls_0x5b3c18	num	1	92
cls_0x5b3c18	num	1	96
cls_0x5b401c	sum	1	fields=35 methods=0 lines=267
cls_0x5b401c	num	2	0x1f
cls_0x5b401c	num	2	20
cls_0x5b401c	num	2	28
cls_0x5b401c	num	2	36
cls_0x5b401c	num	2	60
cls_0x5b401c	num	2	88
cls_0x5b401c	num	1	00510220
cls_0x5b401c	num	1	0x100
cls_0x5b401c	num	1	0x100000
cls_0x5b401c	num	1	0x10008
cls_0x5b401c	num	1	0x1e0
cls_0x5b401c	num	1	0x21
cls_0x5b401c	num	1	0x508
cls_0x5b401c	num	1	0x8000
cls_0x5b401c	num	1	0xe0
cls_0x5b401c	num	1	0xfffefff7
cls_0x5b401c	num	1	0xfffffffe
cls_0x5b401c	num	1	1020
cls_0x5b401c	num	1	1084
cls_0x5b401c	num	1	1148
cls_0x5b401c	num	1	1152
cls_0x5b401c	num	1	1212
cls_0x5b401c	num	1	1276
cls_0x5b401c	num	1	1280
cls_0x5b401c	num	1	1284
cls_0x5b401c	num	1	1288
cls_0x5b401c	num	1	156
cls_0x5b401c	num	1	172
cls_0x5b401c	num	1	216
cls_0x5b401c	num	1	224
cls_0x5b401c	num	1	236
cls_0x5b401c	num	1	24
cls_0x5b401c	num	1	252
cls_0x5b401c	num	1	260
cls_0x5b401c	num	1	264
cls_0x5b401c	num	1	268
cls_0x5b401c	num	1	388
cls_0x5b401c	num	1	392
cls_0x5b401c	num	1	396
cls_0x5b401c	num	1	40
cls_0x5b401c	num	1	44
cls_0x5b401c	num	1	448
cls_0x5b401c	num	1	48
cls_0x5b401c	num	1	52
cls_0x5b401c	num	1	56
cls_0x5b401c	num	1	648
cls_0x5b401c	num	1	652
cls_0x5b401c	num	1	656
cls_0x5b401c	num	1	68
cls_0x5b401c	num	1	72
cls_0x5b401c	num	1	76
cls_0x5b401c	num	1	80
cls_0x5b401c	num	1	84
cls_0x5b401c	num	1	92
cls_0x5b401c	num	1	96
cls_0x5b4290	sum	1	fields=47 methods=4 lines=675
cls_0x5b4290	num	11	0x1f
cls_0x5b4290	num	7	0x18
cls_0x5b4290	num	6	0x11
cls_0x5b4290	num	6	0x12
cls_0x5b4290	num	6	0x1c
cls_0x5b4290	num	6	0x29
cls_0x5b4290	num	6	0x38
cls_0x5b4290	num	6	0x3c
cls_0x5b4290	num	6	0x58
cls_0x5b4290	num	6	0x5c
cls_0x5b4290	num	6	0x78
cls_0x5b4290	num	6	0x7c
cls_0x5b4290	num	6	0x80000003
cls_0x5b4290	num	6	0xfffffffc
cls_0x5b4290	num	5	0x16
cls_0x5b4290	num	5	0x168
cls_0x5b4290	num	5	0x36
cls_0x5b4290	num	5	0x3f860a92
cls_0x5b4290	num	5	0xbf060a92
cls_0x5b4290	num	4	0x2100
cls_0x5b4290	num	2	0x14
cls_0x5b4290	num	2	20
cls_0x5b4290	num	2	24
cls_0x5b4290	num	2	60
cls_0x5b4290	num	2	88
cls_0x5b4290	num	1	00511630
cls_0x5b4290	num	1	00511950
cls_0x5b4290	num	1	00512150
cls_0x5b4290	num	1	00515410
cls_0x5b4290	num	1	00515440
cls_0x5b4290	num	1	00515460
cls_0x5b4290	num	1	0x100
cls_0x5b4290	num	1	0x2000
cls_0x5b4290	num	1	0x209c
cls_0x5b4290	num	1	0x28
cls_0x5b4290	num	1	0x4cc
cls_0x5b4290	num	1	0x8000
cls_0x5b4290	num	1	0x80000
cls_0x5b4290	num	1	0xb40
cls_0x5b4290	num	1	0xbf490fdb
cls_0x5b4290	num	1	0xbf860a92
cls_0x5b4290	num	1	1188
cls_0x5b4290	num	1	1192
cls_0x5b4290	num	1	1196
cls_0x5b4290	num	1	1200
cls_0x5b4290	num	1	1204
cls_0x5b4290	num	1	1208
cls_0x5b4290	num	1	1212
cls_0x5b4290	num	1	1216
cls_0x5b4290	num	1	1220
cls_0x5b4290	num	1	1224
cls_0x5b4290	num	1	156
cls_0x5b4290	num	1	172
cls_0x5b4290	num	1	216
cls_0x5b4290	num	1	224
cls_0x5b4290	num	1	236
cls_0x5b4290	num	1	252
cls_0x5b4290	num	1	28
cls_0x5b4290	num	1	36
cls_0x5b4290	num	1	388
cls_0x5b4290	num	1	392
cls_0x5b4290	num	1	396
cls_0x5b4290	num	1	40
cls_0x5b4290	num	1	404
cls_0x5b4290	num	1	44
cls_0x5b4290	num	1	48
cls_0x5b4290	num	1	508
cls_0x5b4290	num	1	52
cls_0x5b4290	num	1	540
cls_0x5b4290	num	1	544
cls_0x5b4290	num	1	552
cls_0x5b4290	num	1	556
cls_0x5b4290	num	1	56
cls_0x5b4290	num	1	576
cls_0x5b4290	num	1	580
cls_0x5b4290	num	1	584
cls_0x5b4290	num	1	68
cls_0x5b4290	num	1	712
cls_0x5b4290	num	1	72
cls_0x5b4290	num	1	728
cls_0x5b4290	num	1	76
cls_0x5b4290	num	1	80
cls_0x5b4290	num	1	836
cls_0x5b4290	num	1	84
cls_0x5b4290	num	1	852
cls_0x5b4290	num	1	864
cls_0x5b4290	num	1	868
cls_0x5b4290	num	1	872
cls_0x5b4290	num	1	876
cls_0x5b4290	num	1	884
cls_0x5b4290	num	1	888
cls_0x5b4290	num	1	892
cls_0x5b4290	num	1	896
cls_0x5b4290	num	1	92
cls_0x5b4290	num	1	96
cls_0x5b4290	meth	1	meth_0x511630:v():126
cls_0x5b4290	meth	1	meth_0x511950:v():158
cls_0x5b4290	meth	1	meth_0x511dd0:v():71
cls_0x5b4290	meth	1	meth_0x511fa0:v():206
cls_0x5b42f0	sum	1	fields=25 methods=0 lines=85
cls_0x5b42f0	num	2	20
cls_0x5b42f0	num	1	00515290
cls_0x5b42f0	num	1	104
cls_0x5b42f0	num	1	108
cls_0x5b42f0	num	1	112
cls_0x5b42f0	num	1	116
cls_0x5b42f0	num	1	120
cls_0x5b42f0	num	1	124
cls_0x5b42f0	num	1	132
cls_0x5b42f0	num	1	24
cls_0x5b42f0	num	1	28
cls_0x5b42f0	num	1	36
cls_0x5b42f0	num	1	40
cls_0x5b42f0	num	1	44
cls_0x5b42f0	num	1	48
cls_0x5b42f0	num	1	52
cls_0x5b42f0	num	1	56
cls_0x5b42f0	num	1	60
cls_0x5b42f0	num	1	68
cls_0x5b42f0	num	1	72
cls_0x5b4308	sum	1	fields=35 methods=1 lines=258
cls_0x5b4308	num	2	0x12
cls_0x5b4308	num	2	20
cls_0x5b4308	num	2	24
cls_0x5b4308	num	2	28
cls_0x5b4308	num	1	00515240
cls_0x5b4308	num	1	00515260
cls_0x5b4308	num	1	0x14
cls_0x5b4308	num	1	0x18
cls_0x5b4308	num	1	0x1c
cls_0x5b4308	num	1	0x1f
cls_0x5b4308	num	1	0x24
cls_0x5b4308	num	1	0x28
cls_0x5b4308	num	1	0x2c
cls_0x5b4308	num	1	0x30
cls_0x5b4308	num	1	0x34
cls_0x5b4308	num	1	0x38
cls_0x5b4308	num	1	0x3c
cls_0x5b4308	num	1	0x44
cls_0x5b4308	num	1	0x48
cls_0x5b4308	num	1	104
cls_0x5b4308	num	1	108
cls_0x5b4308	num	1	112
cls_0x5b4308	num	1	116
cls_0x5b4308	num	1	120
cls_0x5b4308	num	1	124
cls_0x5b4308	num	1	132
cls_0x5b4308	num	1	136
cls_0x5b4308	num	1	140
cls_0x5b4308	num	1	144
cls_0x5b4308	num	1	36
cls_0x5b4308	num	1	40
cls_0x5b4308	num	1	44
cls_0x5b4308	num	1	48
cls_0x5b4308	num	1	52
cls_0x5b4308	num	1	56
cls_0x5b4308	num	1	60
cls_0x5b4308	num	1	68
cls_0x5b4308	num	1	72
cls_0x5b4308	num	1	76
cls_0x5b4308	num	1	80
cls_0x5b4308	num	1	84
cls_0x5b4308	num	1	88
cls_0x5b4308	num	1	92
cls_0x5b4308	num	1	96
cls_0x5b4308	meth	1	meth_0x50af40:v():169
cls_0x5b4534	sum	1	fields=30 methods=0 lines=201
cls_0x5b4534	num	2	20
cls_0x5b4534	num	2	60
cls_0x5b4534	num	1	00512430
cls_0x5b4534	num	1	00515520
cls_0x5b4534	num	1	00515540
cls_0x5b4534	num	1	0x27c
cls_0x5b4534	num	1	0x8000
cls_0x5b4534	num	1	156
cls_0x5b4534	num	1	172
cls_0x5b4534	num	1	224
cls_0x5b4534	num	1	236
cls_0x5b4534	num	1	24
cls_0x5b4534	num	1	252
cls_0x5b4534	num	1	264
cls_0x5b4534	num	1	268
cls_0x5b4534	num	1	28
cls_0x5b4534	num	1	36
cls_0x5b4534	num	1	388
cls_0x5b4534	num	1	392
cls_0x5b4534	num	1	396
cls_0x5b4534	num	1	40
cls_0x5b4534	num	1	400
cls_0x5b4534	num	1	44
cls_0x5b4534	num	1	444
cls_0x5b4534	num	1	448
cls_0x5b4534	num	1	48
cls_0x5b4534	num	1	504
cls_0x5b4534	num	1	508
cls_0x5b4534	num	1	52
cls_0x5b4534	num	1	56
cls_0x5b4534	num	1	564
cls_0x5b4534	num	1	568
cls_0x5b4534	num	1	612
cls_0x5b4534	num	1	616
cls_0x5b4534	num	1	620
cls_0x5b4534	num	1	624
cls_0x5b4534	num	1	628
cls_0x5b4534	num	1	632
cls_0x5b4534	num	1	636
cls_0x5b4534	num	1	68
cls_0x5b4534	num	1	72
cls_0x5b4534	num	1	76
cls_0x5b4534	num	1	80
cls_0x5b4534	num	1	84
cls_0x5b4534	num	1	88
cls_0x5b4534	num	1	92
cls_0x5b4534	num	1	96
cls_0x5b45ac	sum	1	fields=9 methods=0 lines=255
cls_0x5b45ac	num	2	20
cls_0x5b45ac	num	2	224
cls_0x5b45ac	num	2	24
cls_0x5b45ac	num	2	388
cls_0x5b45ac	num	2	392
cls_0x5b45ac	num	2	396
cls_0x5b45ac	num	2	400
cls_0x5b45ac	num	1	00515590
cls_0x5b45ac	num	1	00515640
cls_0x5b45ac	num	1	0x1cc
cls_0x5b45ac	num	1	0x7f
cls_0x5b45ac	num	1	104
cls_0x5b45ac	num	1	108
cls_0x5b45ac	num	1	112
cls_0x5b45ac	num	1	116
cls_0x5b45ac	num	1	120
cls_0x5b45ac	num	1	124
cls_0x5b45ac	num	1	132
cls_0x5b45ac	num	1	136
cls_0x5b45ac	num	1	140
cls_0x5b45ac	num	1	144
cls_0x5b45ac	num	1	148
cls_0x5b45ac	num	1	152
cls_0x5b45ac	num	1	156
cls_0x5b45ac	num	1	160
cls_0x5b45ac	num	1	164
cls_0x5b45ac	num	1	168
cls_0x5b45ac	num	1	172
cls_0x5b45ac	num	1	176
cls_0x5b45ac	num	1	180
cls_0x5b45ac	num	1	184
cls_0x5b45ac	num	1	188
cls_0x5b45ac	num	1	192
cls_0x5b45ac	num	1	196
cls_0x5b45ac	num	1	200
cls_0x5b45ac	num	1	204
cls_0x5b45ac	num	1	208
cls_0x5b45ac	num	1	212
cls_0x5b45ac	num	1	216
cls_0x5b45ac	num	1	220
cls_0x5b45ac	num	1	228
cls_0x5b45ac	num	1	232
cls_0x5b45ac	num	1	236
cls_0x5b45ac	num	1	240
cls_0x5b45ac	num	1	244
cls_0x5b45ac	num	1	248
cls_0x5b45ac	num	1	252
cls_0x5b45ac	num	1	260
cls_0x5b45ac	num	1	264
cls_0x5b45ac	num	1	268
cls_0x5b45ac	num	1	272
cls_0x5b45ac	num	1	276
cls_0x5b45ac	num	1	28
cls_0x5b45ac	num	1	280
cls_0x5b45ac	num	1	284
cls_0x5b45ac	num	1	288
cls_0x5b45ac	num	1	292
cls_0x5b45ac	num	1	296
cls_0x5b45ac	num	1	300
cls_0x5b45ac	num	1	304
cls_0x5b45ac	num	1	308
cls_0x5b45ac	num	1	312
cls_0x5b45ac	num	1	316
cls_0x5b45ac	num	1	320
cls_0x5b45ac	num	1	324
cls_0x5b45ac	num	1	328
cls_0x5b45ac	num	1	332
cls_0x5b45ac	num	1	336
cls_0x5b45ac	num	1	340
cls_0x5b45ac	num	1	344
cls_0x5b45ac	num	1	348
cls_0x5b45ac	num	1	352
cls_0x5b45ac	num	1	356
cls_0x5b45ac	num	1	36
cls_0x5b45ac	num	1	360
cls_0x5b45ac	num	1	364
cls_0x5b45ac	num	1	368
cls_0x5b45ac	num	1	372
cls_0x5b45ac	num	1	376
cls_0x5b45ac	num	1	380
cls_0x5b45ac	num	1	384
cls_0x5b45ac	num	1	40
cls_0x5b45ac	num	1	401
cls_0x5b45ac	num	1	404
cls_0x5b45ac	num	1	408
cls_0x5b45ac	num	1	412
cls_0x5b45ac	num	1	416
cls_0x5b45ac	num	1	420
cls_0x5b45ac	num	1	424
cls_0x5b45ac	num	1	428
cls_0x5b45ac	num	1	432
cls_0x5b45ac	num	1	436
cls_0x5b45ac	num	1	44
cls_0x5b45ac	num	1	440
cls_0x5b45ac	num	1	444
cls_0x5b45ac	num	1	448
cls_0x5b45ac	num	1	452
cls_0x5b45ac	num	1	456
cls_0x5b45ac	num	1	460
cls_0x5b45ac	num	1	464
cls_0x5b45ac	num	1	468
cls_0x5b45ac	num	1	472
cls_0x5b45ac	num	1	476
cls_0x5b45ac	num	1	48
cls_0x5b45ac	num	1	480
cls_0x5b45ac	num	1	484
cls_0x5b45ac	num	1	488
cls_0x5b45ac	num	1	492
cls_0x5b45ac	num	1	496
cls_0x5b45ac	num	1	500
cls_0x5b45ac	num	1	504
cls_0x5b45ac	num	1	508
cls_0x5b45ac	num	1	516
cls_0x5b45ac	num	1	52
cls_0x5b45ac	num	1	56
cls_0x5b45ac	num	1	60
cls_0x5b45ac	num	1	68
cls_0x5b45ac	num	1	72
cls_0x5b45ac	num	1	76
cls_0x5b45ac	num	1	80
cls_0x5b45ac	num	1	84
cls_0x5b45ac	num	1	88
cls_0x5b45ac	num	1	92
cls_0x5b45ac	num	1	96
cls_0x5b4814	sum	1	fields=32 methods=0 lines=391
cls_0x5b4814	num	3	0x8000
cls_0x5b4814	num	2	0x80000
cls_0x5b4814	num	2	156
cls_0x5b4814	num	2	172
cls_0x5b4814	num	2	20
cls_0x5b4814	num	2	216
cls_0x5b4814	num	2	224
cls_0x5b4814	num	2	236
cls_0x5b4814	num	2	24
cls_0x5b4814	num	2	252
cls_0x5b4814	num	2	260
cls_0x5b4814	num	2	264
cls_0x5b4814	num	2	268
cls_0x5b4814	num	2	272
cls_0x5b4814	num	2	332
cls_0x5b4814	num	2	344
cls_0x5b4814	num	2	388
cls_0x5b4814	num	2	392
cls_0x5b4814	num	2	396
cls_0x5b4814	num	2	400
cls_0x5b4814	num	2	404
cls_0x5b4814	num	2	420
cls_0x5b4814	num	2	424
cls_0x5b4814	num	2	444
cls_0x5b4814	num	2	448
cls_0x5b4814	num	2	452
cls_0x5b4814	num	2	456
cls_0x5b4814	num	2	60
cls_0x5b4814	num	2	88
cls_0x5b4814	num	1	00513100
cls_0x5b4814	num	1	00515050
cls_0x5b4814	num	1	00515150
cls_0x5b4814	num	1	00515620
cls_0x5b4814	num	1	00515690
cls_0x5b4814	num	1	0x100000
cls_0x5b4814	num	1	0x11
cls_0x5b4814	num	1	0x12
cls_0x5b4814	num	1	0x198
cls_0x5b4814	num	1	0x28
cls_0x5b4814	num	1	0x4cc
cls_0x5b4814	num	1	0x90
cls_0x5b4814	num	1	0x9c
cls_0x5b4814	num	1	0xb40
cls_0x5b4814	num	1	0xbfc90fdb
cls_0x5b4814	num	1	104
cls_0x5b4814	num	1	108
cls_0x5b4814	num	1	112
cls_0x5b4814	num	1	116
cls_0x5b4814	num	1	120
cls_0x5b4814	num	1	124
cls_0x5b4814	num	1	132
cls_0x5b4814	num	1	136
cls_0x5b4814	num	1	140
cls_0x5b4814	num	1	144
cls_0x5b4814	num	1	148
cls_0x5b4814	num	1	152
cls_0x5b4814	num	1	160
cls_0x5b4814	num	1	164
cls_0x5b4814	num	1	168
cls_0x5b4814	num	1	176
cls_0x5b4814	num	1	180
cls_0x5b4814	num	1	184
cls_0x5b4814	num	1	188
cls_0x5b4814	num	1	192
cls_0x5b4814	num	1	196
cls_0x5b4814	num	1	200
cls_0x5b4814	num	1	204
cls_0x5b4814	num	1	208
cls_0x5b4814	num	1	212
cls_0x5b4814	num	1	220
cls_0x5b4814	num	1	228
cls_0x5b4814	num	1	232
cls_0x5b4814	num	1	240
cls_0x5b4814	num	1	244
cls_0x5b4814	num	1	248
cls_0x5b4814	num	1	276
cls_0x5b4814	num	1	28
cls_0x5b4814	num	1	280
cls_0x5b4814	num	1	284
cls_0x5b4814	num	1	288
cls_0x5b4814	num	1	292
cls_0x5b4814	num	1	296
cls_0x5b4814	num	1	300
cls_0x5b4814	num	1	304
cls_0x5b4814	num	1	308
cls_0x5b4814	num	1	312
cls_0x5b4814	num	1	316
cls_0x5b4814	num	1	320
cls_0x5b4814	num	1	324
cls_0x5b4814	num	1	328
cls_0x5b4814	num	1	336
cls_0x5b4814	num	1	340
cls_0x5b4814	num	1	348
cls_0x5b4814	num	1	352
cls_0x5b4814	num	1	356
cls_0x5b4814	num	1	36
cls_0x5b4814	num	1	360
cls_0x5b4814	num	1	364
cls_0x5b4814	num	1	368
cls_0x5b4814	num	1	372
cls_0x5b4814	num	1	376
cls_0x5b4814	num	1	380
cls_0x5b4814	num	1	384
cls_0x5b4814	num	1	40
cls_0x5b4814	num	1	408
cls_0x5b4814	num	1	412
cls_0x5b4814	num	1	416
cls_0x5b4814	num	1	428
cls_0x5b4814	num	1	432
cls_0x5b4814	num	1	436
cls_0x5b4814	num	1	44
cls_0x5b4814	num	1	440
cls_0x5b4814	num	1	460
cls_0x5b4814	num	1	464
cls_0x5b4814	num	1	468
cls_0x5b4814	num	1	472
cls_0x5b4814	num	1	476
cls_0x5b4814	num	1	48
cls_0x5b4814	num	1	480
cls_0x5b4814	num	1	484
cls_0x5b4814	num	1	488
cls_0x5b4814	num	1	492
cls_0x5b4814	num	1	496
cls_0x5b4814	num	1	500
cls_0x5b4814	num	1	504
cls_0x5b4814	num	1	508
cls_0x5b4814	num	1	516
cls_0x5b4814	num	1	52
cls_0x5b4814	num	1	56
cls_0x5b4814	num	1	68
cls_0x5b4814	num	1	72
cls_0x5b4814	num	1	732
cls_0x5b4814	num	1	76
cls_0x5b4814	num	1	80
cls_0x5b4814	num	1	84
cls_0x5b4814	num	1	92
cls_0x5b4814	num	1	96
cls_0x5b4a7c	sum	1	fields=39 methods=4 lines=1292
cls_0x5b4a7c	str	1	Amount
cls_0x5b4a7c	num	14	0x41
cls_0x5b4a7c	num	11	0x1f
cls_0x5b4a7c	num	7	0x18
cls_0x5b4a7c	num	6	0x104
cls_0x5b4a7c	num	6	0x11
cls_0x5b4a7c	num	6	0x12
cls_0x5b4a7c	num	6	0x1c
cls_0x5b4a7c	num	6	0x29
cls_0x5b4a7c	num	6	0x38
cls_0x5b4a7c	num	6	0x3c
cls_0x5b4a7c	num	6	0x58
cls_0x5b4a7c	num	6	0x5c
cls_0x5b4a7c	num	6	0x78
cls_0x5b4a7c	num	6	0x7c
cls_0x5b4a7c	num	6	0x80000003
cls_0x5b4a7c	num	6	0xfffffffc
cls_0x5b4a7c	num	5	0x16
cls_0x5b4a7c	num	5	0x168
cls_0x5b4a7c	num	5	0x36
cls_0x5b4a7c	num	5	0x3f860a92
cls_0x5b4a7c	num	5	0xbf060a92
cls_0x5b4a7c	num	5	0xd4
cls_0x5b4a7c	num	4	0x2100
cls_0x5b4a7c	num	4	0x66d6a0
cls_0x5b4a7c	num	3	0xcc
cls_0x5b4a7c	num	2	0x12d
cls_0x5b4a7c	num	2	0x14
cls_0x5b4a7c	num	2	0x1f5
cls_0x5b4a7c	num	2	0x65
cls_0x5b4a7c	num	2	0x66d7e4
cls_0x5b4a7c	num	2	156
cls_0x5b4a7c	num	2	172
cls_0x5b4a7c	num	2	20
cls_0x5b4a7c	num	2	236
cls_0x5b4a7c	num	2	252
cls_0x5b4a7c	num	2	60
cls_0x5b4a7c	num	2	84
cls_0x5b4a7c	num	1	00514350
cls_0x5b4a7c	num	1	00514520
cls_0x5b4a7c	num	1	00515970
cls_0x5b4a7c	num	1	00516370
cls_0x5b4a7c	num	1	00516550
cls_0x5b4a7c	num	1	00516660
cls_0x5b4a7c	num	1	00516760
cls_0x5b4a7c	num	1	00516830
cls_0x5b4a7c	num	1	00516870
cls_0x5b4a7c	num	1	00516930
cls_0x5b4a7c	num	1	00516950
cls_0x5b4a7c	num	1	0x100
cls_0x5b4a7c	num	1	0x198
cls_0x5b4a7c	num	1	0x19c
cls_0x5b4a7c	num	1	0x2000
cls_0x5b4a7c	num	1	0x209c
cls_0x5b4a7c	num	1	0x24
cls_0x5b4a7c	num	1	0x80000000
cls_0x5b4a7c	num	1	0xa8
cls_0x5b4a7c	num	1	0xbf490fdb
cls_0x5b4a7c	num	1	0xbf860a92
cls_0x5b4a7c	num	1	0xd8
cls_0x5b4a7c	num	1	0xfbffffff
cls_0x5b4a7c	num	1	0xfc
cls_0x5b4a7c	num	1	104
cls_0x5b4a7c	num	1	108
cls_0x5b4a7c	num	1	112
cls_0x5b4a7c	num	1	116
cls_0x5b4a7c	num	1	1188
cls_0x5b4a7c	num	1	1192
cls_0x5b4a7c	num	1	1196
cls_0x5b4a7c	num	1	120
cls_0x5b4a7c	num	1	1200
cls_0x5b4a7c	num	1	1204
cls_0x5b4a7c	num	1	1208
cls_0x5b4a7c	num	1	1212
cls_0x5b4a7c	num	1	1216
cls_0x5b4a7c	num	1	1220
cls_0x5b4a7c	num	1	1224
cls_0x5b4a7c	num	1	124
cls_0x5b4a7c	num	1	132
cls_0x5b4a7c	num	1	136
cls_0x5b4a7c	num	1	140
cls_0x5b4a7c	num	1	144
cls_0x5b4a7c	num	1	148
cls_0x5b4a7c	num	1	152
cls_0x5b4a7c	num	1	160
cls_0x5b4a7c	num	1	164
cls_0x5b4a7c	num	1	168
cls_0x5b4a7c	num	1	176
cls_0x5b4a7c	num	1	180
cls_0x5b4a7c	num	1	184
cls_0x5b4a7c	num	1	188
cls_0x5b4a7c	num	1	192
cls_0x5b4a7c	num	1	196
cls_0x5b4a7c	num	1	200
cls_0x5b4a7c	num	1	204
cls_0x5b4a7c	num	1	208
cls_0x5b4a7c	num	1	212
cls_0x5b4a7c	num	1	216
cls_0x5b4a7c	num	1	220
cls_0x5b4a7c	num	1	224
cls_0x5b4a7c	num	1	228
cls_0x5b4a7c	num	1	232
cls_0x5b4a7c	num	1	24
cls_0x5b4a7c	num	1	240
cls_0x5b4a7c	num	1	244
cls_0x5b4a7c	num	1	248
cls_0x5b4a7c	num	1	260
cls_0x5b4a7c	num	1	264
cls_0x5b4a7c	num	1	268
cls_0x5b4a7c	num	1	272
cls_0x5b4a7c	num	1	276
cls_0x5b4a7c	num	1	28
cls_0x5b4a7c	num	1	280
cls_0x5b4a7c	num	1	284
cls_0x5b4a7c	num	1	288
cls_0x5b4a7c	num	1	292
cls_0x5b4a7c	num	1	296
cls_0x5b4a7c	num	1	300
cls_0x5b4a7c	num	1	304
cls_0x5b4a7c	num	1	308
cls_0x5b4a7c	num	1	312
cls_0x5b4a7c	num	1	316
cls_0x5b4a7c	num	1	320
cls_0x5b4a7c	num	1	324
cls_0x5b4a7c	num	1	328
cls_0x5b4a7c	num	1	332
cls_0x5b4a7c	num	1	336
cls_0x5b4a7c	num	1	340
cls_0x5b4a7c	num	1	344
cls_0x5b4a7c	num	1	348
cls_0x5b4a7c	num	1	352
cls_0x5b4a7c	num	1	356
cls_0x5b4a7c	num	1	36
cls_0x5b4a7c	num	1	360
cls_0x5b4a7c	num	1	364
cls_0x5b4a7c	num	1	368
cls_0x5b4a7c	num	1	372
cls_0x5b4a7c	num	1	376
cls_0x5b4a7c	num	1	380
cls_0x5b4a7c	num	1	384
cls_0x5b4a7c	num	1	388
cls_0x5b4a7c	num	1	392
cls_0x5b4a7c	num	1	396
cls_0x5b4a7c	num	1	40
cls_0x5b4a7c	num	1	400
cls_0x5b4a7c	num	1	404
cls_0x5b4a7c	num	1	408
cls_0x5b4a7c	num	1	412
cls_0x5b4a7c	num	1	416
cls_0x5b4a7c	num	1	420
cls_0x5b4a7c	num	1	424
cls_0x5b4a7c	num	1	428
cls_0x5b4a7c	num	1	432
cls_0x5b4a7c	num	1	436
cls_0x5b4a7c	num	1	44
cls_0x5b4a7c	num	1	440
cls_0x5b4a7c	num	1	444
cls_0x5b4a7c	num	1	448
cls_0x5b4a7c	num	1	452
cls_0x5b4a7c	num	1	456
cls_0x5b4a7c	num	1	460
cls_0x5b4a7c	num	1	464
cls_0x5b4a7c	num	1	468
cls_0x5b4a7c	num	1	472
cls_0x5b4a7c	num	1	476
cls_0x5b4a7c	num	1	48
cls_0x5b4a7c	num	1	480
cls_0x5b4a7c	num	1	484
cls_0x5b4a7c	num	1	488
cls_0x5b4a7c	num	1	492
cls_0x5b4a7c	num	1	496
cls_0x5b4a7c	num	1	500
cls_0x5b4a7c	num	1	508
cls_0x5b4a7c	num	1	52
cls_0x5b4a7c	num	1	540
cls_0x5b4a7c	num	1	544
cls_0x5b4a7c	num	1	552
cls_0x5b4a7c	num	1	556
cls_0x5b4a7c	num	1	56
cls_0x5b4a7c	num	1	576
cls_0x5b4a7c	num	1	580
cls_0x5b4a7c	num	1	584
cls_0x5b4a7c	num	1	68
cls_0x5b4a7c	num	1	72
cls_0x5b4a7c	num	1	728
cls_0x5b4a7c	num	1	76
cls_0x5b4a7c	num	1	80
cls_0x5b4a7c	num	1	836
cls_0x5b4a7c	num	1	852
cls_0x5b4a7c	num	1	864
cls_0x5b4a7c	num	1	868
cls_0x5b4a7c	num	1	872
cls_0x5b4a7c	num	1	876
cls_0x5b4a7c	num	1	88
cls_0x5b4a7c	num	1	884
cls_0x5b4a7c	num	1	888
cls_0x5b4a7c	num	1	892
cls_0x5b4a7c	num	1	896
cls_0x5b4a7c	num	1	92
cls_0x5b4a7c	num	1	96
cls_0x5b4a7c	meth	1	meth_0x513bb0:v():126
cls_0x5b4a7c	meth	1	meth_0x513ed0:v():158
cls_0x5b4a7c	meth	1	meth_0x514350:v():71
cls_0x5b4a7c	meth	1	meth_0x514520:v():746
cls_0x5b4cd4	sum	1	fields=19 methods=1 lines=587
cls_0x5b4cd4	str	2	d__revenant_Money_cpp
cls_0x5b4cd4	num	3	0x80000000
cls_0x5b4cd4	num	2	0x4c
cls_0x5b4cd4	num	2	0xfc
cls_0x5b4cd4	num	2	104
cls_0x5b4cd4	num	2	172
cls_0x5b4cd4	num	2	20
cls_0x5b4cd4	num	2	216
cls_0x5b4cd4	num	2	220
cls_0x5b4cd4	num	2	224
cls_0x5b4cd4	num	2	228
cls_0x5b4cd4	num	2	232
cls_0x5b4cd4	num	2	236
cls_0x5b4cd4	num	2	24
cls_0x5b4cd4	num	2	240
cls_0x5b4cd4	num	2	244
cls_0x5b4cd4	num	2	248
cls_0x5b4cd4	num	2	252
cls_0x5b4cd4	num	2	68
cls_0x5b4cd4	num	2	84
cls_0x5b4cd4	num	2	88
cls_0x5b4cd4	num	1	00516700
cls_0x5b4cd4	num	1	00516800
cls_0x5b4cd4	num	1	00517240
cls_0x5b4cd4	num	1	00517530
cls_0x5b4cd4	num	1	00517640
cls_0x5b4cd4	num	1	00517660
cls_0x5b4cd4	num	1	00517680
cls_0x5b4cd4	num	1	0x11
cls_0x5b4cd4	num	1	0x12
cls_0x5b4cd4	num	1	0x14
cls_0x5b4cd4	num	1	0x18
cls_0x5b4cd4	num	1	0x18d
cls_0x5b4cd4	num	1	0x18e
cls_0x5b4cd4	num	1	0x32
cls_0x5b4cd4	num	1	0x3f
cls_0x5b4cd4	num	1	0x44
cls_0x5b4cd4	num	1	0x60
cls_0x5b4cd4	num	1	0x74
cls_0x5b4cd4	num	1	0x78
cls_0x5b4cd4	num	1	0x7fffffff
cls_0x5b4cd4	num	1	0x800000
cls_0x5b4cd4	num	1	0x8101
cls_0x5b4cd4	num	1	0x96
cls_0x5b4cd4	num	1	108
cls_0x5b4cd4	num	1	112
cls_0x5b4cd4	num	1	116
cls_0x5b4cd4	num	1	120
cls_0x5b4cd4	num	1	124
cls_0x5b4cd4	num	1	132
cls_0x5b4cd4	num	1	136
cls_0x5b4cd4	num	1	140
cls_0x5b4cd4	num	1	144
cls_0x5b4cd4	num	1	148
cls_0x5b4cd4	num	1	152
cls_0x5b4cd4	num	1	156
cls_0x5b4cd4	num	1	160
cls_0x5b4cd4	num	1	164
cls_0x5b4cd4	num	1	168
cls_0x5b4cd4	num	1	176
cls_0x5b4cd4	num	1	180
cls_0x5b4cd4	num	1	184
cls_0x5b4cd4	num	1	188
cls_0x5b4cd4	num	1	192
cls_0x5b4cd4	num	1	196
cls_0x5b4cd4	num	1	200
cls_0x5b4cd4	num	1	204
cls_0x5b4cd4	num	1	208
cls_0x5b4cd4	num	1	212
cls_0x5b4cd4	num	1	260
cls_0x5b4cd4	num	1	264
cls_0x5b4cd4	num	1	268
cls_0x5b4cd4	num	1	272
cls_0x5b4cd4	num	1	276
cls_0x5b4cd4	num	1	28
cls_0x5b4cd4	num	1	280
cls_0x5b4cd4	num	1	284
cls_0x5b4cd4	num	1	288
cls_0x5b4cd4	num	1	292
cls_0x5b4cd4	num	1	296
cls_0x5b4cd4	num	1	300
cls_0x5b4cd4	num	1	304
cls_0x5b4cd4	num	1	308
cls_0x5b4cd4	num	1	312
cls_0x5b4cd4	num	1	316
cls_0x5b4cd4	num	1	320
cls_0x5b4cd4	num	1	324
cls_0x5b4cd4	num	1	328
cls_0x5b4cd4	num	1	332
cls_0x5b4cd4	num	1	336
cls_0x5b4cd4	num	1	340
cls_0x5b4cd4	num	1	344
cls_0x5b4cd4	num	1	348
cls_0x5b4cd4	num	1	352
cls_0x5b4cd4	num	1	356
cls_0x5b4cd4	num	1	36
cls_0x5b4cd4	num	1	360
cls_0x5b4cd4	num	1	364
cls_0x5b4cd4	num	1	368
cls_0x5b4cd4	num	1	372
cls_0x5b4cd4	num	1	376
cls_0x5b4cd4	num	1	380
cls_0x5b4cd4	num	1	384
cls_0x5b4cd4	num	1	388
cls_0x5b4cd4	num	1	392
cls_0x5b4cd4	num	1	396
cls_0x5b4cd4	num	1	40
cls_0x5b4cd4	num	1	400
cls_0x5b4cd4	num	1	404
cls_0x5b4cd4	num	1	408
cls_0x5b4cd4	num	1	412
cls_0x5b4cd4	num	1	416
cls_0x5b4cd4	num	1	420
cls_0x5b4cd4	num	1	424
cls_0x5b4cd4	num	1	428
cls_0x5b4cd4	num	1	432
cls_0x5b4cd4	num	1	436
cls_0x5b4cd4	num	1	44
cls_0x5b4cd4	num	1	440
cls_0x5b4cd4	num	1	444
cls_0x5b4cd4	num	1	448
cls_0x5b4cd4	num	1	452
cls_0x5b4cd4	num	1	456
cls_0x5b4cd4	num	1	460
cls_0x5b4cd4	num	1	464
cls_0x5b4cd4	num	1	468
cls_0x5b4cd4	num	1	472
cls_0x5b4cd4	num	1	476
cls_0x5b4cd4	num	1	48
cls_0x5b4cd4	num	1	480
cls_0x5b4cd4	num	1	484
cls_0x5b4cd4	num	1	488
cls_0x5b4cd4	num	1	492
cls_0x5b4cd4	num	1	496
cls_0x5b4cd4	num	1	500
cls_0x5b4cd4	num	1	504
cls_0x5b4cd4	num	1	52
cls_0x5b4cd4	num	1	56
cls_0x5b4cd4	num	1	60
cls_0x5b4cd4	num	1	72
cls_0x5b4cd4	num	1	76
cls_0x5b4cd4	num	1	80
cls_0x5b4cd4	num	1	92
cls_0x5b4cd4	num	1	96
cls_0x5b4cd4	meth	1	meth_0x517240:v():202
cls_0x5b4ecc	sum	1	fields=5 methods=0 lines=121
cls_0x5b4ecc	num	2	20
cls_0x5b4ecc	num	2	24
cls_0x5b4ecc	num	1	00520930
cls_0x5b4ecc	num	1	0x674
cls_0x5b4ecc	num	1	172
cls_0x5b4ecc	num	1	176
cls_0x5b4ecc	num	1	28
cls_0x5b4ecc	num	1	36
cls_0x5b4ecc	num	1	40
cls_0x5b4ecc	num	1	44
cls_0x5b4ecc	num	1	48
cls_0x5b4ecc	num	1	52
cls_0x5b4ecc	num	1	56
cls_0x5b4ecc	num	1	60
cls_0x5b4ecc	num	1	68
cls_0x5b4ecc	num	1	72
cls_0x5b4ecc	num	1	76
cls_0x5b4ecc	num	1	80
cls_0x5b4ecc	num	1	84
cls_0x5b4ecc	num	1	88
cls_0x5b4ecc	num	1	92
cls_0x5b4ecc	num	1	96
cls_0x5b4f30	sum	1	fields=4 methods=54 lines=4347
cls_0x5b4f30	str	4	d__revenant_Object_cpp
cls_0x5b4f30	str	3	s__s
cls_0x5b4f30	str	3	value
cls_0x5b4f30	str	2	Stealth
cls_0x5b4f30	str	2	combat
cls_0x5b4f30	str	2	s_chr
cls_0x5b4f30	str	2	sneak
cls_0x5b4f30	str	2	sneakr
cls_0x5b4f30	str	1	Chars
cls_0x5b4f30	str	1	Locke
cls_0x5b4f30	str	1	bowaim
cls_0x5b4f30	str	1	cknife
cls_0x5b4f30	str	1	crollb
cls_0x5b4f30	str	1	cstaff
cls_0x5b4f30	str	1	invoke
cls_0x5b4f30	str	1	leapb
cls_0x5b4f30	str	1	leapbl
cls_0x5b4f30	str	1	leapbr
cls_0x5b4f30	str	1	leapf
cls_0x5b4f30	str	1	leapfl
cls_0x5b4f30	str	1	leapfr
cls_0x5b4f30	str	1	leapl
cls_0x5b4f30	str	1	leapr
cls_0x5b4f30	str	1	s__killed___s__Plyr___d_Monst
cls_0x5b4f30	str	1	sneakf
cls_0x5b4f30	api	4	_strncpy
cls_0x5b4f30	api	2	CreateDirectoryA
cls_0x5b4f30	api	1	_param_3
cls_0x5b4f30	num	20	0x24
cls_0x5b4f30	num	19	0x1e
cls_0x5b4f30	num	15	0x22
cls_0x5b4f30	num	15	400
cls_0x5b4f30	num	12	0x1f0
cls_0x5b4f30	num	10	0x19
cls_0x5b4f30	num	10	0x1c
cls_0x5b4f30	num	10	0x27
cls_0x5b4f30	num	9	0x80000
cls_0x5b4f30	num	8	0x198
cls_0x5b4f30	num	8	0x68
cls_0x5b4f30	num	7	0x103
cls_0x5b4f30	num	7	0x2000000
cls_0x5b4f30	num	7	0x28
cls_0x5b4f30	num	7	0x32
cls_0x5b4f30	num	7	0x48
cls_0x5b4f30	num	7	0x4c
cls_0x5b4f30	num	6	0x1f
cls_0x5b4f30	num	6	0x38
cls_0x5b4f30	num	6	0x52
cls_0x5b4f30	num	5	0xd4
cls_0x5b4f30	num	4	0x18
cls_0x5b4f30	num	4	0x1d
cls_0x5b4f30	num	4	0x21
cls_0x5b4f30	num	4	0x34
cls_0x5b4f30	num	3	0x1a
cls_0x5b4f30	num	3	0x23
cls_0x5b4f30	num	3	0x44
cls_0x5b4f30	num	3	0x4b
cls_0x5b4f30	num	3	0x4d0b17
cls_0x5b4f30	num	3	0x54
cls_0x5b4f30	num	3	0x60
cls_0x5b4f30	num	3	0x80000000
cls_0x5b4f30	num	3	0xe0
cls_0x5b4f30	num	3	200
cls_0x5b4f30	num	2	0x100
cls_0x5b4f30	num	2	0x10000
cls_0x5b4f30	num	2	0x188
cls_0x5b4f30	num	2	0x210
cls_0x5b4f30	num	2	0x25
cls_0x5b4f30	num	2	0x2c
cls_0x5b4f30	num	2	0x2cb
cls_0x5b4f30	num	2	0x30
cls_0x5b4f30	num	2	0x31
cls_0x5b4f30	num	2	0x33
cls_0x5b4f30	num	2	0x3c
cls_0x5b4f30	num	2	0x49
cls_0x5b4f30	num	2	0x50
cls_0x5b4f30	num	2	0x6c
cls_0x5b4f30	num	2	0x7c
cls_0x5b4f30	num	2	0xcc
cls_0x5b4f30	num	2	0xfffffffb
cls_0x5b4f30	num	2	1636
cls_0x5b4f30	num	1	00470090
cls_0x5b4f30	num	1	00470160
cls_0x5b4f30	num	1	00471430
cls_0x5b4f30	num	1	00471820
cls_0x5b4f30	num	1	00477670
cls_0x5b4f30	num	1	00518450
cls_0x5b4f30	num	1	00518570
cls_0x5b4f30	num	1	00518750
cls_0x5b4f30	num	1	00519050
cls_0x5b4f30	num	1	00519850
cls_0x5b4f30	num	1	00520630
cls_0x5b4f30	num	1	00520770
cls_0x5b4f30	num	1	00520860
cls_0x5b4f30	num	1	0x104
cls_0x5b4f30	num	1	0x11
cls_0x5b4f30	num	1	0x12
cls_0x5b4f30	num	1	0x13
cls_0x5b4f30	num	1	0x14
cls_0x5b4f30	num	1	0x1800000
cls_0x5b4f30	num	1	0x19c
cls_0x5b4f30	num	1	0x1b
cls_0x5b4f30	num	1	0x1c8
cls_0x5b4f30	num	1	0x1cc
cls_0x5b4f30	num	1	0x26
cls_0x5b4f30	num	1	0x2b
cls_0x5b4f30	num	1	0x2e
cls_0x5b4f30	num	1	0x36
cls_0x5b4f30	num	1	0x3e
cls_0x5b4f30	num	1	0x4000
cls_0x5b4f30	num	1	0x40000000
cls_0x5b4f30	num	1	0x45
cls_0x5b4f30	num	1	0x51
cls_0x5b4f30	num	1	0x52594c50
cls_0x5b4f30	num	1	0x53
cls_0x5b4f30	num	1	0x5c
cls_0x5b4f30	num	1	0x5d4740
cls_0x5b4f30	num	1	0x62
cls_0x5b4f30	num	1	0x66
cls_0x5b4f30	num	1	0x70
cls_0x5b4f30	num	1	0x71
cls_0x5b4f30	num	1	0x72
cls_0x5b4f30	num	1	0x7f
cls_0x5b4f30	num	1	0x8000
cls_0x5b4f30	num	1	0x81
cls_0x5b4f30	num	1	0x90
cls_0x5b4f30	num	1	0x90d
cls_0x5b4f30	num	1	0x91
cls_0x5b4f30	num	1	0x92
cls_0x5b4f30	num	1	0x929
cls_0x5b4f30	num	1	0x941
cls_0x5b4f30	num	1	0x95a
cls_0x5b4f30	num	1	0xb2
cls_0x5b4f30	num	1	0xb3
cls_0x5b4f30	num	1	0xbc
cls_0x5b4f30	num	1	0xc0
cls_0x5b4f30	num	1	0xd2
cls_0x5b4f30	num	1	0xd3
cls_0x5b4f30	num	1	0xdc
cls_0x5b4f30	num	1	0xf3
cls_0x5b4f30	num	1	0xfbffffff
cls_0x5b4f30	num	1	0xffff0000
cls_0x5b4f30	num	1	0xffffffdf
cls_0x5b4f30	num	1	0xffffffef
cls_0x5b4f30	num	1	1004
cls_0x5b4f30	num	1	1008
cls_0x5b4f30	num	1	1012
cls_0x5b4f30	num	1	1016
cls_0x5b4f30	num	1	1020
cls_0x5b4f30	num	1	1028
cls_0x5b4f30	num	1	1032
cls_0x5b4f30	num	1	1036
cls_0x5b4f30	num	1	104
cls_0x5b4f30	num	1	1040
cls_0x5b4f30	num	1	1044
cls_0x5b4f30	num	1	1048
cls_0x5b4f30	num	1	1052
cls_0x5b4f30	num	1	1056
cls_0x5b4f30	num	1	1060
cls_0x5b4f30	num	1	108
cls_0x5b4f30	num	1	112
cls_0x5b4f30	num	1	116
cls_0x5b4f30	num	1	120
cls_0x5b4f30	num	1	124
cls_0x5b4f30	num	1	132
cls_0x5b4f30	num	1	136
cls_0x5b4f30	num	1	140
cls_0x5b4f30	num	1	144
cls_0x5b4f30	num	1	148
cls_0x5b4f30	num	1	152
cls_0x5b4f30	num	1	156
cls_0x5b4f30	num	1	160
cls_0x5b4f30	num	1	164
cls_0x5b4f30	num	1	1640
cls_0x5b4f30	num	1	1644
cls_0x5b4f30	num	1	1648
cls_0x5b4f30	num	1	1652
cls_0x5b4f30	num	1	168
cls_0x5b4f30	num	1	172
cls_0x5b4f30	num	1	176
cls_0x5b4f30	num	1	180
cls_0x5b4f30	num	1	184
cls_0x5b4f30	num	1	188
cls_0x5b4f30	num	1	192
cls_0x5b4f30	num	1	196
cls_0x5b4f30	num	1	20
cls_0x5b4f30	num	1	204
cls_0x5b4f30	num	1	208
cls_0x5b4f30	num	1	212
cls_0x5b4f30	num	1	216
cls_0x5b4f30	num	1	220
cls_0x5b4f30	num	1	224
cls_0x5b4f30	num	1	228
cls_0x5b4f30	num	1	232
cls_0x5b4f30	num	1	236
cls_0x5b4f30	num	1	24
cls_0x5b4f30	num	1	240
cls_0x5b4f30	num	1	244
cls_0x5b4f30	num	1	248
cls_0x5b4f30	num	1	252
cls_0x5b4f30	num	1	258
cls_0x5b4f30	num	1	260
cls_0x5b4f30	num	1	261
cls_0x5b4f30	num	1	264
cls_0x5b4f30	num	1	268
cls_0x5b4f30	num	1	272
cls_0x5b4f30	num	1	276
cls_0x5b4f30	num	1	28
cls_0x5b4f30	num	1	280
cls_0x5b4f30	num	1	284
cls_0x5b4f30	num	1	288
cls_0x5b4f30	num	1	292
cls_0x5b4f30	num	1	296
cls_0x5b4f30	num	1	300
cls_0x5b4f30	num	1	304
cls_0x5b4f30	num	1	308
cls_0x5b4f30	num	1	312
cls_0x5b4f30	num	1	316
cls_0x5b4f30	num	1	320
cls_0x5b4f30	num	1	324
cls_0x5b4f30	num	1	328
cls_0x5b4f30	num	1	332
cls_0x5b4f30	num	1	336
cls_0x5b4f30	num	1	340
cls_0x5b4f30	num	1	344
cls_0x5b4f30	num	1	348
cls_0x5b4f30	num	1	352
cls_0x5b4f30	num	1	356
cls_0x5b4f30	num	1	36
cls_0x5b4f30	num	1	360
cls_0x5b4f30	num	1	364
cls_0x5b4f30	num	1	368
cls_0x5b4f30	num	1	372
cls_0x5b4f30	num	1	376
cls_0x5b4f30	num	1	380
cls_0x5b4f30	num	1	384
cls_0x5b4f30	num	1	388
cls_0x5b4f30	num	1	392
cls_0x5b4f30	num	1	396
cls_0x5b4f30	num	1	40
cls_0x5b4f30	num	1	404
cls_0x5b4f30	num	1	408
cls_0x5b4f30	num	1	412
cls_0x5b4f30	num	1	416
cls_0x5b4f30	num	1	420
cls_0x5b4f30	num	1	424
cls_0x5b4f30	num	1	428
cls_0x5b4f30	num	1	432
cls_0x5b4f30	num	1	436
cls_0x5b4f30	num	1	44
cls_0x5b4f30	num	1	440
cls_0x5b4f30	num	1	444
cls_0x5b4f30	num	1	448
cls_0x5b4f30	num	1	452
cls_0x5b4f30	num	1	456
cls_0x5b4f30	num	1	460
cls_0x5b4f30	num	1	464
cls_0x5b4f30	num	1	468
cls_0x5b4f30	num	1	472
cls_0x5b4f30	num	1	476
cls_0x5b4f30	num	1	48
cls_0x5b4f30	num	1	480
cls_0x5b4f30	num	1	484
cls_0x5b4f30	num	1	488
cls_0x5b4f30	num	1	492
cls_0x5b4f30	num	1	496
cls_0x5b4f30	num	1	500
cls_0x5b4f30	num	1	504
cls_0x5b4f30	num	1	508
cls_0x5b4f30	num	1	516
cls_0x5b4f30	num	1	52
cls_0x5b4f30	num	1	520
cls_0x5b4f30	num	1	524
cls_0x5b4f30	num	1	528
cls_0x5b4f30	num	1	532
cls_0x5b4f30	num	1	536
cls_0x5b4f30	num	1	540
cls_0x5b4f30	num	1	544
cls_0x5b4f30	num	1	548
cls_0x5b4f30	num	1	552
cls_0x5b4f30	num	1	556
cls_0x5b4f30	num	1	56
cls_0x5b4f30	num	1	560
cls_0x5b4f30	num	1	564
cls_0x5b4f30	num	1	568
cls_0x5b4f30	num	1	572
cls_0x5b4f30	num	1	576
cls_0x5b4f30	num	1	580
cls_0x5b4f30	num	1	584
cls_0x5b4f30	num	1	588
cls_0x5b4f30	num	1	592
cls_0x5b4f30	num	1	596
cls_0x5b4f30	num	1	60
cls_0x5b4f30	num	1	600
cls_0x5b4f30	num	1	604
cls_0x5b4f30	num	1	608
cls_0x5b4f30	num	1	612
cls_0x5b4f30	num	1	616
cls_0x5b4f30	num	1	620
cls_0x5b4f30	num	1	624
cls_0x5b4f30	num	1	628
cls_0x5b4f30	num	1	632
cls_0x5b4f30	num	1	636
cls_0x5b4f30	num	1	640
cls_0x5b4f30	num	1	644
cls_0x5b4f30	num	1	648
cls_0x5b4f30	num	1	652
cls_0x5b4f30	num	1	656
cls_0x5b4f30	num	1	660
cls_0x5b4f30	num	1	664
cls_0x5b4f30	num	1	668
cls_0x5b4f30	num	1	672
cls_0x5b4f30	num	1	676
cls_0x5b4f30	num	1	68
cls_0x5b4f30	num	1	680
cls_0x5b4f30	num	1	684
cls_0x5b4f30	num	1	688
cls_0x5b4f30	num	1	692
cls_0x5b4f30	num	1	696
cls_0x5b4f30	num	1	700
cls_0x5b4f30	num	1	704
cls_0x5b4f30	num	1	708
cls_0x5b4f30	num	1	712
cls_0x5b4f30	num	1	716
cls_0x5b4f30	num	1	72
cls_0x5b4f30	num	1	720
cls_0x5b4f30	num	1	724
cls_0x5b4f30	num	1	728
cls_0x5b4f30	num	1	732
cls_0x5b4f30	num	1	736
cls_0x5b4f30	num	1	740
cls_0x5b4f30	num	1	744
cls_0x5b4f30	num	1	748
cls_0x5b4f30	num	1	752
cls_0x5b4f30	num	1	756
cls_0x5b4f30	num	1	76
cls_0x5b4f30	num	1	760
cls_0x5b4f30	num	1	764
cls_0x5b4f30	num	1	768
cls_0x5b4f30	num	1	772
cls_0x5b4f30	num	1	776
cls_0x5b4f30	num	1	780
cls_0x5b4f30	num	1	784
cls_0x5b4f30	num	1	788
cls_0x5b4f30	num	1	792
cls_0x5b4f30	num	1	796
cls_0x5b4f30	num	1	80
cls_0x5b4f30	num	1	800
cls_0x5b4f30	num	1	804
cls_0x5b4f30	num	1	808
cls_0x5b4f30	num	1	812
cls_0x5b4f30	num	1	816
cls_0x5b4f30	num	1	820
cls_0x5b4f30	num	1	824
cls_0x5b4f30	num	1	828
cls_0x5b4f30	num	1	832
cls_0x5b4f30	num	1	836
cls_0x5b4f30	num	1	84
cls_0x5b4f30	num	1	840
cls_0x5b4f30	num	1	844
cls_0x5b4f30	num	1	848
cls_0x5b4f30	num	1	852
cls_0x5b4f30	num	1	856
cls_0x5b4f30	num	1	860
cls_0x5b4f30	num	1	864
cls_0x5b4f30	num	1	868
cls_0x5b4f30	num	1	872
cls_0x5b4f30	num	1	876
cls_0x5b4f30	num	1	88
cls_0x5b4f30	num	1	880
cls_0x5b4f30	num	1	884
cls_0x5b4f30	num	1	888
cls_0x5b4f30	num	1	892
cls_0x5b4f30	num	1	896
cls_0x5b4f30	num	1	900
cls_0x5b4f30	num	1	904
cls_0x5b4f30	num	1	908
cls_0x5b4f30	num	1	912
cls_0x5b4f30	num	1	916
cls_0x5b4f30	num	1	92
cls_0x5b4f30	num	1	920
cls_0x5b4f30	num	1	924
cls_0x5b4f30	num	1	928
cls_0x5b4f30	num	1	932
cls_0x5b4f30	num	1	936
cls_0x5b4f30	num	1	940
cls_0x5b4f30	num	1	944
cls_0x5b4f30	num	1	948
cls_0x5b4f30	num	1	952
cls_0x5b4f30	num	1	956
cls_0x5b4f30	num	1	96
cls_0x5b4f30	num	1	960
cls_0x5b4f30	num	1	964
cls_0x5b4f30	num	1	968
cls_0x5b4f30	num	1	972
cls_0x5b4f30	num	1	976
cls_0x5b4f30	num	1	980
cls_0x5b4f30	num	1	984
cls_0x5b4f30	num	1	988
cls_0x5b4f30	num	1	992
cls_0x5b4f30	num	1	996
cls_0x5b4f30	meth	1	meth_0x46e630:v():43
cls_0x5b4f30	meth	1	meth_0x46e6f0:v():78
cls_0x5b4f30	meth	1	meth_0x470090:d():41
cls_0x5b4f30	meth	1	meth_0x470160:d():46
cls_0x5b4f30	meth	1	meth_0x4701f0:d():44
cls_0x5b4f30	meth	1	meth_0x4713c0:v():21
cls_0x5b4f30	meth	1	meth_0x471430:v():37
cls_0x5b4f30	meth	1	meth_0x4714e0:v():40
cls_0x5b4f30	meth	1	meth_0x4715e0:v():38
cls_0x5b4f30	meth	1	meth_0x4716c0:v():57
cls_0x5b4f30	meth	1	meth_0x471820:v():37
cls_0x5b4f30	meth	1	meth_0x472db0:v(d):36
cls_0x5b4f30	meth	1	meth_0x472e30:b():27
cls_0x5b4f30	meth	1	meth_0x477670:d():42
cls_0x5b4f30	meth	1	meth_0x4ced20:d():22
cls_0x5b4f30	meth	1	meth_0x4cf2e0:d():86
cls_0x5b4f30	meth	1	meth_0x4d01e0:d():108
cls_0x5b4f30	meth	1	meth_0x4d0430:d():98
cls_0x5b4f30	meth	1	meth_0x4d0aa0:d():95
cls_0x5b4f30	meth	1	meth_0x4d0c70:d():61
cls_0x5b4f30	meth	1	meth_0x4d0dc0:v():11
cls_0x5b4f30	meth	1	meth_0x4d0de0:v():11
cls_0x5b4f30	meth	1	meth_0x4d0fd0:d():18
cls_0x5b4f30	meth	1	meth_0x4d1000:d():23
cls_0x5b4f30	meth	1	meth_0x4d1050:b():20
cls_0x5b4f30	meth	1	meth_0x4d1dd0:d(d,d,d,d,d,d,d,d):37
cls_0x5b4f30	meth	1	meth_0x4d2480:d():127
cls_0x5b4f30	meth	1	meth_0x4d27f0:d():54
cls_0x5b4f30	meth	1	meth_0x4d2be0:d():139
cls_0x5b4f30	meth	1	meth_0x4d30f0:d():21
cls_0x5b4f30	meth	1	meth_0x4d3150:d():306
cls_0x5b4f30	meth	1	meth_0x4d4610:d():67
cls_0x5b4f30	meth	1	meth_0x4d56c0:v():30
cls_0x5b4f30	meth	1	meth_0x4d5790:d():10
cls_0x5b4f30	meth	1	meth_0x4d5900:d():188
cls_0x5b4f30	meth	1	meth_0x4d6550:v():16
cls_0x5b4f30	meth	1	meth_0x4f6ea0:d():179
cls_0x5b4f30	meth	1	meth_0x518750:v():234
cls_0x5b4f30	meth	1	meth_0x519050:v(d,d):121
cls_0x5b4f30	meth	1	meth_0x519ea0:b():204
cls_0x5b4f30	meth	1	meth_0x51b420:v():67
cls_0x5b4f30	meth	1	meth_0x51d680:v():60
cls_0x5b4f30	meth	1	meth_0x51db30:v(d):176
cls_0x5b4f30	meth	1	meth_0x51ddf0:v():94
cls_0x5b4f30	meth	1	meth_0x51e0a0:d(p):140
cls_0x5b4f30	meth	1	meth_0x51e420:v():22
cls_0x5b4f30	meth	1	meth_0x51e4d0:v():72
cls_0x5b4f30	meth	1	meth_0x51e5a0:v():19
cls_0x5b4f30	meth	1	meth_0x51e5f0:v():73
cls_0x5b4f30	meth	1	meth_0x51e740:v():84
cls_0x5b4f30	meth	1	meth_0x51e8f0:v():11
cls_0x5b4f30	meth	1	meth_0x51e900:v():39
cls_0x5b4f30	meth	1	meth_0x51e9a0:d():44
cls_0x5b4f30	meth	1	meth_0x51ea40:v():281
cls_0x5b5354	sum	1	fields=3 methods=0 lines=67
cls_0x5b5354	num	1	00520090
cls_0x5b5354	num	1	36
cls_0x5b5354	num	1	40
cls_0x5b5354	num	1	52
cls_0x5b5354	num	1	56
cls_0x5b5560	sum	1	fields=3 methods=0 lines=299
cls_0x5b5560	num	2	216
cls_0x5b5560	num	2	220
cls_0x5b5560	num	2	76
cls_0x5b5560	num	2	99
cls_0x5b5560	num	1	0x5f
cls_0x5b5560	num	1	0x7f
cls_0x5b5560	num	1	0x80000000
cls_0x5b5560	num	1	0xdc
cls_0x5b5560	num	1	10000
cls_0x5b5560	num	1	104
cls_0x5b5560	num	1	108
cls_0x5b5560	num	1	112
cls_0x5b5560	num	1	116
cls_0x5b5560	num	1	120
cls_0x5b5560	num	1	124
cls_0x5b5560	num	1	132
cls_0x5b5560	num	1	136
cls_0x5b5560	num	1	140
cls_0x5b5560	num	1	144
cls_0x5b5560	num	1	148
cls_0x5b5560	num	1	152
cls_0x5b5560	num	1	156
cls_0x5b5560	num	1	160
cls_0x5b5560	num	1	164
cls_0x5b5560	num	1	168
cls_0x5b5560	num	1	172
cls_0x5b5560	num	1	176
cls_0x5b5560	num	1	180
cls_0x5b5560	num	1	184
cls_0x5b5560	num	1	188
cls_0x5b5560	num	1	192
cls_0x5b5560	num	1	196
cls_0x5b5560	num	1	20
cls_0x5b5560	num	1	200
cls_0x5b5560	num	1	204
cls_0x5b5560	num	1	208
cls_0x5b5560	num	1	212
cls_0x5b5560	num	1	224
cls_0x5b5560	num	1	228
cls_0x5b5560	num	1	232
cls_0x5b5560	num	1	236
cls_0x5b5560	num	1	24
cls_0x5b5560	num	1	240
cls_0x5b5560	num	1	244
cls_0x5b5560	num	1	248
cls_0x5b5560	num	1	252
cls_0x5b5560	num	1	260
cls_0x5b5560	num	1	264
cls_0x5b5560	num	1	268
cls_0x5b5560	num	1	272
cls_0x5b5560	num	1	276
cls_0x5b5560	num	1	28
cls_0x5b5560	num	1	280
cls_0x5b5560	num	1	284
cls_0x5b5560	num	1	288
cls_0x5b5560	num	1	292
cls_0x5b5560	num	1	296
cls_0x5b5560	num	1	300
cls_0x5b5560	num	1	304
cls_0x5b5560	num	1	308
cls_0x5b5560	num	1	312
cls_0x5b5560	num	1	316
cls_0x5b5560	num	1	320
cls_0x5b5560	num	1	324
cls_0x5b5560	num	1	328
cls_0x5b5560	num	1	332
cls_0x5b5560	num	1	336
cls_0x5b5560	num	1	340
cls_0x5b5560	num	1	344
cls_0x5b5560	num	1	348
cls_0x5b5560	num	1	352
cls_0x5b5560	num	1	356
cls_0x5b5560	num	1	36
cls_0x5b5560	num	1	360
cls_0x5b5560	num	1	364
cls_0x5b5560	num	1	368
cls_0x5b5560	num	1	372
cls_0x5b5560	num	1	376
cls_0x5b5560	num	1	380
cls_0x5b5560	num	1	384
cls_0x5b5560	num	1	388
cls_0x5b5560	num	1	392
cls_0x5b5560	num	1	396
cls_0x5b5560	num	1	40
cls_0x5b5560	num	1	400
cls_0x5b5560	num	1	404
cls_0x5b5560	num	1	408
cls_0x5b5560	num	1	412
cls_0x5b5560	num	1	416
cls_0x5b5560	num	1	420
cls_0x5b5560	num	1	424
cls_0x5b5560	num	1	428
cls_0x5b5560	num	1	432
cls_0x5b5560	num	1	436
cls_0x5b5560	num	1	44
cls_0x5b5560	num	1	440
cls_0x5b5560	num	1	444
cls_0x5b5560	num	1	448
cls_0x5b5560	num	1	452
cls_0x5b5560	num	1	456
cls_0x5b5560	num	1	460
cls_0x5b5560	num	1	464
cls_0x5b5560	num	1	468
cls_0x5b5560	num	1	472
cls_0x5b5560	num	1	476
cls_0x5b5560	num	1	48
cls_0x5b5560	num	1	480
cls_0x5b5560	num	1	484
cls_0x5b5560	num	1	488
cls_0x5b5560	num	1	492
cls_0x5b5560	num	1	496
cls_0x5b5560	num	1	52
cls_0x5b5560	num	1	56
cls_0x5b5560	num	1	60
cls_0x5b5560	num	1	68
cls_0x5b5560	num	1	72
cls_0x5b5560	num	1	80
cls_0x5b5560	num	1	84
cls_0x5b5560	num	1	88
cls_0x5b5560	num	1	92
cls_0x5b5560	num	1	96
cls_0x5b5750	sum	1	fields=18 methods=0 lines=244
cls_0x5b5750	num	4	0x1e0
cls_0x5b5750	num	3	0x1c
cls_0x5b5750	num	3	0x280
cls_0x5b5750	num	2	20
cls_0x5b5750	num	2	24
cls_0x5b5750	num	2	28
cls_0x5b5750	num	2	72
cls_0x5b5750	num	2	76
cls_0x5b5750	num	2	80
cls_0x5b5750	num	2	84
cls_0x5b5750	num	1	00521360
cls_0x5b5750	num	1	0x110
cls_0x5b5750	num	1	0x1f
cls_0x5b5750	num	1	0xd8
cls_0x5b5750	num	1	104
cls_0x5b5750	num	1	108
cls_0x5b5750	num	1	112
cls_0x5b5750	num	1	116
cls_0x5b5750	num	1	120
cls_0x5b5750	num	1	124
cls_0x5b5750	num	1	132
cls_0x5b5750	num	1	136
cls_0x5b5750	num	1	140
cls_0x5b5750	num	1	144
cls_0x5b5750	num	1	148
cls_0x5b5750	num	1	152
cls_0x5b5750	num	1	156
cls_0x5b5750	num	1	160
cls_0x5b5750	num	1	164
cls_0x5b5750	num	1	168
cls_0x5b5750	num	1	172
cls_0x5b5750	num	1	176
cls_0x5b5750	num	1	180
cls_0x5b5750	num	1	184
cls_0x5b5750	num	1	36
cls_0x5b5750	num	1	380
cls_0x5b5750	num	1	384
cls_0x5b5750	num	1	392
cls_0x5b5750	num	1	396
cls_0x5b5750	num	1	40
cls_0x5b5750	num	1	400
cls_0x5b5750	num	1	404
cls_0x5b5750	num	1	408
cls_0x5b5750	num	1	44
cls_0x5b5750	num	1	48
cls_0x5b5750	num	1	52
cls_0x5b5750	num	1	56
cls_0x5b5750	num	1	60
cls_0x5b5750	num	1	68
cls_0x5b5750	num	1	88
cls_0x5b5750	num	1	92
cls_0x5b5750	num	1	96
cls_0x5b5808	sum	1	fields=18 methods=1 lines=308
cls_0x5b5808	num	2	0x1e0
cls_0x5b5808	num	2	0x280
cls_0x5b5808	num	2	100000
cls_0x5b5808	num	2	20
cls_0x5b5808	num	2	24
cls_0x5b5808	num	2	28
cls_0x5b5808	num	2	72
cls_0x5b5808	num	2	76
cls_0x5b5808	num	2	80
cls_0x5b5808	num	2	84
cls_0x5b5808	num	1	00521530
cls_0x5b5808	num	1	0x148
cls_0x5b5808	num	1	0x23
cls_0x5b5808	num	1	0x24
cls_0x5b5808	num	1	0x26
cls_0x5b5808	num	1	0x28
cls_0x5b5808	num	1	0xd8
cls_0x5b5808	num	1	104
cls_0x5b5808	num	1	108
cls_0x5b5808	num	1	112
cls_0x5b5808	num	1	116
cls_0x5b5808	num	1	120
cls_0x5b5808	num	1	124
cls_0x5b5808	num	1	132
cls_0x5b5808	num	1	136
cls_0x5b5808	num	1	140
cls_0x5b5808	num	1	144
cls_0x5b5808	num	1	148
cls_0x5b5808	num	1	152
cls_0x5b5808	num	1	156
cls_0x5b5808	num	1	160
cls_0x5b5808	num	1	164
cls_0x5b5808	num	1	168
cls_0x5b5808	num	1	172
cls_0x5b5808	num	1	176
cls_0x5b5808	num	1	180
cls_0x5b5808	num	1	184
cls_0x5b5808	num	1	188
cls_0x5b5808	num	1	36
cls_0x5b5808	num	1	380
cls_0x5b5808	num	1	384
cls_0x5b5808	num	1	392
cls_0x5b5808	num	1	396
cls_0x5b5808	num	1	40
cls_0x5b5808	num	1	400
cls_0x5b5808	num	1	404
cls_0x5b5808	num	1	408
cls_0x5b5808	num	1	44
cls_0x5b5808	num	1	48
cls_0x5b5808	num	1	52
cls_0x5b5808	num	1	56
cls_0x5b5808	num	1	60
cls_0x5b5808	num	1	68
cls_0x5b5808	num	1	88
cls_0x5b5808	num	1	92
cls_0x5b5808	num	1	96
cls_0x5b5808	meth	1	meth_0x444e30:v(d,d,d,d,d,d,d,d,d,d,d,d,d,d,d,d):220
cls_0x5b5f20	sum	1	fields=10 methods=0 lines=278
cls_0x5b5f20	num	2	20
cls_0x5b5f20	num	2	216
cls_0x5b5f20	num	2	24
cls_0x5b5f20	num	2	388
cls_0x5b5f20	num	2	428
cls_0x5b5f20	num	2	432
cls_0x5b5f20	num	2	436
cls_0x5b5f20	num	2	88
cls_0x5b5f20	num	1	00523750
cls_0x5b5f20	num	1	00523910
cls_0x5b5f20	num	1	00523930
cls_0x5b5f20	num	1	0x14
cls_0x5b5f20	num	1	0x1b4
cls_0x5b5f20	num	1	0x408
cls_0x5b5f20	num	1	104
cls_0x5b5f20	num	1	108
cls_0x5b5f20	num	1	112
cls_0x5b5f20	num	1	116
cls_0x5b5f20	num	1	120
cls_0x5b5f20	num	1	124
cls_0x5b5f20	num	1	132
cls_0x5b5f20	num	1	136
cls_0x5b5f20	num	1	140
cls_0x5b5f20	num	1	144
cls_0x5b5f20	num	1	148
cls_0x5b5f20	num	1	152
cls_0x5b5f20	num	1	156
cls_0x5b5f20	num	1	160
cls_0x5b5f20	num	1	164
cls_0x5b5f20	num	1	168
cls_0x5b5f20	num	1	172
cls_0x5b5f20	num	1	176
cls_0x5b5f20	num	1	180
cls_0x5b5f20	num	1	184
cls_0x5b5f20	num	1	188
cls_0x5b5f20	num	1	192
cls_0x5b5f20	num	1	196
cls_0x5b5f20	num	1	200
cls_0x5b5f20	num	1	204
cls_0x5b5f20	num	1	208
cls_0x5b5f20	num	1	212
cls_0x5b5f20	num	1	220
cls_0x5b5f20	num	1	224
cls_0x5b5f20	num	1	228
cls_0x5b5f20	num	1	232
cls_0x5b5f20	num	1	236
cls_0x5b5f20	num	1	240
cls_0x5b5f20	num	1	244
cls_0x5b5f20	num	1	248
cls_0x5b5f20	num	1	252
cls_0x5b5f20	num	1	260
cls_0x5b5f20	num	1	264
cls_0x5b5f20	num	1	268
cls_0x5b5f20	num	1	272
cls_0x5b5f20	num	1	276
cls_0x5b5f20	num	1	28
cls_0x5b5f20	num	1	280
cls_0x5b5f20	num	1	284
cls_0x5b5f20	num	1	288
cls_0x5b5f20	num	1	292
cls_0x5b5f20	num	1	296
cls_0x5b5f20	num	1	300
cls_0x5b5f20	num	1	304
cls_0x5b5f20	num	1	308
cls_0x5b5f20	num	1	312
cls_0x5b5f20	num	1	316
cls_0x5b5f20	num	1	320
cls_0x5b5f20	num	1	324
cls_0x5b5f20	num	1	328
cls_0x5b5f20	num	1	332
cls_0x5b5f20	num	1	336
cls_0x5b5f20	num	1	340
cls_0x5b5f20	num	1	344
cls_0x5b5f20	num	1	348
cls_0x5b5f20	num	1	352
cls_0x5b5f20	num	1	356
cls_0x5b5f20	num	1	36
cls_0x5b5f20	num	1	360
cls_0x5b5f20	num	1	364
cls_0x5b5f20	num	1	368
cls_0x5b5f20	num	1	372
cls_0x5b5f20	num	1	376
cls_0x5b5f20	num	1	380
cls_0x5b5f20	num	1	384
cls_0x5b5f20	num	1	392
cls_0x5b5f20	num	1	396
cls_0x5b5f20	num	1	40
cls_0x5b5f20	num	1	400
cls_0x5b5f20	num	1	404
cls_0x5b5f20	num	1	408
cls_0x5b5f20	num	1	412
cls_0x5b5f20	num	1	416
cls_0x5b5f20	num	1	420
cls_0x5b5f20	num	1	424
cls_0x5b5f20	num	1	44
cls_0x5b5f20	num	1	440
cls_0x5b5f20	num	1	444
cls_0x5b5f20	num	1	448
cls_0x5b5f20	num	1	452
cls_0x5b5f20	num	1	456
cls_0x5b5f20	num	1	460
cls_0x5b5f20	num	1	464
cls_0x5b5f20	num	1	468
cls_0x5b5f20	num	1	472
cls_0x5b5f20	num	1	476
cls_0x5b5f20	num	1	48
cls_0x5b5f20	num	1	480
cls_0x5b5f20	num	1	484
cls_0x5b5f20	num	1	488
cls_0x5b5f20	num	1	492
cls_0x5b5f20	num	1	496
cls_0x5b5f20	num	1	500
cls_0x5b5f20	num	1	504
cls_0x5b5f20	num	1	508
cls_0x5b5f20	num	1	516
cls_0x5b5f20	num	1	52
cls_0x5b5f20	num	1	56
cls_0x5b5f20	num	1	60
cls_0x5b5f20	num	1	68
cls_0x5b5f20	num	1	72
cls_0x5b5f20	num	1	76
cls_0x5b5f20	num	1	80
cls_0x5b5f20	num	1	84
cls_0x5b5f20	num	1	92
cls_0x5b5f20	num	1	96
cls_0x5b79ac	sum	1	fields=22 methods=0 lines=331
cls_0x5b79ac	str	2	CavFGeyser
cls_0x5b79ac	str	2	fgeyser
cls_0x5b79ac	str	2	sgeyser
cls_0x5b79ac	num	2	0x11
cls_0x5b79ac	num	2	0x8001
cls_0x5b79ac	num	2	0xfc
cls_0x5b79ac	num	2	20
cls_0x5b79ac	num	2	24
cls_0x5b79ac	num	2	60
cls_0x5b79ac	num	1	00526230
cls_0x5b79ac	num	1	00528790
cls_0x5b79ac	num	1	0x19
cls_0x5b79ac	num	1	0x1b4
cls_0x5b79ac	num	1	0x1ec0
cls_0x5b79ac	num	1	0x44
cls_0x5b79ac	num	1	0x80000
cls_0x5b79ac	num	1	0xd8
cls_0x5b79ac	num	1	0xe0
cls_0x5b79ac	num	1	156
cls_0x5b79ac	num	1	172
cls_0x5b79ac	num	1	216
cls_0x5b79ac	num	1	220
cls_0x5b79ac	num	1	224
cls_0x5b79ac	num	1	228
cls_0x5b79ac	num	1	236
cls_0x5b79ac	num	1	252
cls_0x5b79ac	num	1	272
cls_0x5b79ac	num	1	28
cls_0x5b79ac	num	1	280
cls_0x5b79ac	num	1	328
cls_0x5b79ac	num	1	332
cls_0x5b79ac	num	1	336
cls_0x5b79ac	num	1	344
cls_0x5b79ac	num	1	348
cls_0x5b79ac	num	1	36
cls_0x5b79ac	num	1	40
cls_0x5b79ac	num	1	44
cls_0x5b79ac	num	1	48
cls_0x5b79ac	num	1	52
cls_0x5b79ac	num	1	56
cls_0x5b79ac	num	1	68
cls_0x5b79ac	num	1	72
cls_0x5b79ac	num	1	76
cls_0x5b79ac	num	1	80
cls_0x5b79ac	num	1	84
cls_0x5b79ac	num	1	88
cls_0x5b79ac	num	1	92
cls_0x5b79ac	num	1	96
cls_0x5b8e34	sum	1	fields=4 methods=0 lines=91
cls_0x5b8e34	num	2	20
cls_0x5b8e34	num	2	24
cls_0x5b8e34	num	1	172
cls_0x5b8e34	num	1	176
cls_0x5b8e34	num	1	28
cls_0x5b8e34	num	1	36
cls_0x5b8e34	num	1	40
cls_0x5b8e34	num	1	44
cls_0x5b8e34	num	1	48
cls_0x5b8e34	num	1	52
cls_0x5b8e34	num	1	56
cls_0x5b8e34	num	1	60
cls_0x5b8e34	num	1	68
cls_0x5b8e34	num	1	72
cls_0x5b8e34	num	1	76
cls_0x5b8e34	num	1	80
cls_0x5b8e34	num	1	84
cls_0x5b8e34	num	1	88
cls_0x5b8e34	num	1	92
cls_0x5b8e34	num	1	96
cls_0x5b8e94	sum	1	fields=115 methods=8 lines=8284
cls_0x5b8e94	str	6	CLASS
cls_0x5b8e94	str	3	s_s__d
cls_0x5b8e94	str	2	Arrow
cls_0x5b8e94	str	2	ArrowWallS
cls_0x5b8e94	str	2	DunFireWallS
cls_0x5b8e94	str	2	closed
cls_0x5b8e94	str	2	experience
cls_0x5b8e94	str	1	Bad_object_class
cls_0x5b8e94	str	1	CLOSING
cls_0x5b8e94	str	1	Full_Paralysis
cls_0x5b8e94	str	1	Locked
cls_0x5b8e94	str	1	Neural_Paralysis
cls_0x5b8e94	str	1	OPENING
cls_0x5b8e94	str	1	Paralize4
cls_0x5b8e94	str	1	Physical_Paralysis
cls_0x5b8e94	str	1	PickDifficulty
cls_0x5b8e94	str	1	PortEW
cls_0x5b8e94	str	1	Pouch
cls_0x5b8e94	str	1	SpellPouch
cls_0x5b8e94	str	1	Spell_Pouch
cls_0x5b8e94	str	1	Swag_Bag
cls_0x5b8e94	str	1	Value
cls_0x5b8e94	str	1	d__revenant_Object_cpp
cls_0x5b8e94	str	1	headfireball
cls_0x5b8e94	str	1	objclass
cls_0x5b8e94	str	1	objtype
cls_0x5b8e94	str	1	s_s___d
cls_0x5b8e94	str	1	statmod
cls_0x5b8e94	api	2	_strncpy
cls_0x5b8e94	api	1	SQRT
cls_0x5b8e94	num	17	0x1c
cls_0x5b8e94	num	16	0x11c
cls_0x5b8e94	num	16	0x18
cls_0x5b8e94	num	16	0x8001
cls_0x5b8e94	num	15	0x120
cls_0x5b8e94	num	14	200
cls_0x5b8e94	num	13	0x14
cls_0x5b8e94	num	12	0x38
cls_0x5b8e94	num	11	0x50
cls_0x5b8e94	num	10	0x34
cls_0x5b8e94	num	10	0x90
cls_0x5b8e94	num	10	0xd8
cls_0x5b8e94	num	9	0x24
cls_0x5b8e94	num	9	0x80000
cls_0x5b8e94	num	9	0xe0
cls_0x5b8e94	num	8	0x184
cls_0x5b8e94	num	8	0x19
cls_0x5b8e94	num	8	0x1f
cls_0x5b8e94	num	8	0x44
cls_0x5b8e94	num	8	0x96
cls_0x5b8e94	num	8	0xfffffff1
cls_0x5b8e94	num	7	0x1000
cls_0x5b8e94	num	7	0x104
cls_0x5b8e94	num	7	0x4c
cls_0x5b8e94	num	7	0x70
cls_0x5b8e94	num	6	0x11
cls_0x5b8e94	num	6	0x114
cls_0x5b8e94	num	6	0x1e
cls_0x5b8e94	num	6	0xb0
cls_0x5b8e94	num	6	0xfc
cls_0x5b8e94	num	6	0xfffffffb
cls_0x5b8e94	num	6	400
cls_0x5b8e94	num	5	0x168
cls_0x5b8e94	num	5	0x198
cls_0x5b8e94	num	5	0x58
cls_0x5b8e94	num	5	0x8000
cls_0x5b8e94	num	5	0x8000000f
cls_0x5b8e94	num	5	0xc0
cls_0x5b8e94	num	5	0xc4
cls_0x5b8e94	num	5	0xfffffff0
cls_0x5b8e94	num	4	0x10000
cls_0x5b8e94	num	4	0x1b4
cls_0x5b8e94	num	4	0x4000
cls_0x5b8e94	num	4	0x400000
cls_0x5b8e94	num	4	0x40000000
cls_0x5b8e94	num	4	0x7f
cls_0x5b8e94	num	4	0x800000
cls_0x5b8e94	num	4	0x8008
cls_0x5b8e94	num	4	0x8c
cls_0x5b8e94	num	3	0x191
cls_0x5b8e94	num	3	0x200
cls_0x5b8e94	num	3	0x20000000
cls_0x5b8e94	num	3	0x28
cls_0x5b8e94	num	3	0x3c
cls_0x5b8e94	num	3	0x54
cls_0x5b8e94	num	3	0x7e
cls_0x5b8e94	num	3	0xf8
cls_0x5b8e94	num	3	300
cls_0x5b8e94	num	3	80
cls_0x5b8e94	num	2	0x100
cls_0x5b8e94	num	2	0x13
cls_0x5b8e94	num	2	0x13f8
cls_0x5b8e94	num	2	0x15e
cls_0x5b8e94	num	2	0x19c
cls_0x5b8e94	num	2	0x200000
cls_0x5b8e94	num	2	0x23
cls_0x5b8e94	num	2	0x2800080
cls_0x5b8e94	num	2	0x29
cls_0x5b8e94	num	2	0x304
cls_0x5b8e94	num	2	0x37
cls_0x5b8e94	num	2	0x3e75c28f
cls_0x5b8e94	num	2	0x3f800000
cls_0x5b8e94	num	2	0x400
cls_0x5b8e94	num	2	0x40000
cls_0x5b8e94	num	2	0x418c0000
cls_0x5b8e94	num	2	0x454
cls_0x5b8e94	num	2	0x48
cls_0x5b8e94	num	2	0x60
cls_0x5b8e94	num	2	0x68
cls_0x5b8e94	num	2	0x7f7f7f7f
cls_0x5b8e94	num	2	0x88
cls_0x5b8e94	num	2	0xb1
cls_0x5b8e94	num	2	0xb2
cls_0x5b8e94	num	2	0xc000
cls_0x5b8e94	num	2	0xd4
cls_0x5b8e94	num	2	0xec
cls_0x5b8e94	num	2	0xffffffc9
cls_0x5b8e94	num	2	104
cls_0x5b8e94	num	2	108
cls_0x5b8e94	num	2	112
cls_0x5b8e94	num	2	120
cls_0x5b8e94	num	2	124
cls_0x5b8e94	num	2	126
cls_0x5b8e94	num	2	132
cls_0x5b8e94	num	2	136
cls_0x5b8e94	num	2	140
cls_0x5b8e94	num	2	144
cls_0x5b8e94	num	2	148
cls_0x5b8e94	num	2	152
cls_0x5b8e94	num	2	156
cls_0x5b8e94	num	2	160
cls_0x5b8e94	num	2	168
cls_0x5b8e94	num	2	172
cls_0x5b8e94	num	2	176
cls_0x5b8e94	num	2	180
cls_0x5b8e94	num	2	184
cls_0x5b8e94	num	2	20
cls_0x5b8e94	num	2	216
cls_0x5b8e94	num	2	220
cls_0x5b8e94	num	2	224
cls_0x5b8e94	num	2	228
cls_0x5b8e94	num	2	232
cls_0x5b8e94	num	2	236
cls_0x5b8e94	num	2	24
cls_0x5b8e94	num	2	248
cls_0x5b8e94	num	2	252
cls_0x5b8e94	num	2	264
cls_0x5b8e94	num	2	268
cls_0x5b8e94	num	2	272
cls_0x5b8e94	num	2	28
cls_0x5b8e94	num	2	288
cls_0x5b8e94	num	2	292
cls_0x5b8e94	num	2	296
cls_0x5b8e94	num	2	304
cls_0x5b8e94	num	2	308
cls_0x5b8e94	num	2	312
cls_0x5b8e94	num	2	316
cls_0x5b8e94	num	2	320
cls_0x5b8e94	num	2	324
cls_0x5b8e94	num	2	328
cls_0x5b8e94	num	2	332
cls_0x5b8e94	num	2	348
cls_0x5b8e94	num	2	36
cls_0x5b8e94	num	2	388
cls_0x5b8e94	num	2	392
cls_0x5b8e94	num	2	396
cls_0x5b8e94	num	2	40
cls_0x5b8e94	num	2	404
cls_0x5b8e94	num	2	408
cls_0x5b8e94	num	2	412
cls_0x5b8e94	num	2	416
cls_0x5b8e94	num	2	420
cls_0x5b8e94	num	2	424
cls_0x5b8e94	num	2	428
cls_0x5b8e94	num	2	432
cls_0x5b8e94	num	2	436
cls_0x5b8e94	num	2	44
cls_0x5b8e94	num	2	440
cls_0x5b8e94	num	2	48
cls_0x5b8e94	num	2	499
cls_0x5b8e94	num	2	52
cls_0x5b8e94	num	2	56
cls_0x5b8e94	num	2	68
cls_0x5b8e94	num	2	72
cls_0x5b8e94	num	2	76
cls_0x5b8e94	num	2	84
cls_0x5b8e94	num	2	88
cls_0x5b8e94	num	2	92
cls_0x5b8e94	num	2	96
cls_0x5b8e94	num	1	00470920
cls_0x5b8e94	num	1	00471260
cls_0x5b8e94	num	1	00471900
cls_0x5b8e94	num	1	00472310
cls_0x5b8e94	num	1	00472380
cls_0x5b8e94	num	1	00472430
cls_0x5b8e94	num	1	00472980
cls_0x5b8e94	num	1	00473460
cls_0x5b8e94	num	1	00473600
cls_0x5b8e94	num	1	00477990
cls_0x5b8e94	num	1	00500020
cls_0x5b8e94	num	1	00500350
cls_0x5b8e94	num	1	00500380
cls_0x5b8e94	num	1	00500510
cls_0x5b8e94	num	1	00500660
cls_0x5b8e94	num	1	00500690
cls_0x5b8e94	num	1	00500800
cls_0x5b8e94	num	1	00500830
cls_0x5b8e94	num	1	00500990
cls_0x5b8e94	num	1	00501010
cls_0x5b8e94	num	1	00501650
cls_0x5b8e94	num	1	00501680
cls_0x5b8e94	num	1	00501790
cls_0x5b8e94	num	1	00502470
cls_0x5b8e94	num	1	00504920
cls_0x5b8e94	num	1	00505290
cls_0x5b8e94	num	1	00507330
cls_0x5b8e94	num	1	00509020
cls_0x5b8e94	num	1	00509550
cls_0x5b8e94	num	1	00509580
cls_0x5b8e94	num	1	00517050
cls_0x5b8e94	num	1	00522010
cls_0x5b8e94	num	1	00523530
cls_0x5b8e94	num	1	00523880
cls_0x5b8e94	num	1	00527460
cls_0x5b8e94	num	1	00527550
cls_0x5b8e94	num	1	00527580
cls_0x5b8e94	num	1	00527660
cls_0x5b8e94	num	1	00527690
cls_0x5b8e94	num	1	00527750
cls_0x5b8e94	num	1	00527780
cls_0x5b8e94	num	1	00527840
cls_0x5b8e94	num	1	00527870
cls_0x5b8e94	num	1	00527920
cls_0x5b8e94	num	1	00527950
cls_0x5b8e94	num	1	00528000
cls_0x5b8e94	num	1	00528170
cls_0x5b8e94	num	1	00528240
cls_0x5b8e94	num	1	00528270
cls_0x5b8e94	num	1	00528310
cls_0x5b8e94	num	1	00528340
cls_0x5b8e94	num	1	00528430
cls_0x5b8e94	num	1	00528600
cls_0x5b8e94	num	1	00528770
cls_0x5b8e94	num	1	00528980
cls_0x5b8e94	num	1	00529120
cls_0x5b8e94	num	1	00542200
cls_0x5b8e94	num	1	00542290
cls_0x5b8e94	num	1	0x0046f246
cls_0x5b8e94	num	1	0x100000
cls_0x5b8e94	num	1	0x1000000
cls_0x5b8e94	num	1	0x101
cls_0x5b8e94	num	1	0x10b
cls_0x5b8e94	num	1	0x115
cls_0x5b8e94	num	1	0x12
cls_0x5b8e94	num	1	0x124
cls_0x5b8e94	num	1	0x134
cls_0x5b8e94	num	1	0x13bc
cls_0x5b8e94	num	1	0x150
cls_0x5b8e94	num	1	0x154
cls_0x5b8e94	num	1	0x170
cls_0x5b8e94	num	1	0x1a0
cls_0x5b8e94	num	1	0x1a4
cls_0x5b8e94	num	1	0x1bc
cls_0x5b8e94	num	1	0x2000000
cls_0x5b8e94	num	1	0x210
cls_0x5b8e94	num	1	0x268
cls_0x5b8e94	num	1	0x2c
cls_0x5b8e94	num	1	0x30
cls_0x5b8e94	num	1	0x320000
cls_0x5b8e94	num	1	0x36
cls_0x5b8e94	num	1	0x3d0
cls_0x5b8e94	num	1	0x3d23d70a
cls_0x5b8e94	num	1	0x3d8
cls_0x5b8e94	num	1	0x3e4ccccd
cls_0x5b8e94	num	1	0x3ff1ffd7
cls_0x5b8e94	num	1	0x3fffdff
cls_0x5b8e94	num	1	0x4000000
cls_0x5b8e94	num	1	0x4004
cls_0x5b8e94	num	1	0x413
cls_0x5b8e94	num	1	0x42480000
cls_0x5b8e94	num	1	0x46
cls_0x5b8e94	num	1	0x46f267
cls_0x5b8e94	num	1	0x47065a
cls_0x5b8e94	num	1	0x470682
cls_0x5b8e94	num	1	0x47078e
cls_0x5b8e94	num	1	0x470795
cls_0x5b8e94	num	1	0x48001
cls_0x5b8e94	num	1	0x4c009
cls_0x5b8e94	num	1	0x4cc
cls_0x5b8e94	num	1	0x4e1e
cls_0x5b8e94	num	1	0x50d3dd
cls_0x5b8e94	num	1	0x60000
cls_0x5b8e94	num	1	0x60001
cls_0x5b8e94	num	1	0x66b99c
cls_0x5b8e94	num	1	0x78
cls_0x5b8e94	num	1	0x7c
cls_0x5b8e94	num	1	0x801
cls_0x5b8e94	num	1	0x80808080
cls_0x5b8e94	num	1	0x814
cls_0x5b8e94	num	1	0x9000
cls_0x5b8e94	num	1	0x94
cls_0x5b8e94	num	1	0x98
cls_0x5b8e94	num	1	0xa8
cls_0x5b8e94	num	1	0xb8
cls_0x5b8e94	num	1	0xbc
cls_0x5b8e94	num	1	0xcc
cls_0x5b8e94	num	1	0xdc
cls_0x5b8e94	num	1	0xdfffffff
cls_0x5b8e94	num	1	0xf0
cls_0x5b8e94	num	1	0xf7ff7fff
cls_0x5b8e94	num	1	0xf7ffffff
cls_0x5b8e94	num	1	0xfe
cls_0x5b8e94	num	1	0xffff7fff
cls_0x5b8e94	num	1	0xffffbfff
cls_0x5b8e94	num	1	0xfffffdff
cls_0x5b8e94	num	1	0xffffffe2
cls_0x5b8e94	num	1	0xffffffec
cls_0x5b8e94	num	1	0xfffffff6
cls_0x5b8e94	num	1	0xfffffffa
cls_0x5b8e94	num	1	0xfffffffd
cls_0x5b8e94	num	1	1025
cls_0x5b8e94	num	1	1028
cls_0x5b8e94	num	1	1032
cls_0x5b8e94	num	1	1036
cls_0x5b8e94	num	1	1092
cls_0x5b8e94	num	1	1100
cls_0x5b8e94	num	1	116
cls_0x5b8e94	num	1	1172
cls_0x5b8e94	num	1	1276
cls_0x5b8e94	num	1	1280
cls_0x5b8e94	num	1	1284
cls_0x5b8e94	num	1	1288
cls_0x5b8e94	num	1	1292
cls_0x5b8e94	num	1	1296
cls_0x5b8e94	num	1	1348
cls_0x5b8e94	num	1	1352
cls_0x5b8e94	num	1	137
cls_0x5b8e94	num	1	138
cls_0x5b8e94	num	1	164
cls_0x5b8e94	num	1	188
cls_0x5b8e94	num	1	192
cls_0x5b8e94	num	1	196
cls_0x5b8e94	num	1	19999
cls_0x5b8e94	num	1	204
cls_0x5b8e94	num	1	208
cls_0x5b8e94	num	1	212
cls_0x5b8e94	num	1	240
cls_0x5b8e94	num	1	244
cls_0x5b8e94	num	1	260
cls_0x5b8e94	num	1	276
cls_0x5b8e94	num	1	280
cls_0x5b8e94	num	1	284
cls_0x5b8e94	num	1	336
cls_0x5b8e94	num	1	340
cls_0x5b8e94	num	1	344
cls_0x5b8e94	num	1	352
cls_0x5b8e94	num	1	356
cls_0x5b8e94	num	1	360
cls_0x5b8e94	num	1	364
cls_0x5b8e94	num	1	368
cls_0x5b8e94	num	1	372
cls_0x5b8e94	num	1	376
cls_0x5b8e94	num	1	380
cls_0x5b8e94	num	1	384
cls_0x5b8e94	num	1	444
cls_0x5b8e94	num	1	448
cls_0x5b8e94	num	1	452
cls_0x5b8e94	num	1	456
cls_0x5b8e94	num	1	460
cls_0x5b8e94	num	1	464
cls_0x5b8e94	num	1	468
cls_0x5b8e94	num	1	472
cls_0x5b8e94	num	1	476
cls_0x5b8e94	num	1	480
cls_0x5b8e94	num	1	484
cls_0x5b8e94	num	1	488
cls_0x5b8e94	num	1	492
cls_0x5b8e94	num	1	496
cls_0x5b8e94	num	1	500
cls_0x5b8e94	num	1	53
cls_0x5b8e94	num	1	54
cls_0x5b8e94	num	1	55
cls_0x5b8e94	num	1	568
cls_0x5b8e94	num	1	580
cls_0x5b8e94	num	1	60
cls_0x5b8e94	num	1	600
cls_0x5b8e94	num	1	808
cls_0x5b8e94	num	1	868
cls_0x5b8e94	num	1	932
cls_0x5b8e94	num	1	94
cls_0x5b8e94	num	1	940
cls_0x5b8e94	num	1	944
cls_0x5b8e94	num	1	964
cls_0x5b8e94	num	1	98
cls_0x5b8e94	meth	1	meth_0x471260:v():2276
cls_0x5b8e94	meth	1	meth_0x4defe0:v():39
cls_0x5b8e94	meth	1	meth_0x4df070:d():339
cls_0x5b8e94	meth	1	meth_0x4fa540:d():342
cls_0x5b8e94	meth	1	meth_0x4fe800:v():980
cls_0x5b8e94	meth	1	meth_0x507330:v():1226
cls_0x5b8e94	meth	1	meth_0x517050:d(p,d):514
cls_0x5b8e94	meth	1	meth_0x526f00:v(d,d):1187
cls_0x5b92bc	sum	1	fields=14 methods=0 lines=274
cls_0x5b92bc	str	1	exitsure_dat
cls_0x5b92bc	num	4	0x1c
cls_0x5b92bc	num	2	0x148
cls_0x5b92bc	num	2	0x1e0
cls_0x5b92bc	num	2	0x280
cls_0x5b92bc	num	2	0xffffffdf
cls_0x5b92bc	num	2	20
cls_0x5b92bc	num	2	24
cls_0x5b92bc	num	2	28
cls_0x5b92bc	num	2	72
cls_0x5b92bc	num	2	76
cls_0x5b92bc	num	2	80
cls_0x5b92bc	num	2	84
cls_0x5b92bc	num	2	96
cls_0x5b92bc	num	1	00533350
cls_0x5b92bc	num	1	00533580
cls_0x5b92bc	num	1	00533620
cls_0x5b92bc	num	1	00533700
cls_0x5b92bc	num	1	00533760
cls_0x5b92bc	num	1	00533820
cls_0x5b92bc	num	1	0x1b
cls_0x5b92bc	num	1	0x2010
cls_0x5b92bc	num	1	0x4e
cls_0x5b92bc	num	1	0x59
cls_0x5b92bc	num	1	104
cls_0x5b92bc	num	1	108
cls_0x5b92bc	num	1	112
cls_0x5b92bc	num	1	116
cls_0x5b92bc	num	1	120
cls_0x5b92bc	num	1	124
cls_0x5b92bc	num	1	132
cls_0x5b92bc	num	1	136
cls_0x5b92bc	num	1	140
cls_0x5b92bc	num	1	144
cls_0x5b92bc	num	1	148
cls_0x5b92bc	num	1	152
cls_0x5b92bc	num	1	156
cls_0x5b92bc	num	1	160
cls_0x5b92bc	num	1	164
cls_0x5b92bc	num	1	168
cls_0x5b92bc	num	1	172
cls_0x5b92bc	num	1	176
cls_0x5b92bc	num	1	180
cls_0x5b92bc	num	1	184
cls_0x5b92bc	num	1	36
cls_0x5b92bc	num	1	380
cls_0x5b92bc	num	1	384
cls_0x5b92bc	num	1	40
cls_0x5b92bc	num	1	44
cls_0x5b92bc	num	1	48
cls_0x5b92bc	num	1	52
cls_0x5b92bc	num	1	56
cls_0x5b92bc	num	1	60
cls_0x5b92bc	num	1	68
cls_0x5b92bc	num	1	88
cls_0x5b92bc	num	1	92
cls_0x5b9374	sum	1	fields=0 methods=0 lines=94
cls_0x5b9374	str	1	Trouble_initializing_Death_pane
cls_0x5b9374	str	1	death_dat
cls_0x5b9374	num	2	112
cls_0x5b9374	num	2	76
cls_0x5b9374	num	1	20
cls_0x5b9374	num	1	24
cls_0x5b9374	num	1	28
cls_0x5b9374	num	1	36
cls_0x5b9374	num	1	40
cls_0x5b9374	num	1	44
cls_0x5b9374	num	1	48
cls_0x5b9374	num	1	52
cls_0x5b9374	num	1	56
cls_0x5b9374	num	1	60
cls_0x5b9374	num	1	68
cls_0x5b9374	num	1	72
cls_0x5b9374	num	1	80
cls_0x5b93c4	sum	1	fields=49 methods=9 lines=2703
cls_0x5b93c4	str	4	THUMBNAILS
cls_0x5b93c4	str	4	d__d
cls_0x5b93c4	str	3	IMAGERY
cls_0x5b93c4	str	2	FIELD
cls_0x5b93c4	str	2	d__revenant_StatPane_cpp
cls_0x5b93c4	str	1	20s__d__d__d__d
cls_0x5b93c4	str	1	BEGIN
cls_0x5b93c4	str	1	BUTTON
cls_0x5b93c4	str	1	CLASS
cls_0x5b93c4	str	1	COLOR
cls_0x5b93c4	str	1	ERROR__Creating_object
cls_0x5b93c4	str	1	FORMAT
cls_0x5b93c4	str	1	LINEHEIGHT
cls_0x5b93c4	str	1	LINEWRAP
cls_0x5b93c4	str	1	NEXTLINE
cls_0x5b93c4	str	1	Panel
cls_0x5b93c4	str	1	Restart
cls_0x5b93c4	str	1	String
cls_0x5b93c4	str	1	b__b__b
cls_0x5b93c4	str	1	block
cls_0x5b93c4	str	1	center
cls_0x5b93c4	str	1	default
cls_0x5b93c4	str	1	grayable
cls_0x5b93c4	str	1	multipage
cls_0x5b93c4	str	1	nextbutton
cls_0x5b93c4	str	1	prevbutton
cls_0x5b93c4	str	1	right
cls_0x5b93c4	str	1	spell_pouch
cls_0x5b93c4	str	1	spellpouch
cls_0x5b93c4	str	1	sthumbnail__s
cls_0x5b93c4	str	1	widgets
cls_0x5b93c4	api	6	LPPOINT
cls_0x5b93c4	api	5	_strncpy
cls_0x5b93c4	api	2	DrawTextExA
cls_0x5b93c4	api	2	LPINT
cls_0x5b93c4	api	1	GetTextExtentExPointA
cls_0x5b93c4	api	1	UINT
cls_0x5b93c4	api	1	_strncmp
cls_0x5b93c4	num	54	0x14
cls_0x5b93c4	num	18	0x48
cls_0x5b93c4	num	9	0x12
cls_0x5b93c4	num	9	0x1f
cls_0x5b93c4	num	9	0x38
cls_0x5b93c4	num	9	0x54
cls_0x5b93c4	num	8	0x18
cls_0x5b93c4	num	7	0x28
cls_0x5b93c4	num	7	0x3c
cls_0x5b93c4	num	6	0xffffff
cls_0x5b93c4	num	5	0x100
cls_0x5b93c4	num	5	0x1c
cls_0x5b93c4	num	5	0x2c
cls_0x5b93c4	num	5	0x34
cls_0x5b93c4	num	4	0x148
cls_0x5b93c4	num	4	0x15
cls_0x5b93c4	num	4	0x1e
cls_0x5b93c4	num	4	0x29
cls_0x5b93c4	num	4	0x5c
cls_0x5b93c4	num	3	0x11
cls_0x5b93c4	num	3	0x1f0
cls_0x5b93c4	num	3	0x3e00
cls_0x5b93c4	num	3	0x3f00
cls_0x5b93c4	num	3	0x50
cls_0x5b93c4	num	3	0x58
cls_0x5b93c4	num	3	0x80000000
cls_0x5b93c4	num	3	0xa8
cls_0x5b93c4	num	3	0xf8
cls_0x5b93c4	num	3	20
cls_0x5b93c4	num	3	84
cls_0x5b93c4	num	2	0x130
cls_0x5b93c4	num	2	0x17c
cls_0x5b93c4	num	2	0x1e0
cls_0x5b93c4	num	2	0x200
cls_0x5b93c4	num	2	0x21
cls_0x5b93c4	num	2	0x280
cls_0x5b93c4	num	2	0x2810
cls_0x5b93c4	num	2	0x2a
cls_0x5b93c4	num	2	0x30
cls_0x5b93c4	num	2	0x3e0
cls_0x5b93c4	num	2	0x88
cls_0x5b93c4	num	2	0xd8
cls_0x5b93c4	num	2	0xdd
cls_0x5b93c4	num	2	104
cls_0x5b93c4	num	2	108
cls_0x5b93c4	num	2	112
cls_0x5b93c4	num	2	116
cls_0x5b93c4	num	2	120
cls_0x5b93c4	num	2	132
cls_0x5b93c4	num	2	160
cls_0x5b93c4	num	2	164
cls_0x5b93c4	num	2	168
cls_0x5b93c4	num	2	172
cls_0x5b93c4	num	2	176
cls_0x5b93c4	num	2	180
cls_0x5b93c4	num	2	184
cls_0x5b93c4	num	2	188
cls_0x5b93c4	num	2	24
cls_0x5b93c4	num	2	28
cls_0x5b93c4	num	2	3000
cls_0x5b93c4	num	2	72
cls_0x5b93c4	num	2	76
cls_0x5b93c4	num	2	80
cls_0x5b93c4	num	2	92
cls_0x5b93c4	num	2	96
cls_0x5b93c4	num	1	00435010
cls_0x5b93c4	num	1	00435150
cls_0x5b93c4	num	1	00435230
cls_0x5b93c4	num	1	00436010
cls_0x5b93c4	num	1	00436090
cls_0x5b93c4	num	1	00436340
cls_0x5b93c4	num	1	00436460
cls_0x5b93c4	num	1	00436530
cls_0x5b93c4	num	1	00436660
cls_0x5b93c4	num	1	00436730
cls_0x5b93c4	num	1	00437000
cls_0x5b93c4	num	1	00539260
cls_0x5b93c4	num	1	0x100000
cls_0x5b93c4	num	1	0x10100
cls_0x5b93c4	num	1	0x16
cls_0x5b93c4	num	1	0x17
cls_0x5b93c4	num	1	0x180
cls_0x5b93c4	num	1	0x1d
cls_0x5b93c4	num	1	0x2000
cls_0x5b93c4	num	1	0x201
cls_0x5b93c4	num	1	0x24
cls_0x5b93c4	num	1	0x25
cls_0x5b93c4	num	1	0x26
cls_0x5b93c4	num	1	0x27
cls_0x5b93c4	num	1	0x2e
cls_0x5b93c4	num	1	0x354
cls_0x5b93c4	num	1	0x360
cls_0x5b93c4	num	1	0x3c3c3c
cls_0x5b93c4	num	1	0x401
cls_0x5b93c4	num	1	0x403
cls_0x5b93c4	num	1	0x404
cls_0x5b93c4	num	1	0x406
cls_0x5b93c4	num	1	0x408
cls_0x5b93c4	num	1	0x44
cls_0x5b93c4	num	1	0x52
cls_0x5b93c4	num	1	0x65
cls_0x5b93c4	num	1	0x68
cls_0x5b93c4	num	1	0x6c
cls_0x5b93c4	num	1	0x78
cls_0x5b93c4	num	1	0x7c0
cls_0x5b93c4	num	1	0x7c00
cls_0x5b93c4	num	1	0x7e
cls_0x5b93c4	num	1	0x7e0
cls_0x5b93c4	num	1	0x7f
cls_0x5b93c4	num	1	0x800
cls_0x5b93c4	num	1	0x82
cls_0x5b93c4	num	1	0x84
cls_0x5b93c4	num	1	0xa3
cls_0x5b93c4	num	1	0xf800
cls_0x5b93c4	num	1	0xf81f
cls_0x5b93c4	num	1	0xffff8400
cls_0x5b93c4	num	1	0xfffffffb
cls_0x5b93c4	num	1	10000
cls_0x5b93c4	num	1	124
cls_0x5b93c4	num	1	136
cls_0x5b93c4	num	1	140
cls_0x5b93c4	num	1	144
cls_0x5b93c4	num	1	148
cls_0x5b93c4	num	1	152
cls_0x5b93c4	num	1	156
cls_0x5b93c4	num	1	192
cls_0x5b93c4	num	1	208
cls_0x5b93c4	num	1	260
cls_0x5b93c4	num	1	336
cls_0x5b93c4	num	1	340
cls_0x5b93c4	num	1	344
cls_0x5b93c4	num	1	36
cls_0x5b93c4	num	1	375
cls_0x5b93c4	num	1	376
cls_0x5b93c4	num	1	380
cls_0x5b93c4	num	1	384
cls_0x5b93c4	num	1	388
cls_0x5b93c4	num	1	392
cls_0x5b93c4	num	1	40
cls_0x5b93c4	num	1	400
cls_0x5b93c4	num	1	404
cls_0x5b93c4	num	1	408
cls_0x5b93c4	num	1	412
cls_0x5b93c4	num	1	416
cls_0x5b93c4	num	1	420
cls_0x5b93c4	num	1	424
cls_0x5b93c4	num	1	428
cls_0x5b93c4	num	1	432
cls_0x5b93c4	num	1	436
cls_0x5b93c4	num	1	44
cls_0x5b93c4	num	1	440
cls_0x5b93c4	num	1	48
cls_0x5b93c4	num	1	52
cls_0x5b93c4	num	1	56
cls_0x5b93c4	num	1	60
cls_0x5b93c4	num	1	63
cls_0x5b93c4	num	1	68
cls_0x5b93c4	num	1	88
cls_0x5b93c4	meth	1	meth_0x436730:d(d):104
cls_0x5b93c4	meth	1	meth_0x442e10:d():243
cls_0x5b93c4	meth	1	meth_0x4430f0:d():74
cls_0x5b93c4	meth	1	meth_0x52ff40:d(d):390
cls_0x5b93c4	meth	1	meth_0x538e40:v():125
cls_0x5b93c4	meth	1	meth_0x5391a0:v():39
cls_0x5b93c4	meth	1	meth_0x539260:d():15
cls_0x5b93c4	meth	1	meth_0x543ca0:d(d):70
cls_0x5b93c4	meth	1	meth_0x5475e0:d():920
cls_0x5b9480	sum	1	fields=13 methods=0 lines=182
cls_0x5b9480	str	2	ingamemenu
cls_0x5b9480	str	1	mpingamemenu
cls_0x5b9480	str	1	widgets
cls_0x5b9480	num	2	0x1e0
cls_0x5b9480	num	2	0x280
cls_0x5b9480	num	2	160
cls_0x5b9480	num	2	20
cls_0x5b9480	num	2	24
cls_0x5b9480	num	2	28
cls_0x5b9480	num	2	72
cls_0x5b9480	num	2	76
cls_0x5b9480	num	2	80
cls_0x5b9480	num	2	84
cls_0x5b9480	num	2	92
cls_0x5b9480	num	1	00537110
cls_0x5b9480	num	1	00537170
cls_0x5b9480	num	1	00537420
cls_0x5b9480	num	1	00537480
cls_0x5b9480	num	1	0x11
cls_0x5b9480	num	1	0x13c
cls_0x5b9480	num	1	0x18a
cls_0x5b9480	num	1	0x41
cls_0x5b9480	num	1	0x50
cls_0x5b9480	num	1	0x7e
cls_0x5b9480	num	1	104
cls_0x5b9480	num	1	108
cls_0x5b9480	num	1	112
cls_0x5b9480	num	1	116
cls_0x5b9480	num	1	120
cls_0x5b9480	num	1	124
cls_0x5b9480	num	1	132
cls_0x5b9480	num	1	136
cls_0x5b9480	num	1	140
cls_0x5b9480	num	1	144
cls_0x5b9480	num	1	148
cls_0x5b9480	num	1	152
cls_0x5b9480	num	1	156
cls_0x5b9480	num	1	164
cls_0x5b9480	num	1	168
cls_0x5b9480	num	1	172
cls_0x5b9480	num	1	176
cls_0x5b9480	num	1	180
cls_0x5b9480	num	1	184
cls_0x5b9480	num	1	200
cls_0x5b9480	num	1	36
cls_0x5b9480	num	1	40
cls_0x5b9480	num	1	44
cls_0x5b9480	num	1	48
cls_0x5b9480	num	1	52
cls_0x5b9480	num	1	56
cls_0x5b9480	num	1	60
cls_0x5b9480	num	1	68
cls_0x5b9480	num	1	88
cls_0x5b9480	num	1	96
cls_0x5b9538	sum	1	fields=6 methods=0 lines=109
cls_0x5b9538	num	2	112
cls_0x5b9538	num	1	00539360
cls_0x5b9538	num	1	116
cls_0x5b9538	num	1	120
cls_0x5b9538	num	1	124
cls_0x5b9538	num	1	136
cls_0x5b9538	num	1	140
cls_0x5b9538	num	1	20
cls_0x5b9538	num	1	24
cls_0x5b9538	num	1	28
cls_0x5b9538	num	1	36
cls_0x5b9538	num	1	40
cls_0x5b9538	num	1	44
cls_0x5b9538	num	1	48
cls_0x5b9538	num	1	52
cls_0x5b9538	num	1	56
cls_0x5b9538	num	1	60
cls_0x5b9538	num	1	68
cls_0x5b9538	num	1	72
cls_0x5b9538	num	1	76
cls_0x5b9584	sum	1	fields=23 methods=0 lines=210
cls_0x5b9584	str	1	default
cls_0x5b9584	str	1	loadgame
cls_0x5b9584	str	1	widgets
cls_0x5b9584	num	3	0x1e0
cls_0x5b9584	num	3	0x280
cls_0x5b9584	num	2	20
cls_0x5b9584	num	2	24
cls_0x5b9584	num	2	28
cls_0x5b9584	num	2	72
cls_0x5b9584	num	2	76
cls_0x5b9584	num	2	80
cls_0x5b9584	num	2	84
cls_0x5b9584	num	2	92
cls_0x5b9584	num	1	00539380
cls_0x5b9584	num	1	00539440
cls_0x5b9584	num	1	0x11
cls_0x5b9584	num	1	0x18
cls_0x5b9584	num	1	0x1c2
cls_0x5b9584	num	1	0xa0
cls_0x5b9584	num	1	0xd8
cls_0x5b9584	num	1	104
cls_0x5b9584	num	1	108
cls_0x5b9584	num	1	112
cls_0x5b9584	num	1	116
cls_0x5b9584	num	1	120
cls_0x5b9584	num	1	124
cls_0x5b9584	num	1	132
cls_0x5b9584	num	1	136
cls_0x5b9584	num	1	140
cls_0x5b9584	num	1	144
cls_0x5b9584	num	1	148
cls_0x5b9584	num	1	152
cls_0x5b9584	num	1	156
cls_0x5b9584	num	1	160
cls_0x5b9584	num	1	164
cls_0x5b9584	num	1	168
cls_0x5b9584	num	1	172
cls_0x5b9584	num	1	176
cls_0x5b9584	num	1	180
cls_0x5b9584	num	1	184
cls_0x5b9584	num	1	36
cls_0x5b9584	num	1	380
cls_0x5b9584	num	1	384
cls_0x5b9584	num	1	388
cls_0x5b9584	num	1	392
cls_0x5b9584	num	1	396
cls_0x5b9584	num	1	40
cls_0x5b9584	num	1	400
cls_0x5b9584	num	1	404
cls_0x5b9584	num	1	408
cls_0x5b9584	num	1	412
cls_0x5b9584	num	1	416
cls_0x5b9584	num	1	420
cls_0x5b9584	num	1	44
cls_0x5b9584	num	1	48
cls_0x5b9584	num	1	52
cls_0x5b9584	num	1	56
cls_0x5b9584	num	1	60
cls_0x5b9584	num	1	68
cls_0x5b9584	num	1	88
cls_0x5b9584	num	1	96
cls_0x5b963c	sum	1	fields=21 methods=0 lines=205
cls_0x5b963c	str	1	default
cls_0x5b963c	str	1	savegame
cls_0x5b963c	str	1	widgets
cls_0x5b963c	num	3	0x1e0
cls_0x5b963c	num	3	0x280
cls_0x5b963c	num	2	20
cls_0x5b963c	num	2	24
cls_0x5b963c	num	2	28
cls_0x5b963c	num	2	72
cls_0x5b963c	num	2	76
cls_0x5b963c	num	2	80
cls_0x5b963c	num	2	84
cls_0x5b963c	num	2	92
cls_0x5b963c	num	1	0x11
cls_0x5b963c	num	1	0x18
cls_0x5b963c	num	1	0x1c2
cls_0x5b963c	num	1	0xa0
cls_0x5b963c	num	1	0xd8
cls_0x5b963c	num	1	104
cls_0x5b963c	num	1	108
cls_0x5b963c	num	1	112
cls_0x5b963c	num	1	116
cls_0x5b963c	num	1	120
cls_0x5b963c	num	1	124
cls_0x5b963c	num	1	132
cls_0x5b963c	num	1	136
cls_0x5b963c	num	1	140
cls_0x5b963c	num	1	144
cls_0x5b963c	num	1	148
cls_0x5b963c	num	1	152
cls_0x5b963c	num	1	156
cls_0x5b963c	num	1	160
cls_0x5b963c	num	1	164
cls_0x5b963c	num	1	168
cls_0x5b963c	num	1	172
cls_0x5b963c	num	1	176
cls_0x5b963c	num	1	180
cls_0x5b963c	num	1	184
cls_0x5b963c	num	1	36
cls_0x5b963c	num	1	380
cls_0x5b963c	num	1	384
cls_0x5b963c	num	1	388
cls_0x5b963c	num	1	392
cls_0x5b963c	num	1	396
cls_0x5b963c	num	1	40
cls_0x5b963c	num	1	400
cls_0x5b963c	num	1	412
cls_0x5b963c	num	1	416
cls_0x5b963c	num	1	420
cls_0x5b963c	num	1	44
cls_0x5b963c	num	1	48
cls_0x5b963c	num	1	52
cls_0x5b963c	num	1	56
cls_0x5b963c	num	1	60
cls_0x5b963c	num	1	68
cls_0x5b963c	num	1	88
cls_0x5b963c	num	1	96
cls_0x5b96f4	sum	1	fields=0 methods=1 lines=143
cls_0x5b96f4	str	1	Attempted_to_add_an_uninitialize
cls_0x5b96f4	str	1	Trouble_initializing_Options_pan
cls_0x5b96f4	num	2	112
cls_0x5b96f4	num	2	76
cls_0x5b96f4	num	1	0x3c
cls_0x5b96f4	num	1	0x44
cls_0x5b96f4	num	1	20
cls_0x5b96f4	num	1	24
cls_0x5b96f4	num	1	28
cls_0x5b96f4	num	1	36
cls_0x5b96f4	num	1	40
cls_0x5b96f4	num	1	44
cls_0x5b96f4	num	1	48
cls_0x5b96f4	num	1	52
cls_0x5b96f4	num	1	56
cls_0x5b96f4	num	1	60
cls_0x5b96f4	num	1	68
cls_0x5b96f4	num	1	72
cls_0x5b96f4	num	1	80
cls_0x5b96f4	meth	1	meth_0x48ed90:d():100
cls_0x5b9744	sum	1	fields=31 methods=0 lines=285
cls_0x5b9744	str	1	default
cls_0x5b9744	str	1	options
cls_0x5b9744	str	1	widgets
cls_0x5b9744	num	3	0x1e0
cls_0x5b9744	num	3	0x280
cls_0x5b9744	num	2	0xa0
cls_0x5b9744	num	2	20
cls_0x5b9744	num	2	24
cls_0x5b9744	num	2	28
cls_0x5b9744	num	2	72
cls_0x5b9744	num	2	76
cls_0x5b9744	num	2	80
cls_0x5b9744	num	2	84
cls_0x5b9744	num	1	0x11
cls_0x5b9744	num	1	0x1c2
cls_0x5b9744	num	1	0x24
cls_0x5b9744	num	1	104
cls_0x5b9744	num	1	108
cls_0x5b9744	num	1	112
cls_0x5b9744	num	1	116
cls_0x5b9744	num	1	120
cls_0x5b9744	num	1	124
cls_0x5b9744	num	1	132
cls_0x5b9744	num	1	136
cls_0x5b9744	num	1	140
cls_0x5b9744	num	1	144
cls_0x5b9744	num	1	148
cls_0x5b9744	num	1	152
cls_0x5b9744	num	1	156
cls_0x5b9744	num	1	160
cls_0x5b9744	num	1	164
cls_0x5b9744	num	1	168
cls_0x5b9744	num	1	172
cls_0x5b9744	num	1	176
cls_0x5b9744	num	1	180
cls_0x5b9744	num	1	184
cls_0x5b9744	num	1	36
cls_0x5b9744	num	1	380
cls_0x5b9744	num	1	384
cls_0x5b9744	num	1	388
cls_0x5b9744	num	1	392
cls_0x5b9744	num	1	396
cls_0x5b9744	num	1	40
cls_0x5b9744	num	1	400
cls_0x5b9744	num	1	404
cls_0x5b9744	num	1	408
cls_0x5b9744	num	1	412
cls_0x5b9744	num	1	416
cls_0x5b9744	num	1	420
cls_0x5b9744	num	1	424
cls_0x5b9744	num	1	428
cls_0x5b9744	num	1	432
cls_0x5b9744	num	1	436
cls_0x5b9744	num	1	44
cls_0x5b9744	num	1	440
cls_0x5b9744	num	1	444
cls_0x5b9744	num	1	448
cls_0x5b9744	num	1	452
cls_0x5b9744	num	1	456
cls_0x5b9744	num	1	48
cls_0x5b9744	num	1	52
cls_0x5b9744	num	1	56
cls_0x5b9744	num	1	60
cls_0x5b9744	num	1	68
cls_0x5b9744	num	1	88
cls_0x5b9744	num	1	92
cls_0x5b9744	num	1	96
cls_0x5b97fc	sum	1	fields=15 methods=0 lines=217
cls_0x5b97fc	str	1	cancel
cls_0x5b97fc	str	1	okcancel
cls_0x5b97fc	str	1	popup
cls_0x5b97fc	str	1	widgets
cls_0x5b97fc	str	1	yesno
cls_0x5b97fc	num	2	0x18
cls_0x5b97fc	num	2	0x1e0
cls_0x5b97fc	num	2	0x280
cls_0x5b97fc	num	2	20
cls_0x5b97fc	num	2	24
cls_0x5b97fc	num	2	28
cls_0x5b97fc	num	2	72
cls_0x5b97fc	num	2	76
cls_0x5b97fc	num	2	80
cls_0x5b97fc	num	2	84
cls_0x5b97fc	num	2	92
cls_0x5b97fc	num	1	0x11
cls_0x5b97fc	num	1	0x134
cls_0x5b97fc	num	1	0x18e
cls_0x5b97fc	num	1	0x7a
cls_0x5b97fc	num	1	0x81
cls_0x5b97fc	num	1	0xd4
cls_0x5b97fc	num	1	104
cls_0x5b97fc	num	1	108
cls_0x5b97fc	num	1	112
cls_0x5b97fc	num	1	116
cls_0x5b97fc	num	1	120
cls_0x5b97fc	num	1	124
cls_0x5b97fc	num	1	132
cls_0x5b97fc	num	1	136
cls_0x5b97fc	num	1	140
cls_0x5b97fc	num	1	144
cls_0x5b97fc	num	1	148
cls_0x5b97fc	num	1	152
cls_0x5b97fc	num	1	156
cls_0x5b97fc	num	1	160
cls_0x5b97fc	num	1	164
cls_0x5b97fc	num	1	168
cls_0x5b97fc	num	1	172
cls_0x5b97fc	num	1	176
cls_0x5b97fc	num	1	180
cls_0x5b97fc	num	1	184
cls_0x5b97fc	num	1	188
cls_0x5b97fc	num	1	3000
cls_0x5b97fc	num	1	36
cls_0x5b97fc	num	1	380
cls_0x5b97fc	num	1	384
cls_0x5b97fc	num	1	388
cls_0x5b97fc	num	1	40
cls_0x5b97fc	num	1	44
cls_0x5b97fc	num	1	48
cls_0x5b97fc	num	1	52
cls_0x5b97fc	num	1	56
cls_0x5b97fc	num	1	60
cls_0x5b97fc	num	1	68
cls_0x5b97fc	num	1	88
cls_0x5b97fc	num	1	96
cls_0x5b98b8	sum	1	fields=62 methods=33 lines=2616
cls_0x5b98b8	str	4	lobby_started1
cls_0x5b98b8	str	4	lobby_started2
cls_0x5b98b8	str	4	lobby_started3
cls_0x5b98b8	str	4	lobby_waiting1
cls_0x5b98b8	str	4	lobby_waiting2
cls_0x5b98b8	str	3	gamelist
cls_0x5b98b8	str	3	gametext
cls_0x5b98b8	str	3	hostaddr
cls_0x5b98b8	str	2	Couldn_t_initialize_mosaic_surfa
cls_0x5b98b8	str	2	advanced
cls_0x5b98b8	str	2	alpha_dat
cls_0x5b98b8	str	2	chatedit
cls_0x5b98b8	str	2	chatlist
cls_0x5b98b8	str	2	hosttext
cls_0x5b98b8	str	2	lobby_connect
cls_0x5b98b8	str	2	lobby_failed
cls_0x5b98b8	str	2	modetext
cls_0x5b98b8	str	2	mplayer
cls_0x5b98b8	str	2	notex_dat
cls_0x5b98b8	str	2	providerlist
cls_0x5b98b8	str	2	providertext
cls_0x5b98b8	str	2	s___s_d
cls_0x5b98b8	str	2	start
cls_0x5b98b8	str	2	tex_dat
cls_0x5b98b8	str	2	username
cls_0x5b98b8	str	1	Level
cls_0x5b98b8	str	1	String
cls_0x5b98b8	str	1	The_host
cls_0x5b98b8	str	1	Unable_to_find_control___s__in_c
cls_0x5b98b8	str	1	Unable_to_load__s
cls_0x5b98b8	str	1	Unable_to_load_widgets_def
cls_0x5b98b8	str	1	green
cls_0x5b98b8	str	1	modlist
cls_0x5b98b8	str	1	modtext
cls_0x5b98b8	str	1	nomonsters
cls_0x5b98b8	str	1	obj_08x
cls_0x5b98b8	str	1	obj_s
cls_0x5b98b8	str	1	objdesc
cls_0x5b98b8	str	1	s
cls_0x5b98b8	str	1	s__s_d
cls_0x5b98b8	str	1	skl_next
cls_0x5b98b8	str	1	skl_prev
cls_0x5b98b8	str	1	stmod
cls_0x5b98b8	str	1	train
cls_0x5b98b8	str	1	widgets_def
cls_0x5b98b8	api	12	_param_1
cls_0x5b98b8	api	10	_strncpy
cls_0x5b98b8	api	5	LPPOINT
cls_0x5b98b8	api	4	DrawTextA
cls_0x5b98b8	api	4	LONG
cls_0x5b98b8	api	4	TextOutA
cls_0x5b98b8	api	4	_param_2
cls_0x5b98b8	api	4	_param_3
cls_0x5b98b8	num	42	0x1c
cls_0x5b98b8	num	23	0x18
cls_0x5b98b8	num	12	0x4f
cls_0x5b98b8	num	7	0x50
cls_0x5b98b8	num	6	0x100
cls_0x5b98b8	num	6	0x78
cls_0x5b98b8	num	5	0x14
cls_0x5b98b8	num	5	0x19
cls_0x5b98b8	num	4	0x1a
cls_0x5b98b8	num	4	0x1b
cls_0x5b98b8	num	4	0x28
cls_0x5b98b8	num	4	0x2810
cls_0x5b98b8	num	4	0xdc
cls_0x5b98b8	num	4	0xfffffffd
cls_0x5b98b8	num	4	400
cls_0x5b98b8	num	3	0x1e0
cls_0x5b98b8	num	3	0x24
cls_0x5b98b8	num	3	0x2e
cls_0x5b98b8	num	3	0x2ec
cls_0x5b98b8	num	3	0x3f
cls_0x5b98b8	num	3	0x6c
cls_0x5b98b8	num	2	0x13
cls_0x5b98b8	num	2	0x23
cls_0x5b98b8	num	2	0x280
cls_0x5b98b8	num	2	0x34
cls_0x5b98b8	num	2	0x38
cls_0x5b98b8	num	2	0x68
cls_0x5b98b8	num	2	0x74
cls_0x5b98b8	num	2	0x7f
cls_0x5b98b8	num	2	0x7f7f
cls_0x5b98b8	num	2	0xd4
cls_0x5b98b8	num	2	0xfffffff7
cls_0x5b98b8	num	2	104
cls_0x5b98b8	num	2	108
cls_0x5b98b8	num	2	112
cls_0x5b98b8	num	2	116
cls_0x5b98b8	num	2	120
cls_0x5b98b8	num	2	124
cls_0x5b98b8	num	2	132
cls_0x5b98b8	num	2	160
cls_0x5b98b8	num	2	164
cls_0x5b98b8	num	2	168
cls_0x5b98b8	num	2	176
cls_0x5b98b8	num	2	180
cls_0x5b98b8	num	2	20
cls_0x5b98b8	num	2	200
cls_0x5b98b8	num	2	24
cls_0x5b98b8	num	2	28
cls_0x5b98b8	num	2	40
cls_0x5b98b8	num	2	72
cls_0x5b98b8	num	2	76
cls_0x5b98b8	num	2	79
cls_0x5b98b8	num	2	80
cls_0x5b98b8	num	2	84
cls_0x5b98b8	num	2	96
cls_0x5b98b8	num	1	00435040
cls_0x5b98b8	num	1	00435380
cls_0x5b98b8	num	1	00435660
cls_0x5b98b8	num	1	00435760
cls_0x5b98b8	num	1	00435990
cls_0x5b98b8	num	1	00436790
cls_0x5b98b8	num	1	00436890
cls_0x5b98b8	num	1	00436900
cls_0x5b98b8	num	1	00436930
cls_0x5b98b8	num	1	00436980
cls_0x5b98b8	num	1	00437620
cls_0x5b98b8	num	1	00466480
cls_0x5b98b8	num	1	00469260
cls_0x5b98b8	num	1	00547240
cls_0x5b98b8	num	1	0x11
cls_0x5b98b8	num	1	0x12
cls_0x5b98b8	num	1	0x145
cls_0x5b98b8	num	1	0x14f
cls_0x5b98b8	num	1	0x19f
cls_0x5b98b8	num	1	0x1a4
cls_0x5b98b8	num	1	0x1d8
cls_0x5b98b8	num	1	0x1e8
cls_0x5b98b8	num	1	0x1f
cls_0x5b98b8	num	1	0x2000
cls_0x5b98b8	num	1	0x22
cls_0x5b98b8	num	1	0x26
cls_0x5b98b8	num	1	0x2b
cls_0x5b98b8	num	1	0x2c
cls_0x5b98b8	num	1	0x2c0
cls_0x5b98b8	num	1	0x2c4
cls_0x5b98b8	num	1	0x31
cls_0x5b98b8	num	1	0x40c
cls_0x5b98b8	num	1	0x410
cls_0x5b98b8	num	1	0x43507a
cls_0x5b98b8	num	1	0x48
cls_0x5b98b8	num	1	0x4c
cls_0x5b98b8	num	1	0x55
cls_0x5b98b8	num	1	0x659c84
cls_0x5b98b8	num	1	0x659c88
cls_0x5b98b8	num	1	0x659c8c
cls_0x5b98b8	num	1	0x659c90
cls_0x5b98b8	num	1	0x659c94
cls_0x5b98b8	num	1	0x659c98
cls_0x5b98b8	num	1	0x659c9c
cls_0x5b98b8	num	1	0x659ca0
cls_0x5b98b8	num	1	0x659ca4
cls_0x5b98b8	num	1	0x659ca8
cls_0x5b98b8	num	1	0x659cac
cls_0x5b98b8	num	1	0x659cb0
cls_0x5b98b8	num	1	0x659cb4
cls_0x5b98b8	num	1	0x800
cls_0x5b98b8	num	1	0x80000000
cls_0x5b98b8	num	1	0x80000001
cls_0x5b98b8	num	1	0xa0
cls_0x5b98b8	num	1	0xd8
cls_0x5b98b8	num	1	0xd9
cls_0x5b98b8	num	1	0xfffffea8
cls_0x5b98b8	num	1	0xfffffffb
cls_0x5b98b8	num	1	0xfffffffe
cls_0x5b98b8	num	1	136
cls_0x5b98b8	num	1	140
cls_0x5b98b8	num	1	144
cls_0x5b98b8	num	1	148
cls_0x5b98b8	num	1	152
cls_0x5b98b8	num	1	156
cls_0x5b98b8	num	1	172
cls_0x5b98b8	num	1	184
cls_0x5b98b8	num	1	188
cls_0x5b98b8	num	1	204
cls_0x5b98b8	num	1	260
cls_0x5b98b8	num	1	335
cls_0x5b98b8	num	1	336
cls_0x5b98b8	num	1	340
cls_0x5b98b8	num	1	344
cls_0x5b98b8	num	1	36
cls_0x5b98b8	num	1	375
cls_0x5b98b8	num	1	376
cls_0x5b98b8	num	1	380
cls_0x5b98b8	num	1	384
cls_0x5b98b8	num	1	388
cls_0x5b98b8	num	1	396
cls_0x5b98b8	num	1	404
cls_0x5b98b8	num	1	408
cls_0x5b98b8	num	1	412
cls_0x5b98b8	num	1	416
cls_0x5b98b8	num	1	420
cls_0x5b98b8	num	1	424
cls_0x5b98b8	num	1	428
cls_0x5b98b8	num	1	432
cls_0x5b98b8	num	1	436
cls_0x5b98b8	num	1	44
cls_0x5b98b8	num	1	440
cls_0x5b98b8	num	1	444
cls_0x5b98b8	num	1	448
cls_0x5b98b8	num	1	452
cls_0x5b98b8	num	1	456
cls_0x5b98b8	num	1	460
cls_0x5b98b8	num	1	464
cls_0x5b98b8	num	1	48
cls_0x5b98b8	num	1	492
cls_0x5b98b8	num	1	496
cls_0x5b98b8	num	1	500
cls_0x5b98b8	num	1	504
cls_0x5b98b8	num	1	52
cls_0x5b98b8	num	1	56
cls_0x5b98b8	num	1	60
cls_0x5b98b8	num	1	644
cls_0x5b98b8	num	1	648
cls_0x5b98b8	num	1	652
cls_0x5b98b8	num	1	68
cls_0x5b98b8	num	1	88
cls_0x5b98b8	num	1	92
cls_0x5b98b8	meth	1	meth_0x435040:d(d,d,d,d,d,d,d,d):68
cls_0x5b98b8	meth	1	meth_0x435380:d():163
cls_0x5b98b8	meth	1	meth_0x435660:v():68
cls_0x5b98b8	meth	1	meth_0x435760:d():90
cls_0x5b98b8	meth	1	meth_0x435990:d():97
cls_0x5b98b8	meth	1	meth_0x435ad0:v(d):27
cls_0x5b98b8	meth	1	meth_0x435b20:d():97
cls_0x5b98b8	meth	1	meth_0x435c60:v(d):115
cls_0x5b98b8	meth	1	meth_0x436790:d():17
cls_0x5b98b8	meth	1	meth_0x436890:v():33
cls_0x5b98b8	meth	1	meth_0x436900:d():15
cls_0x5b98b8	meth	1	meth_0x436930:d():23
cls_0x5b98b8	meth	1	meth_0x436980:d():33
cls_0x5b98b8	meth	1	meth_0x4369f0:d():45
cls_0x5b98b8	meth	1	meth_0x436ae0:b():17
cls_0x5b98b8	meth	1	meth_0x437620:d():88
cls_0x5b98b8	meth	1	meth_0x4377c0:d():83
cls_0x5b98b8	meth	1	meth_0x437a50:b():17
cls_0x5b98b8	meth	1	meth_0x437af0:v():39
cls_0x5b98b8	meth	1	meth_0x437b80:v():39
cls_0x5b98b8	meth	1	meth_0x437ca0:v():39
cls_0x5b98b8	meth	1	meth_0x465d50:v():72
cls_0x5b98b8	meth	1	meth_0x465ea0:v():35
cls_0x5b98b8	meth	1	meth_0x465f50:v():131
cls_0x5b98b8	meth	1	meth_0x4661e0:v():168
cls_0x5b98b8	meth	1	meth_0x466480:v():134
cls_0x5b98b8	meth	1	meth_0x4691c0:v():30
cls_0x5b98b8	meth	1	meth_0x469260:v():38
cls_0x5b98b8	meth	1	meth_0x46b910:v():121
cls_0x5b98b8	meth	1	meth_0x53ba80:v(d):210
cls_0x5b98b8	meth	1	meth_0x546de0:v(d,d):53
cls_0x5b98b8	meth	1	meth_0x546f40:v(d,d,d,d):67
cls_0x5b98b8	meth	1	meth_0x547240:d(p,p):157
cls_0x5b9974	sum	1	fields=11 methods=0 lines=168
cls_0x5b9974	api	2	_strncpy
cls_0x5b9974	num	2	112
cls_0x5b9974	num	1	116
cls_0x5b9974	num	1	120
cls_0x5b9974	num	1	124
cls_0x5b9974	num	1	156
cls_0x5b9974	num	1	188
cls_0x5b9974	num	1	192
cls_0x5b9974	num	1	196
cls_0x5b9974	num	1	20
cls_0x5b9974	num	1	200
cls_0x5b9974	num	1	204
cls_0x5b9974	num	1	208
cls_0x5b9974	num	1	212
cls_0x5b9974	num	1	24
cls_0x5b9974	num	1	28
cls_0x5b9974	num	1	36
cls_0x5b9974	num	1	40
cls_0x5b9974	num	1	44
cls_0x5b9974	num	1	48
cls_0x5b9974	num	1	52
cls_0x5b9974	num	1	56
cls_0x5b9974	num	1	60
cls_0x5b9974	num	1	68
cls_0x5b9974	num	1	72
cls_0x5b9974	num	1	76
cls_0x5b99c0	sum	1	fields=12 methods=1 lines=260
cls_0x5b99c0	num	3	200
cls_0x5b99c0	num	2	0x1b4
cls_0x5b99c0	num	1	0x1000
cls_0x5b99c0	num	1	0x11
cls_0x5b99c0	num	1	0x110
cls_0x5b99c0	num	1	0x228
cls_0x5b99c0	num	1	0x2c8
cls_0x5b99c0	num	1	0x3cc
cls_0x5b99c0	num	1	0x3f
cls_0x5b99c0	num	1	0x414
cls_0x5b99c0	num	1	0x54
cls_0x5b99c0	num	1	0x58
cls_0x5b99c0	num	1	0x74
cls_0x5b99c0	num	1	0x8c
cls_0x5b99c0	num	1	0xa4
cls_0x5b99c0	num	1	24
cls_0x5b99c0	num	1	272
cls_0x5b99c0	num	1	280
cls_0x5b99c0	num	1	284
cls_0x5b99c0	num	1	288
cls_0x5b99c0	num	1	292
cls_0x5b99c0	num	1	296
cls_0x5b99c0	num	1	300
cls_0x5b99c0	num	1	304
cls_0x5b99c0	num	1	316
cls_0x5b99c0	num	1	340
cls_0x5b99c0	meth	1	meth_0x53f560:v():130
cls_0x5b99d0	sum	1	fields=1 methods=0 lines=79
cls_0x5b99d0	num	1	00540990
cls_0x5b99d0	num	1	00542170
cls_0x5b99d0	num	1	0x100
cls_0x5b99d0	num	1	0x184
cls_0x5b9bdc	sum	1	fields=15 methods=2 lines=234
cls_0x5b9bdc	num	5	0x32
cls_0x5b9bdc	num	4	0x70
cls_0x5b9bdc	num	1	00542340
cls_0x5b9bdc	num	1	00542430
cls_0x5b9bdc	num	1	00542450
cls_0x5b9bdc	num	1	0x1000
cls_0x5b9bdc	num	1	0x19
cls_0x5b9bdc	num	1	0x1b4
cls_0x5b9bdc	num	1	0x24
cls_0x5b9bdc	num	1	0x2a
cls_0x5b9bdc	num	1	0x36
cls_0x5b9bdc	num	1	0x68
cls_0x5b9bdc	num	1	0x74
cls_0x5b9bdc	num	1	0xa4
cls_0x5b9bdc	num	1	0xac
cls_0x5b9bdc	num	1	0xb8
cls_0x5b9bdc	num	1	0xbc
cls_0x5b9bdc	num	1	0xc0
cls_0x5b9bdc	num	1	20
cls_0x5b9bdc	num	1	200
cls_0x5b9bdc	num	1	272
cls_0x5b9bdc	num	1	276
cls_0x5b9bdc	num	1	284
cls_0x5b9bdc	num	1	288
cls_0x5b9bdc	num	1	292
cls_0x5b9bdc	num	1	296
cls_0x5b9bdc	num	1	300
cls_0x5b9bdc	num	1	304
cls_0x5b9bdc	num	1	316
cls_0x5b9bdc	num	1	332
cls_0x5b9bdc	num	1	336
cls_0x5b9bdc	num	1	340
cls_0x5b9bdc	meth	1	meth_0x53f1f0:d():24
cls_0x5b9bdc	meth	1	meth_0x540bc0:v(p):167
cls_0x5b9bf0	sum	1	fields=2 methods=0 lines=142
cls_0x5b9bf0	num	2	328
cls_0x5b9bf0	num	1	20
cls_0x5b9bf0	num	1	24
cls_0x5b9bf0	num	1	28
cls_0x5b9bf0	num	1	332
cls_0x5b9bf0	num	1	336
cls_0x5b9bf0	num	1	36
cls_0x5b9bf0	num	1	40
cls_0x5b9bf0	num	1	44
cls_0x5b9bf0	num	1	48
cls_0x5b9bf0	num	1	52
cls_0x5b9bf0	num	1	56
cls_0x5b9bf0	num	1	60
cls_0x5b9bf0	num	1	68
cls_0x5b9bf0	num	1	72
cls_0x5b9bf0	num	1	76
cls_0x5b9bf0	num	1	80
cls_0x5b9bf0	num	1	84
cls_0x5b9bf0	num	1	88
cls_0x5b9bf0	num	1	92
cls_0x5b9bf0	num	1	96
cls_0x5b9c54	sum	1	fields=18 methods=0 lines=82
cls_0x5b9c54	num	2	20
cls_0x5b9c54	num	2	24
cls_0x5b9c54	num	2	56
cls_0x5b9c54	num	2	92
cls_0x5b9c54	num	2	96
cls_0x5b9c54	num	1	104
cls_0x5b9c54	num	1	108
cls_0x5b9c54	num	1	112
cls_0x5b9c54	num	1	116
cls_0x5b9c54	num	1	120
cls_0x5b9c54	num	1	156
cls_0x5b9c54	num	1	160
cls_0x5b9c54	num	1	168
cls_0x5b9c54	num	1	28
cls_0x5b9c54	num	1	328
cls_0x5b9c54	num	1	332
cls_0x5b9c54	num	1	36
cls_0x5b9c54	num	1	40
cls_0x5b9c54	num	1	44
cls_0x5b9c54	num	1	48
cls_0x5b9c54	num	1	52
cls_0x5b9c54	num	1	55
cls_0x5b9c54	num	1	60
cls_0x5b9c54	num	1	68
cls_0x5b9c54	num	1	72
cls_0x5b9c54	num	1	76
cls_0x5b9c54	num	1	80
cls_0x5b9c54	num	1	84
cls_0x5b9c54	num	1	87
cls_0x5b9c54	num	1	88
cls_0x5b9ef8	sum	1	fields=0 methods=0 lines=151
cls_0x5b9ef8	api	1	_strncpy
cls_0x5b9ef8	num	2	0x68
cls_0x5b9ef8	num	2	99
cls_0x5b9ef8	num	1	00570110
cls_0x5b9ef8	num	1	00570180
cls_0x5b9ef8	num	1	00570620
cls_0x5b9ef8	num	1	00570790
cls_0x5b9ef8	num	1	0x1450
cls_0x5b9ef8	num	1	0x30
cls_0x5b9ef8	num	1	0x31
cls_0x5b9ef8	num	1	0x32
cls_0x5b9ef8	num	1	0xffffff00
cls_0x5b9ef8	num	1	20
cls_0x5b9ef8	num	1	60
cls_0x5b9ef8	num	1	96
cls_0x5b9f0c	sum	1	fields=16 methods=0 lines=176
cls_0x5b9f0c	api	1	_param_2
cls_0x5b9f0c	num	1	00572610
cls_0x5b9f0c	num	1	0x200
cls_0x5b9f0c	num	1	20
cls_0x5b9f0c	num	1	24
cls_0x5b9f0c	num	1	28
cls_0x5b9f0c	num	1	36
cls_0x5b9f0c	num	1	40
cls_0x5b9f0c	num	1	44
cls_0x5b9f0c	num	1	48
cls_0x5b9f0c	num	1	5000
cls_0x5b9f0c	num	1	52
cls_0x5b9f0c	num	1	56
cls_0x5b9f0c	num	1	60
cls_0x5b9f0c	num	1	68
cls_0x5b9f28	sum	1	fields=4 methods=3 lines=381
cls_0x5b9f28	api	6	_param_2
cls_0x5b9f28	api	3	PLONG
cls_0x5b9f28	api	1	CreateFileA
cls_0x5b9f28	num	8	0x1c
cls_0x5b9f28	num	2	68
cls_0x5b9f28	num	1	00573190
cls_0x5b9f28	num	1	0x100
cls_0x5b9f28	num	1	0x1f
cls_0x5b9f28	num	1	0x50
cls_0x5b9f28	num	1	0x600
cls_0x5b9f28	num	1	0x80000000
cls_0x5b9f28	num	1	0xc4
cls_0x5b9f28	num	1	0xcc
cls_0x5b9f28	num	1	28
cls_0x5b9f28	num	1	52
cls_0x5b9f28	num	1	72
cls_0x5b9f28	num	1	76
cls_0x5b9f28	num	1	80
cls_0x5b9f28	num	1	84
cls_0x5b9f28	meth	1	meth_0x5726f0:d(?,d):166
cls_0x5b9f28	meth	1	meth_0x573190:d():43
cls_0x5b9f28	meth	1	meth_0x579ce0:d(p,d,d,p,d):142
cls_0x5b9f34	sum	1	fields=3 methods=1 lines=323
cls_0x5b9f34	str	1	1d_1d_4d
cls_0x5b9f34	str	1	1d_1d_4d_s
cls_0x5b9f34	api	1	CHAR
cls_0x5b9f34	api	1	CreateFileA
cls_0x5b9f34	num	2	68
cls_0x5b9f34	num	1	00573210
cls_0x5b9f34	num	1	0x18
cls_0x5b9f34	num	1	0x40000000
cls_0x5b9f34	num	1	63
cls_0x5b9f34	num	1	72
cls_0x5b9f34	num	1	76
cls_0x5b9f34	num	1	80
cls_0x5b9f34	meth	1	meth_0x572f20:v():223
cls_0x5b9f40	sum	1	fields=1 methods=0 lines=44
cls_0x5b9f40	num	1	20
cls_0x5b9f40	num	1	40
cls_0x5b9f40	num	1	44
cls_0x5b9f54	sum	1	fields=7 methods=0 lines=139
cls_0x5b9f54	num	1	00573430
cls_0x5b9f54	num	1	0x2c
cls_0x5b9f54	num	1	20
cls_0x5b9f54	num	1	24
cls_0x5b9f54	num	1	28
cls_0x5b9f58	sum	1	fields=3 methods=0 lines=85
cls_0x5b9f58	api	3	LONG
cls_0x5b9f88	sum	1	fields=14 methods=0 lines=229
cls_0x5b9f88	api	3	HGLOBAL
cls_0x5b9f88	num	2	20
cls_0x5b9f88	num	2	24
cls_0x5b9f88	num	2	28
cls_0x5b9f88	num	2	36
cls_0x5b9f88	num	1	00574020
cls_0x5b9f88	num	1	0x1f
cls_0x5b9f88	num	1	0xfffffffd
cls_0x5b9f88	num	1	40
cls_0x5b9f88	num	1	44
cls_0x5b9f88	num	1	48
cls_0x5b9f88	num	1	52
cls_0x5b9f88	num	1	56
cls_0x5b9f88	num	1	60
cls_0x5b9fac	sum	1	fields=29 methods=0 lines=448
cls_0x5b9fac	num	6	0x14
cls_0x5b9fac	num	5	0x158
cls_0x5b9fac	num	3	0x1f0
cls_0x5b9fac	num	2	0xffffffec
cls_0x5b9fac	num	2	20
cls_0x5b9fac	num	1	0x194
cls_0x5b9fac	num	1	0x40000000
cls_0x5b9fac	num	1	0x48001
cls_0x5b9fac	num	1	0xb48
cls_0x5b9fac	num	1	0xfffffffb
cls_0x5b9fac	num	1	1488
cls_0x5b9fac	num	1	156
cls_0x5b9fac	num	1	1688
cls_0x5b9fac	num	1	172
cls_0x5b9fac	num	1	1888
cls_0x5b9fac	num	1	2088
cls_0x5b9fac	num	1	2288
cls_0x5b9fac	num	1	236
cls_0x5b9fac	num	1	24
cls_0x5b9fac	num	1	2488
cls_0x5b9fac	num	1	2492
cls_0x5b9fac	num	1	252
cls_0x5b9fac	num	1	260
cls_0x5b9fac	num	1	264
cls_0x5b9fac	num	1	268
cls_0x5b9fac	num	1	272
cls_0x5b9fac	num	1	276
cls_0x5b9fac	num	1	28
cls_0x5b9fac	num	1	280
cls_0x5b9fac	num	1	284
cls_0x5b9fac	num	1	288
cls_0x5b9fac	num	1	292
cls_0x5b9fac	num	1	296
cls_0x5b9fac	num	1	372
cls_0x5b9fac	num	1	452
cls_0x5b9fac	num	1	492
cls_0x5b9fac	num	1	60
cls_0x5b9fcc	sum	1	fields=18 methods=0 lines=259
cls_0x5b9fcc	api	3	HGLOBAL
cls_0x5b9fcc	num	2	20
cls_0x5b9fcc	num	2	24
cls_0x5b9fcc	num	2	28
cls_0x5b9fcc	num	2	36
cls_0x5b9fcc	num	1	00574460
cls_0x5b9fcc	num	1	40
cls_0x5b9fcc	num	1	44
cls_0x5b9fcc	num	1	48
cls_0x5b9fcc	num	1	52
cls_0x5b9fcc	num	1	56
cls_0x5b9fcc	num	1	60
cls_0x5b9fcc	num	1	68
cls_0x5b9fcc	num	1	72
cls_0x5b9fcc	num	1	76
cls_0x5b9ff0	sum	1	fields=19 methods=0 lines=215
cls_0x5b9ff0	api	3	HGLOBAL
cls_0x5b9ff0	num	2	20
cls_0x5b9ff0	num	2	24
cls_0x5b9ff0	num	2	28
cls_0x5b9ff0	num	2	36
cls_0x5b9ff0	num	1	00574890
cls_0x5b9ff0	num	1	0x4b00
cls_0x5b9ff0	num	1	40
cls_0x5b9ff0	num	1	44
cls_0x5b9ff0	num	1	48
cls_0x5b9ff0	num	1	52
cls_0x5b9ff0	num	1	56
cls_0x5b9ff0	num	1	60
cls_0x5b9ff0	num	1	68
cls_0x5b9ff0	num	1	72
cls_0x5b9ff0	num	1	76
cls_0x5b9ff0	num	1	80
cls_0x5ba014	sum	1	fields=20 methods=0 lines=450
cls_0x5ba014	str	2	modem
cls_0x5ba014	str	1	phone
cls_0x5ba014	api	9	HGLOBAL
cls_0x5ba014	num	2	20
cls_0x5ba014	num	2	24
cls_0x5ba014	num	2	28
cls_0x5ba014	num	2	36
cls_0x5ba014	num	1	00575000
cls_0x5ba014	num	1	00575100
cls_0x5ba014	num	1	40
cls_0x5ba014	num	1	44
cls_0x5ba014	num	1	48
cls_0x5ba014	num	1	52
cls_0x5ba014	num	1	56
cls_0x5ba014	num	1	60
cls_0x5ba014	num	1	68
cls_0x5ba014	num	1	72
cls_0x5ba014	num	1	76
cls_0x5ba014	num	1	80
cls_0x5ba014	num	1	84
cls_0x5ba038	sum	1	fields=0 methods=2 lines=109
cls_0x5ba038	api	1	CreateEventA
cls_0x5ba038	num	2	60
cls_0x5ba038	num	1	20
cls_0x5ba038	meth	1	meth_0x57c8f0:v():11
cls_0x5ba038	meth	1	meth_0x57c900:v():11
cls_0x5ba04c	sum	1	fields=0 methods=0 lines=43
cls_0x5ba04c	num	1	20
cls_0x5ba060	sum	1	fields=0 methods=0 lines=44
cls_0x5ba060	num	1	20
cls_0x5ba074	sum	1	fields=0 methods=0 lines=43
cls_0x5ba074	num	1	20
cls_0x5ba088	sum	1	fields=0 methods=0 lines=126
cls_0x5ba088	num	2	0x600
cls_0x5ba088	num	2	0xc4
cls_0x5ba088	num	1	00579530
cls_0x5ba088	num	1	0x579607
cls_0x5ba088	num	1	0x7fffbfff
cls_0x5ba088	num	1	20
cls_0x5ba09c	sum	1	fields=0 methods=0 lines=24
cls_0x5ba0a0	sum	1	fields=0 methods=0 lines=306
cls_0x5ba0a0	api	1	CreateMutexA
cls_0x5ba0a0	num	1	20
cls_0x5ba0a0	num	1	56
cls_0x5ba0a0	num	1	60
cls_0x5ba0b4	sum	1	fields=24 methods=8 lines=1109
cls_0x5ba0b4	str	1	NetObjectManager__Sent_Player_no
cls_0x5ba0b4	str	1	bowrun
cls_0x5ba0b4	str	1	combat
cls_0x5ba0b4	str	1	combatrun
cls_0x5ba0b4	str	1	handrun
cls_0x5ba0b4	str	1	sneak
cls_0x5ba0b4	api	23	_param_1
cls_0x5ba0b4	api	6	_param_2
cls_0x5ba0b4	num	4	0x18
cls_0x5ba0b4	num	4	0x184
cls_0x5ba0b4	num	4	0x19
cls_0x5ba0b4	num	4	0x36
cls_0x5ba0b4	num	3	0x180
cls_0x5ba0b4	num	3	0x2a0
cls_0x5ba0b4	num	2	0x14
cls_0x5ba0b4	num	2	0x1a
cls_0x5ba0b4	num	2	0x2c
cls_0x5ba0b4	num	2	0xb0
cls_0x5ba0b4	num	2	60
cls_0x5ba0b4	num	1	0x100
cls_0x5ba0b4	num	1	0x114
cls_0x5ba0b4	num	1	0x13
cls_0x5ba0b4	num	1	0x134
cls_0x5ba0b4	num	1	0x178
cls_0x5ba0b4	num	1	0x1c
cls_0x5ba0b4	num	1	0x200
cls_0x5ba0b4	num	1	0x28
cls_0x5ba0b4	num	1	0x36c
cls_0x5ba0b4	num	1	0x44
cls_0x5ba0b4	num	1	0x4c
cls_0x5ba0b4	num	1	0x60
cls_0x5ba0b4	num	1	0xfe
cls_0x5ba0b4	num	1	0xfffffffe
cls_0x5ba0b4	num	1	113
cls_0x5ba0b4	num	1	116
cls_0x5ba0b4	num	1	120
cls_0x5ba0b4	num	1	124
cls_0x5ba0b4	num	1	132
cls_0x5ba0b4	num	1	136
cls_0x5ba0b4	num	1	140
cls_0x5ba0b4	num	1	144
cls_0x5ba0b4	num	1	148
cls_0x5ba0b4	num	1	152
cls_0x5ba0b4	num	1	156
cls_0x5ba0b4	num	1	160
cls_0x5ba0b4	num	1	164
cls_0x5ba0b4	num	1	168
cls_0x5ba0b4	num	1	20
cls_0x5ba0b4	num	1	68
cls_0x5ba0b4	num	1	72
cls_0x5ba0b4	num	1	76
cls_0x5ba0b4	num	1	80
cls_0x5ba0b4	num	1	84
cls_0x5ba0b4	num	1	85
cls_0x5ba0b4	num	1	92
cls_0x5ba0b4	num	1	96
cls_0x5ba0b4	meth	1	meth_0x57cc90:v(p,d):302
cls_0x5ba0b4	meth	1	meth_0x57df80:v():163
cls_0x5ba0b4	meth	1	meth_0x57e2e0:d(d):90
cls_0x5ba0b4	meth	1	meth_0x57e490:v(d):42
cls_0x5ba0b4	meth	1	meth_0x57e5a0:v():127
cls_0x5ba0b4	meth	1	meth_0x57e990:p(d):97
cls_0x5ba0b4	meth	1	meth_0x57ebb0:p(d):75
cls_0x5ba0b4	meth	1	meth_0x57ed50:d(p,d):161
cls_0x5da790	sum	1	fields=0 methods=0 lines=23
cls_0x5e54a4	sum	1	fields=0 methods=0 lines=23
